drop database if exists snet1509new;
create database snet1509new;
use snet1509new;
DROP TABLE IF EXISTS users;
CREATE TABLE users(
id serial primary key,
name varchar(50),
surname varchar(50),
email varchar(120) unique,
phone bigint,
gender char(1),
birthday date,
hometown varchar(50),
photo_id bigint unsigned,
pass char(50),
created_at datetime default current_timestamp
);

DROP TABLE IF EXISTS messages;
CREATE TABLE messages(
id serial primary key,
from_user_id bigint unsigned not null,
to_user_id bigint unsigned not null,
body text,
is_read bool default 0,
created_at datetime default current_timestamp,
foreign key (from_user_id) references users (id),
foreign key (to_user_id) references users (id)
);

DROP TABLE IF EXISTS friend_requests;
CREATE TABLE friend_requests(
initiator_user_id bigint unsigned not null, 
target_user_id bigint unsigned not null,
status enum('requested', 'approved', 'unfriended', 'declined') default 'requested',
requested_at datetime default now(),
confirmde_at datetime default current_timestamp on update current_timestamp,
primary key(initiator_user_id, target_user_id),
foreign key (initiator_user_id) references users (id),
foreign key (target_user_id) references users (id));

ALTER TABLE friend_requests add index(initiator_user_id);

DROP TABLE IF EXISTS communities;
CREATE TABLE communities(id serial primary key, name varchar(50), index communities_name_idx (name));

DROP TABLE IF EXISTS user_communities;
CREATE TABLE user_communities(
user_id bigint unsigned not null,
community_id bigint unsigned not null,
is_admin bool default 0,
primary key(user_id, community_id),
foreign key (user_id) references users (id),
foreign key (community_id) references communities (id)
);

DROP TABLE IF EXISTS posts;
CREATE TABLE posts (
id serial primary key,
user_id bigint unsigned not null,
body text,
metadata json,
created_at datetime default current_timestamp,
updateted_at datetime default current_timestamp on update current_timestamp,
foreign key (user_id) references users (id)
);

DROP TABLE IF EXISTS photos;
CREATE TABLE photos (
id serial primary key,
user_id bigint unsigned not null,
description text,
filename varchar(50),
foreign key (user_id) references users (id)
);


DROP TABLE IF EXISTS likes;
CREATE TABLE likes (
initiator_user_id bigint unsigned not null, 
target_user_id bigint unsigned not null,
photo_id bigint unsigned not null,
post_id bigint unsigned not null,
foreign key (photo_id) references photos (id),
foreign key (post_id) references posts (id)
);


-- users data

INSERT INTO `users` (`id`, `name`, `surname`, `email`, `phone`, `gender`, `birthday`, `hometown`, `photo_id`, `pass`, `created_at`) VALUES ('1', 'Mae', 'McDermott', 'antwan95@example.net', '862', 'm', '1985-04-02', 'Ahmadstad', '1374', '1146809655061', '2007-09-10 21:44:17');
INSERT INTO `users` (`id`, `name`, `surname`, `email`, `phone`, `gender`, `birthday`, `hometown`, `photo_id`, `pass`, `created_at`) VALUES ('2', 'Zachariah', 'Howell', 'jake.moore@example.com', '956', 'f', '1988-10-11', 'North Zachariah', '9810523', '6016617273052', '1977-08-01 15:18:37');
INSERT INTO `users` (`id`, `name`, `surname`, `email`, `phone`, `gender`, `birthday`, `hometown`, `photo_id`, `pass`, `created_at`) VALUES ('3', 'Lucius', 'White', 'herbert09@example.net', '0', 'f', '1971-05-25', 'Rubieville', '0', '7089906337307', '2004-04-27 04:58:35');
INSERT INTO `users` (`id`, `name`, `surname`, `email`, `phone`, `gender`, `birthday`, `hometown`, `photo_id`, `pass`, `created_at`) VALUES ('4', 'Nella', 'Feil', 'ali20@example.com', '214359', 'f', '1985-07-24', 'Port Maribel', '90863', '3616416841105', '2000-08-30 11:53:31');
INSERT INTO `users` (`id`, `name`, `surname`, `email`, `phone`, `gender`, `birthday`, `hometown`, `photo_id`, `pass`, `created_at`) VALUES ('5', 'Nannie', 'Berge', 'powlowski.sage@example.org', '92256', 'f', '1973-06-07', 'Hilllfurt', '185918', '8236640424049', '1970-04-30 01:46:34');
INSERT INTO `users` (`id`, `name`, `surname`, `email`, `phone`, `gender`, `birthday`, `hometown`, `photo_id`, `pass`, `created_at`) VALUES ('6', 'Riley', 'Kohler', 'heath55@example.org', '7593252075', 'f', '1999-04-24', 'Reichelport', '87156', '2427837730517', '2009-08-03 20:36:23');
INSERT INTO `users` (`id`, `name`, `surname`, `email`, `phone`, `gender`, `birthday`, `hometown`, `photo_id`, `pass`, `created_at`) VALUES ('7', 'Deon', 'Hessel', 'o\'reilly.forrest@example.org', '30', 'f', '1980-07-26', 'Ortizport', '4', '4677275404671', '2016-03-08 03:46:42');
INSERT INTO `users` (`id`, `name`, `surname`, `email`, `phone`, `gender`, `birthday`, `hometown`, `photo_id`, `pass`, `created_at`) VALUES ('8', 'Felix', 'Cartwright', 'bode.fredrick@example.org', '0', 'm', '2002-03-27', 'Lake Jailynside', '434', '3116240748903', '2000-01-08 03:41:12');
INSERT INTO `users` (`id`, `name`, `surname`, `email`, `phone`, `gender`, `birthday`, `hometown`, `photo_id`, `pass`, `created_at`) VALUES ('9', 'Kelsie', 'Green', 'aric43@example.net', '533', 'm', '2014-10-24', 'North Skyla', '784457', '0804948700103', '2015-06-18 12:19:07');
INSERT INTO `users` (`id`, `name`, `surname`, `email`, `phone`, `gender`, `birthday`, `hometown`, `photo_id`, `pass`, `created_at`) VALUES ('10', 'Randal', 'Willms', 'wilkinson.giovanna@example.net', '0', 'm', '1971-09-18', 'Jaynechester', '396', '2738923081025', '2016-05-16 05:44:35');
INSERT INTO `users` (`id`, `name`, `surname`, `email`, `phone`, `gender`, `birthday`, `hometown`, `photo_id`, `pass`, `created_at`) VALUES ('11', 'Bret', 'Gutmann', 'hermiston.pearline@example.org', '0', 'f', '1982-05-06', 'Terenceton', '4836009', '1226544327017', '2002-01-05 09:05:56');
INSERT INTO `users` (`id`, `name`, `surname`, `email`, `phone`, `gender`, `birthday`, `hometown`, `photo_id`, `pass`, `created_at`) VALUES ('12', 'Jed', 'Kohler', 'hegmann.axel@example.net', '0', 'm', '2011-07-11', 'Kozeybury', '6279', '4365468133155', '2000-02-06 04:26:42');
INSERT INTO `users` (`id`, `name`, `surname`, `email`, `phone`, `gender`, `birthday`, `hometown`, `photo_id`, `pass`, `created_at`) VALUES ('13', 'Abigayle', 'Bahringer', 'roxane.brown@example.net', '120', 'f', '1985-02-18', 'Imaniborough', '1', '8234825311931', '1979-07-24 00:01:57');
INSERT INTO `users` (`id`, `name`, `surname`, `email`, `phone`, `gender`, `birthday`, `hometown`, `photo_id`, `pass`, `created_at`) VALUES ('14', 'Willy', 'Rodriguez', 'claud.gaylord@example.com', '0', 'f', '2003-06-25', 'Margueriteborough', '7167608', '4144093804964', '2005-03-02 02:54:59');
INSERT INTO `users` (`id`, `name`, `surname`, `email`, `phone`, `gender`, `birthday`, `hometown`, `photo_id`, `pass`, `created_at`) VALUES ('15', 'Jazmyne', 'Metz', 'katherine.heller@example.net', '73', 'f', '1992-02-25', 'Lake Rafaelville', '0', '0896283532334', '1997-09-25 03:02:00');
INSERT INTO `users` (`id`, `name`, `surname`, `email`, `phone`, `gender`, `birthday`, `hometown`, `photo_id`, `pass`, `created_at`) VALUES ('16', 'Robbie', 'Prosacco', 'bartell.hilbert@example.com', '1', 'm', '1972-02-26', 'Traceyfort', '84558', '0960969188525', '1996-05-17 00:32:21');
INSERT INTO `users` (`id`, `name`, `surname`, `email`, `phone`, `gender`, `birthday`, `hometown`, `photo_id`, `pass`, `created_at`) VALUES ('17', 'Benjamin', 'Pollich', 'brianne37@example.com', '98', 'f', '2005-07-11', 'East Nameton', '5', '8432300217079', '1994-04-21 07:36:17');
INSERT INTO `users` (`id`, `name`, `surname`, `email`, `phone`, `gender`, `birthday`, `hometown`, `photo_id`, `pass`, `created_at`) VALUES ('18', 'Kenyatta', 'Steuber', 'valentin12@example.net', '300254', 'f', '1984-04-10', 'Lake Kacifort', '8', '6837105142014', '1988-03-31 15:09:49');
INSERT INTO `users` (`id`, `name`, `surname`, `email`, `phone`, `gender`, `birthday`, `hometown`, `photo_id`, `pass`, `created_at`) VALUES ('19', 'Lizzie', 'Greenfelder', 'dwelch@example.com', '951', 'm', '2013-05-18', 'Majorhaven', '9620863', '1356960582391', '1989-04-28 05:15:28');
INSERT INTO `users` (`id`, `name`, `surname`, `email`, `phone`, `gender`, `birthday`, `hometown`, `photo_id`, `pass`, `created_at`) VALUES ('20', 'Brooklyn', 'Hegmann', 'karianne.funk@example.com', '1', 'm', '1998-02-27', 'South Reese', '4', '8724920261281', '2000-02-26 13:27:00');
INSERT INTO `users` (`id`, `name`, `surname`, `email`, `phone`, `gender`, `birthday`, `hometown`, `photo_id`, `pass`, `created_at`) VALUES ('21', 'Layla', 'Gleichner', 'miller.claudie@example.net', '1', 'f', '2007-08-29', 'Lake Eveline', '39', '2273185414599', '1971-10-15 03:05:12');
INSERT INTO `users` (`id`, `name`, `surname`, `email`, `phone`, `gender`, `birthday`, `hometown`, `photo_id`, `pass`, `created_at`) VALUES ('22', 'Idell', 'Kreiger', 'dcarter@example.com', '0', 'f', '1971-03-06', 'Lake Shanelview', '4607', '9547657405495', '2005-08-07 00:55:39');
INSERT INTO `users` (`id`, `name`, `surname`, `email`, `phone`, `gender`, `birthday`, `hometown`, `photo_id`, `pass`, `created_at`) VALUES ('23', 'Lilyan', 'Quigley', 'abdul46@example.org', '398191', 'f', '1988-09-12', 'Port Trey', '8914815', '9135431107408', '1994-02-28 01:54:44');
INSERT INTO `users` (`id`, `name`, `surname`, `email`, `phone`, `gender`, `birthday`, `hometown`, `photo_id`, `pass`, `created_at`) VALUES ('24', 'Lillie', 'Huels', 'doyle.evangeline@example.org', '1', 'm', '1984-02-25', 'West Allan', '717', '2278279181142', '1983-02-15 00:10:49');
INSERT INTO `users` (`id`, `name`, `surname`, `email`, `phone`, `gender`, `birthday`, `hometown`, `photo_id`, `pass`, `created_at`) VALUES ('25', 'Name', 'Marvin', 'parker.noemi@example.com', '1', 'm', '2015-01-22', 'North Margarett', '99098', '4985180199491', '1997-03-04 14:01:41');
INSERT INTO `users` (`id`, `name`, `surname`, `email`, `phone`, `gender`, `birthday`, `hometown`, `photo_id`, `pass`, `created_at`) VALUES ('26', 'Chesley', 'Grant', 'megane06@example.org', '0', 'f', '1996-07-01', 'Mitchellland', '408271', '4323160907207', '1986-09-07 03:01:18');
INSERT INTO `users` (`id`, `name`, `surname`, `email`, `phone`, `gender`, `birthday`, `hometown`, `photo_id`, `pass`, `created_at`) VALUES ('27', 'Albertha', 'Stehr', 'hollie95@example.com', '957', 'm', '1995-04-25', 'Schinnershire', '293548', '2220515737774', '1976-09-16 15:55:45');
INSERT INTO `users` (`id`, `name`, `surname`, `email`, `phone`, `gender`, `birthday`, `hometown`, `photo_id`, `pass`, `created_at`) VALUES ('28', 'Ruby', 'Hermiston', 'vbode@example.org', '3649492233', 'm', '1990-05-14', 'Lake Adolfo', '61709357', '5343221413798', '1985-03-24 22:06:15');
INSERT INTO `users` (`id`, `name`, `surname`, `email`, `phone`, `gender`, `birthday`, `hometown`, `photo_id`, `pass`, `created_at`) VALUES ('29', 'Percy', 'Russel', 'mkuhn@example.org', '1', 'f', '2017-04-08', 'Baumbachtown', '88', '0659137613708', '2003-06-08 05:21:54');
INSERT INTO `users` (`id`, `name`, `surname`, `email`, `phone`, `gender`, `birthday`, `hometown`, `photo_id`, `pass`, `created_at`) VALUES ('30', 'Krystal', 'Barton', 'zbailey@example.com', '0', 'f', '1990-02-21', 'Arvelton', '358', '2112024445939', '1978-12-30 23:46:02');
INSERT INTO `users` (`id`, `name`, `surname`, `email`, `phone`, `gender`, `birthday`, `hometown`, `photo_id`, `pass`, `created_at`) VALUES ('31', 'Waylon', 'Schmidt', 'zbeatty@example.net', '0', 'f', '2014-11-02', 'Welchstad', '8621', '6774359211250', '2008-06-11 18:49:38');
INSERT INTO `users` (`id`, `name`, `surname`, `email`, `phone`, `gender`, `birthday`, `hometown`, `photo_id`, `pass`, `created_at`) VALUES ('32', 'Gordon', 'Wisozk', 'angelita59@example.net', '1', 'f', '2016-04-21', 'New Elijah', '204802254', '3103278753535', '1981-07-12 16:30:24');
INSERT INTO `users` (`id`, `name`, `surname`, `email`, `phone`, `gender`, `birthday`, `hometown`, `photo_id`, `pass`, `created_at`) VALUES ('33', 'Myrtis', 'Dibbert', 'reichert.rozella@example.org', '1', 'm', '2019-10-22', 'Rowemouth', '7162795', '6103404469597', '2007-05-14 05:26:30');
INSERT INTO `users` (`id`, `name`, `surname`, `email`, `phone`, `gender`, `birthday`, `hometown`, `photo_id`, `pass`, `created_at`) VALUES ('34', 'Eric', 'Jacobson', 'mohamed.lakin@example.org', '585040', 'f', '2018-07-09', 'Port Donna', '53183763', '6199026424755', '2013-10-12 16:33:55');
INSERT INTO `users` (`id`, `name`, `surname`, `email`, `phone`, `gender`, `birthday`, `hometown`, `photo_id`, `pass`, `created_at`) VALUES ('35', 'Viva', 'Cassin', 'herzog.brett@example.com', '241', 'm', '2016-11-21', 'Boscoburgh', '987', '9143870647805', '1980-12-02 08:50:12');
INSERT INTO `users` (`id`, `name`, `surname`, `email`, `phone`, `gender`, `birthday`, `hometown`, `photo_id`, `pass`, `created_at`) VALUES ('36', 'Araceli', 'Hermann', 'thaddeus67@example.org', '0', 'f', '1982-08-25', 'Juanitaville', '0', '6345098958807', '1986-01-16 22:29:35');
INSERT INTO `users` (`id`, `name`, `surname`, `email`, `phone`, `gender`, `birthday`, `hometown`, `photo_id`, `pass`, `created_at`) VALUES ('37', 'Felix', 'Cormier', 'hodkiewicz.savannah@example.com', '56', 'm', '1970-05-02', 'North Madelinebury', '5128798', '7145205223762', '2019-01-07 07:05:27');
INSERT INTO `users` (`id`, `name`, `surname`, `email`, `phone`, `gender`, `birthday`, `hometown`, `photo_id`, `pass`, `created_at`) VALUES ('38', 'Orion', 'McClure', 'tressie58@example.org', '1', 'f', '2016-04-05', 'Lake Trishahaven', '4', '4911927758461', '2009-05-18 02:23:31');
INSERT INTO `users` (`id`, `name`, `surname`, `email`, `phone`, `gender`, `birthday`, `hometown`, `photo_id`, `pass`, `created_at`) VALUES ('39', 'Rhiannon', 'Lowe', 'ena.wintheiser@example.net', '99', 'f', '2005-06-14', 'North Wilberchester', '9750', '6388488199022', '2008-03-31 22:34:13');
INSERT INTO `users` (`id`, `name`, `surname`, `email`, `phone`, `gender`, `birthday`, `hometown`, `photo_id`, `pass`, `created_at`) VALUES ('40', 'Aaron', 'Jacobi', 'tturner@example.com', '0', 'f', '1990-06-17', 'Lessiebury', '609', '9998456098065', '2013-10-04 15:09:57');
INSERT INTO `users` (`id`, `name`, `surname`, `email`, `phone`, `gender`, `birthday`, `hometown`, `photo_id`, `pass`, `created_at`) VALUES ('41', 'Guillermo', 'Fahey', 'hoeger.lucius@example.net', '1760313445', 'f', '1992-09-19', 'Beattyfort', '0', '6573861068006', '1972-08-14 01:43:33');
INSERT INTO `users` (`id`, `name`, `surname`, `email`, `phone`, `gender`, `birthday`, `hometown`, `photo_id`, `pass`, `created_at`) VALUES ('42', 'Blaise', 'McDermott', 'reichert.maxine@example.org', '825', 'm', '2015-08-03', 'Lake Caterina', '1996', '7107259934124', '2013-05-04 15:44:07');
INSERT INTO `users` (`id`, `name`, `surname`, `email`, `phone`, `gender`, `birthday`, `hometown`, `photo_id`, `pass`, `created_at`) VALUES ('43', 'Everett', 'Rempel', 'twill@example.net', '113054', 'm', '1988-12-09', 'Sawaynland', '8', '9398188907077', '1992-09-19 13:15:52');
INSERT INTO `users` (`id`, `name`, `surname`, `email`, `phone`, `gender`, `birthday`, `hometown`, `photo_id`, `pass`, `created_at`) VALUES ('44', 'Walker', 'Mraz', 'clubowitz@example.com', '503792', 'f', '2005-03-06', 'Ariannamouth', '563659407', '4242313396777', '1995-03-25 13:30:05');
INSERT INTO `users` (`id`, `name`, `surname`, `email`, `phone`, `gender`, `birthday`, `hometown`, `photo_id`, `pass`, `created_at`) VALUES ('45', 'Sandy', 'Cruickshank', 'claire02@example.net', '66', 'm', '2001-04-03', 'Rauborough', '0', '4227631526150', '2014-12-12 00:28:04');
INSERT INTO `users` (`id`, `name`, `surname`, `email`, `phone`, `gender`, `birthday`, `hometown`, `photo_id`, `pass`, `created_at`) VALUES ('46', 'David', 'Bednar', 'glenda.cronin@example.com', '13', 'm', '2011-09-11', 'Lourdesborough', '425391', '2122725355147', '1988-05-15 13:48:52');
INSERT INTO `users` (`id`, `name`, `surname`, `email`, `phone`, `gender`, `birthday`, `hometown`, `photo_id`, `pass`, `created_at`) VALUES ('47', 'Kole', 'Ward', 'zabernathy@example.com', '94244', 'm', '1971-04-06', 'Henriport', '34', '0390549507468', '2017-07-20 04:02:14');
INSERT INTO `users` (`id`, `name`, `surname`, `email`, `phone`, `gender`, `birthday`, `hometown`, `photo_id`, `pass`, `created_at`) VALUES ('48', 'Eryn', 'Kreiger', 'rashad.haag@example.org', '113', 'm', '1983-04-20', 'Port Evelineton', '2554497', '8878788285290', '1978-01-19 17:18:37');
INSERT INTO `users` (`id`, `name`, `surname`, `email`, `phone`, `gender`, `birthday`, `hometown`, `photo_id`, `pass`, `created_at`) VALUES ('49', 'Emie', 'Hermann', 'colby14@example.com', '961', 'f', '2006-12-26', 'West Gabriella', '245', '8129900841000', '1970-12-09 10:59:00');
INSERT INTO `users` (`id`, `name`, `surname`, `email`, `phone`, `gender`, `birthday`, `hometown`, `photo_id`, `pass`, `created_at`) VALUES ('50', 'Freeda', 'Dibbert', 'zjaskolski@example.net', '1', 'f', '2014-02-02', 'Port Astridville', '800', '1904291744768', '2016-06-08 11:22:40');
INSERT INTO `users` (`id`, `name`, `surname`, `email`, `phone`, `gender`, `birthday`, `hometown`, `photo_id`, `pass`, `created_at`) VALUES ('51', 'Marianna', 'Towne', 'gregory.harris@example.net', '0', 'f', '1979-04-10', 'Dorthaburgh', '522', '6661352098059', '1972-12-07 06:14:30');
INSERT INTO `users` (`id`, `name`, `surname`, `email`, `phone`, `gender`, `birthday`, `hometown`, `photo_id`, `pass`, `created_at`) VALUES ('52', 'Keira', 'Heidenreich', 'myrna.johnson@example.net', '200106202', 'm', '1985-06-06', 'East Arielport', '271', '5005795051065', '1986-12-20 16:51:41');
INSERT INTO `users` (`id`, `name`, `surname`, `email`, `phone`, `gender`, `birthday`, `hometown`, `photo_id`, `pass`, `created_at`) VALUES ('53', 'Haylie', 'Veum', 'wyman.bashirian@example.com', '1', 'f', '2004-10-07', 'Osinskimouth', '8557289', '7543807469685', '2004-07-22 12:15:57');
INSERT INTO `users` (`id`, `name`, `surname`, `email`, `phone`, `gender`, `birthday`, `hometown`, `photo_id`, `pass`, `created_at`) VALUES ('54', 'Oscar', 'Mann', 'epollich@example.com', '8879084570', 'f', '2017-04-14', 'O\'Keefeside', '545571', '1236372935957', '2012-09-28 15:51:39');
INSERT INTO `users` (`id`, `name`, `surname`, `email`, `phone`, `gender`, `birthday`, `hometown`, `photo_id`, `pass`, `created_at`) VALUES ('55', 'Liana', 'Doyle', 'maggio.annie@example.net', '1', 'm', '1997-06-28', 'Tristianfurt', '724927434', '0649458245474', '2017-02-23 07:23:21');
INSERT INTO `users` (`id`, `name`, `surname`, `email`, `phone`, `gender`, `birthday`, `hometown`, `photo_id`, `pass`, `created_at`) VALUES ('56', 'Mabel', 'Cronin', 'mann.gene@example.net', '241409445', 'f', '1998-03-16', 'North Tadside', '61', '3539654912669', '2011-07-18 10:44:37');
INSERT INTO `users` (`id`, `name`, `surname`, `email`, `phone`, `gender`, `birthday`, `hometown`, `photo_id`, `pass`, `created_at`) VALUES ('57', 'Ali', 'Upton', 'oschuppe@example.org', '1', 'm', '2002-10-03', 'Raheemmouth', '7', '0000103604242', '2015-04-18 14:39:52');
INSERT INTO `users` (`id`, `name`, `surname`, `email`, `phone`, `gender`, `birthday`, `hometown`, `photo_id`, `pass`, `created_at`) VALUES ('58', 'Jaylan', 'Klein', 'norberto.hartmann@example.org', '23', 'm', '1983-07-17', 'Gabriellahaven', '43', '0696262071324', '1992-08-19 05:44:17');
INSERT INTO `users` (`id`, `name`, `surname`, `email`, `phone`, `gender`, `birthday`, `hometown`, `photo_id`, `pass`, `created_at`) VALUES ('59', 'Lola', 'Wyman', 'rankunding@example.net', '1132446791', 'f', '1996-11-12', 'East Meredith', '71096', '9546441997970', '2013-12-31 07:15:56');
INSERT INTO `users` (`id`, `name`, `surname`, `email`, `phone`, `gender`, `birthday`, `hometown`, `photo_id`, `pass`, `created_at`) VALUES ('60', 'Akeem', 'Tillman', 'kameron.okuneva@example.net', '668904', 'm', '1971-07-20', 'Port Kristopherstad', '3390', '2815677041427', '2011-10-03 21:41:59');
INSERT INTO `users` (`id`, `name`, `surname`, `email`, `phone`, `gender`, `birthday`, `hometown`, `photo_id`, `pass`, `created_at`) VALUES ('61', 'Braulio', 'Hilll', 'chelsea.berge@example.com', '0', 'f', '1984-03-24', 'Rosellaview', '601273389', '8361095938800', '2002-05-20 14:17:37');
INSERT INTO `users` (`id`, `name`, `surname`, `email`, `phone`, `gender`, `birthday`, `hometown`, `photo_id`, `pass`, `created_at`) VALUES ('62', 'Adele', 'Spinka', 'kevin.larson@example.com', '1', 'm', '1997-08-27', 'Stromanchester', '522984384', '3243757079579', '1995-09-20 15:13:16');
INSERT INTO `users` (`id`, `name`, `surname`, `email`, `phone`, `gender`, `birthday`, `hometown`, `photo_id`, `pass`, `created_at`) VALUES ('63', 'Katelyn', 'Cummings', 'kallie70@example.net', '321563', 'f', '2018-08-20', 'New Brantview', '2322693', '9867671731395', '1991-08-21 12:53:48');
INSERT INTO `users` (`id`, `name`, `surname`, `email`, `phone`, `gender`, `birthday`, `hometown`, `photo_id`, `pass`, `created_at`) VALUES ('64', 'Anika', 'Windler', 'alessandro92@example.net', '95', 'f', '2012-02-07', 'West Louisaburgh', '631533495', '0123186754540', '2000-12-27 10:02:41');
INSERT INTO `users` (`id`, `name`, `surname`, `email`, `phone`, `gender`, `birthday`, `hometown`, `photo_id`, `pass`, `created_at`) VALUES ('65', 'Dylan', 'Schuster', 'ambrose.marquardt@example.net', '3482029805', 'm', '1979-12-15', 'West Tateborough', '99896640', '9841704284317', '1991-05-29 01:57:06');
INSERT INTO `users` (`id`, `name`, `surname`, `email`, `phone`, `gender`, `birthday`, `hometown`, `photo_id`, `pass`, `created_at`) VALUES ('66', 'Moshe', 'Cruickshank', 'janis.haley@example.org', '410', 'm', '1976-03-30', 'Baumbachborough', '1', '5184807550205', '1985-07-09 11:56:50');
INSERT INTO `users` (`id`, `name`, `surname`, `email`, `phone`, `gender`, `birthday`, `hometown`, `photo_id`, `pass`, `created_at`) VALUES ('67', 'Eliseo', 'Greenfelder', 'zoe03@example.net', '686', 'm', '2002-08-17', 'Faheyville', '259', '3344655999362', '2010-08-14 10:43:17');
INSERT INTO `users` (`id`, `name`, `surname`, `email`, `phone`, `gender`, `birthday`, `hometown`, `photo_id`, `pass`, `created_at`) VALUES ('68', 'Helena', 'Morissette', 'crooks.willa@example.net', '1', 'f', '2007-02-07', 'Keenantown', '35295526', '4582295078293', '2009-10-22 04:40:34');
INSERT INTO `users` (`id`, `name`, `surname`, `email`, `phone`, `gender`, `birthday`, `hometown`, `photo_id`, `pass`, `created_at`) VALUES ('69', 'Hallie', 'Koelpin', 'leuschke.dolly@example.com', '399065', 'f', '1970-08-22', 'New Kristina', '598967', '7932913375094', '2014-10-11 19:07:36');
INSERT INTO `users` (`id`, `name`, `surname`, `email`, `phone`, `gender`, `birthday`, `hometown`, `photo_id`, `pass`, `created_at`) VALUES ('70', 'Laurel', 'Hills', 'leannon.camila@example.org', '43', 'm', '1980-12-14', 'Cassieton', '834777751', '9928057662679', '2009-02-26 20:26:00');
INSERT INTO `users` (`id`, `name`, `surname`, `email`, `phone`, `gender`, `birthday`, `hometown`, `photo_id`, `pass`, `created_at`) VALUES ('71', 'Winona', 'Dooley', 'reid.dietrich@example.org', '26680', 'm', '2007-02-28', 'Adrainside', '640', '3337486028011', '1987-08-30 11:15:30');
INSERT INTO `users` (`id`, `name`, `surname`, `email`, `phone`, `gender`, `birthday`, `hometown`, `photo_id`, `pass`, `created_at`) VALUES ('72', 'Raymond', 'Medhurst', 'annetta93@example.org', '6992468279', 'f', '1987-01-08', 'Lockmanside', '140865423', '3928961330035', '1980-07-27 18:46:28');
INSERT INTO `users` (`id`, `name`, `surname`, `email`, `phone`, `gender`, `birthday`, `hometown`, `photo_id`, `pass`, `created_at`) VALUES ('73', 'Danika', 'Ankunding', 'bayer.ulises@example.org', '998282', 'm', '2010-08-15', 'Laneychester', '0', '0966746716127', '1999-06-03 17:26:19');
INSERT INTO `users` (`id`, `name`, `surname`, `email`, `phone`, `gender`, `birthday`, `hometown`, `photo_id`, `pass`, `created_at`) VALUES ('74', 'Annetta', 'Hintz', 'clehner@example.org', '36', 'f', '1973-11-21', 'Taniafort', '0', '8803246587944', '1984-06-22 15:54:49');
INSERT INTO `users` (`id`, `name`, `surname`, `email`, `phone`, `gender`, `birthday`, `hometown`, `photo_id`, `pass`, `created_at`) VALUES ('75', 'Alycia', 'Champlin', 'schaefer.roxanne@example.com', '0', 'f', '1983-06-17', 'East Lauriane', '74459', '9980103180995', '2008-11-03 13:35:06');
INSERT INTO `users` (`id`, `name`, `surname`, `email`, `phone`, `gender`, `birthday`, `hometown`, `photo_id`, `pass`, `created_at`) VALUES ('76', 'Erin', 'Spencer', 'frankie70@example.org', '7491850891', 'm', '1988-01-03', 'Port Jacky', '84548', '0359587938740', '2011-03-15 08:58:58');
INSERT INTO `users` (`id`, `name`, `surname`, `email`, `phone`, `gender`, `birthday`, `hometown`, `photo_id`, `pass`, `created_at`) VALUES ('77', 'Kevin', 'Kessler', 'wdach@example.org', '926056', 'm', '1970-02-20', 'New Karson', '30887925', '0276056003122', '2003-09-06 23:55:56');
INSERT INTO `users` (`id`, `name`, `surname`, `email`, `phone`, `gender`, `birthday`, `hometown`, `photo_id`, `pass`, `created_at`) VALUES ('78', 'Jovan', 'Emmerich', 'eulah88@example.net', '0', 'f', '1998-08-18', 'Janickchester', '0', '4223091306257', '1985-01-20 06:03:01');
INSERT INTO `users` (`id`, `name`, `surname`, `email`, `phone`, `gender`, `birthday`, `hometown`, `photo_id`, `pass`, `created_at`) VALUES ('79', 'Bernie', 'Veum', 'ines78@example.net', '1', 'f', '1971-01-13', 'Port Dixie', '0', '9648198557121', '1990-09-13 14:41:54');
INSERT INTO `users` (`id`, `name`, `surname`, `email`, `phone`, `gender`, `birthday`, `hometown`, `photo_id`, `pass`, `created_at`) VALUES ('80', 'Cecile', 'Harris', 'wunsch.rowland@example.org', '0', 'm', '2000-10-23', 'New Jackeline', '7666', '9731739445961', '1976-01-09 22:23:53');
INSERT INTO `users` (`id`, `name`, `surname`, `email`, `phone`, `gender`, `birthday`, `hometown`, `photo_id`, `pass`, `created_at`) VALUES ('81', 'Elfrieda', 'Renner', 'kayli.rempel@example.org', '676034', 'm', '2003-06-29', 'New Soledad', '92336894', '4553565034370', '1983-02-24 09:20:01');
INSERT INTO `users` (`id`, `name`, `surname`, `email`, `phone`, `gender`, `birthday`, `hometown`, `photo_id`, `pass`, `created_at`) VALUES ('82', 'Floyd', 'Blanda', 'serena71@example.org', '607448', 'f', '2003-01-12', 'Lake Novatown', '60741', '4984687640222', '1992-12-07 17:29:15');
INSERT INTO `users` (`id`, `name`, `surname`, `email`, `phone`, `gender`, `birthday`, `hometown`, `photo_id`, `pass`, `created_at`) VALUES ('83', 'Rickie', 'Romaguera', 'cornelius67@example.org', '1', 'f', '2008-07-28', 'Brakusmouth', '665', '5521550994403', '1988-12-24 10:33:13');
INSERT INTO `users` (`id`, `name`, `surname`, `email`, `phone`, `gender`, `birthday`, `hometown`, `photo_id`, `pass`, `created_at`) VALUES ('84', 'Jamey', 'Ernser', 'huel.jordi@example.com', '0', 'm', '2017-04-18', 'Elianemouth', '1', '3354420482210', '1987-03-25 17:20:01');
INSERT INTO `users` (`id`, `name`, `surname`, `email`, `phone`, `gender`, `birthday`, `hometown`, `photo_id`, `pass`, `created_at`) VALUES ('85', 'Ozella', 'Friesen', 'ksteuber@example.com', '724186708', 'm', '2011-07-01', 'Sterlingburgh', '663236', '5029013900652', '2005-04-14 13:11:21');
INSERT INTO `users` (`id`, `name`, `surname`, `email`, `phone`, `gender`, `birthday`, `hometown`, `photo_id`, `pass`, `created_at`) VALUES ('86', 'Fae', 'Bartell', 'rylan82@example.com', '5070516198', 'm', '1987-06-26', 'New Casimer', '0', '9470021870394', '2020-06-11 03:14:19');
INSERT INTO `users` (`id`, `name`, `surname`, `email`, `phone`, `gender`, `birthday`, `hometown`, `photo_id`, `pass`, `created_at`) VALUES ('87', 'Liliane', 'Schmitt', 'dessie.o\'hara@example.net', '0', 'f', '1970-02-05', 'East Jayde', '8685619', '2743824670292', '1970-07-05 06:22:04');
INSERT INTO `users` (`id`, `name`, `surname`, `email`, `phone`, `gender`, `birthday`, `hometown`, `photo_id`, `pass`, `created_at`) VALUES ('88', 'Coy', 'Marks', 'alana28@example.com', '1', 'f', '1985-09-07', 'Lake Marisaville', '49631838', '8890737507093', '1970-10-25 17:13:16');
INSERT INTO `users` (`id`, `name`, `surname`, `email`, `phone`, `gender`, `birthday`, `hometown`, `photo_id`, `pass`, `created_at`) VALUES ('89', 'Hobart', 'Leannon', 'jose64@example.com', '697098645', 'f', '1988-07-03', 'Port Lera', '8232447', '9296574978673', '2006-02-12 08:16:14');
INSERT INTO `users` (`id`, `name`, `surname`, `email`, `phone`, `gender`, `birthday`, `hometown`, `photo_id`, `pass`, `created_at`) VALUES ('90', 'Arne', 'Glover', 'gleichner.margaret@example.com', '673', 'm', '1981-06-26', 'West Adrain', '31494', '7255065594718', '2008-11-27 20:57:46');
INSERT INTO `users` (`id`, `name`, `surname`, `email`, `phone`, `gender`, `birthday`, `hometown`, `photo_id`, `pass`, `created_at`) VALUES ('91', 'Verlie', 'Johnson', 'gbarton@example.net', '299', 'm', '1974-02-19', 'Uptonborough', '0', '2471858462179', '1971-08-04 00:09:11');
INSERT INTO `users` (`id`, `name`, `surname`, `email`, `phone`, `gender`, `birthday`, `hometown`, `photo_id`, `pass`, `created_at`) VALUES ('92', 'Jalon', 'Breitenberg', 'ankunding.jess@example.org', '1', 'm', '1993-12-01', 'West Noreneshire', '3642', '6475530548720', '1998-03-19 18:14:34');
INSERT INTO `users` (`id`, `name`, `surname`, `email`, `phone`, `gender`, `birthday`, `hometown`, `photo_id`, `pass`, `created_at`) VALUES ('93', 'Elmira', 'Hilpert', 'markus.hodkiewicz@example.net', '653315', 'm', '1997-09-02', 'New Sadye', '81202701', '9138209957557', '1999-08-28 01:10:39');
INSERT INTO `users` (`id`, `name`, `surname`, `email`, `phone`, `gender`, `birthday`, `hometown`, `photo_id`, `pass`, `created_at`) VALUES ('94', 'Bradly', 'Cummings', 'collier.river@example.org', '5598873729', 'm', '1983-08-15', 'Paulmouth', '0', '4968738293247', '2009-02-02 00:26:46');
INSERT INTO `users` (`id`, `name`, `surname`, `email`, `phone`, `gender`, `birthday`, `hometown`, `photo_id`, `pass`, `created_at`) VALUES ('95', 'Fannie', 'Greenfelder', 'cummings.lura@example.net', '1', 'f', '1982-08-06', 'Port Leannaberg', '147305', '2288635591485', '1989-04-16 03:33:34');
INSERT INTO `users` (`id`, `name`, `surname`, `email`, `phone`, `gender`, `birthday`, `hometown`, `photo_id`, `pass`, `created_at`) VALUES ('96', 'Emmanuel', 'King', 'kara59@example.com', '0', 'f', '2001-07-22', 'North Skylar', '6', '3729263636609', '1982-12-25 05:20:30');
INSERT INTO `users` (`id`, `name`, `surname`, `email`, `phone`, `gender`, `birthday`, `hometown`, `photo_id`, `pass`, `created_at`) VALUES ('97', 'Sonny', 'Carter', 'jaycee.smitham@example.org', '1', 'f', '2000-01-25', 'Port Ardella', '681725368', '0357101119538', '2009-04-17 17:00:31');
INSERT INTO `users` (`id`, `name`, `surname`, `email`, `phone`, `gender`, `birthday`, `hometown`, `photo_id`, `pass`, `created_at`) VALUES ('98', 'Maybelle', 'Flatley', 'ofelia33@example.com', '465', 'f', '1971-03-14', 'Raphaelside', '8657266', '1345973059457', '2004-01-07 00:51:45');
INSERT INTO `users` (`id`, `name`, `surname`, `email`, `phone`, `gender`, `birthday`, `hometown`, `photo_id`, `pass`, `created_at`) VALUES ('99', 'Jorge', 'Hoppe', 'kenna.kessler@example.org', '1', 'm', '2008-10-17', 'New Ronaldo', '9', '6411462783952', '1974-02-23 01:44:47');
INSERT INTO `users` (`id`, `name`, `surname`, `email`, `phone`, `gender`, `birthday`, `hometown`, `photo_id`, `pass`, `created_at`) VALUES ('100', 'Katheryn', 'Hickle', 'borer.jason@example.com', '0', 'm', '1994-05-10', 'O\'Connellton', '0', '9421242770178', '1975-10-22 12:33:06');


-- messages data

INSERT INTO `messages` (`id`, `from_user_id`, `to_user_id`, `body`, `is_read`, `created_at`) VALUES ('1', '1', '1', 'Debitis ipsum animi est doloremque deserunt explicabo eaque. Ut quia sint ut consequatur beatae harum. Sed tenetur consequatur quod quaerat ipsam.', 1, '2011-01-29 15:07:34');
INSERT INTO `messages` (`id`, `from_user_id`, `to_user_id`, `body`, `is_read`, `created_at`) VALUES ('2', '2', '2', 'Id nemo repudiandae deserunt aut error ut. Pariatur animi dolores iste. Occaecati consequuntur corporis aut sit. Vitae vel autem facere et. Aut incidunt blanditiis unde eius error ut.', 1, '2012-02-07 14:53:01');
INSERT INTO `messages` (`id`, `from_user_id`, `to_user_id`, `body`, `is_read`, `created_at`) VALUES ('3', '3', '3', 'Dolor autem expedita cum fugit qui magnam aut quas. Distinctio et tempora quaerat et. Sequi facilis repudiandae esse voluptatem quis. Beatae et officiis minus eum ducimus ipsum qui.', 0, '2014-03-21 22:10:15');
INSERT INTO `messages` (`id`, `from_user_id`, `to_user_id`, `body`, `is_read`, `created_at`) VALUES ('4', '4', '4', 'Exercitationem dignissimos omnis repellendus sed assumenda odit. Nemo rerum autem labore eos nisi repellat. Fugiat asperiores omnis iure et.', 0, '2012-07-31 03:10:49');
INSERT INTO `messages` (`id`, `from_user_id`, `to_user_id`, `body`, `is_read`, `created_at`) VALUES ('5', '5', '5', 'Et maiores vel explicabo sequi. Quidem ut omnis asperiores sapiente beatae impedit placeat quam. Rerum hic quia aperiam est quia deleniti. Delectus sed est maiores nostrum.', 0, '2001-10-02 11:48:10');
INSERT INTO `messages` (`id`, `from_user_id`, `to_user_id`, `body`, `is_read`, `created_at`) VALUES ('6', '6', '6', 'Ea quaerat vel dolore officia. Fuga ut quia delectus perspiciatis. Sed et molestiae iusto eligendi voluptatem.', 0, '1982-02-21 12:27:30');
INSERT INTO `messages` (`id`, `from_user_id`, `to_user_id`, `body`, `is_read`, `created_at`) VALUES ('7', '7', '7', 'Sint ut et quod delectus magnam impedit nisi. Architecto eos animi voluptatem et.', 1, '1996-07-17 02:40:41');
INSERT INTO `messages` (`id`, `from_user_id`, `to_user_id`, `body`, `is_read`, `created_at`) VALUES ('8', '8', '8', 'At blanditiis vitae laborum enim sapiente omnis consectetur. Quas similique explicabo et nemo nisi sequi neque. Inventore fuga aut odit animi quis cum. Atque numquam eos et qui dignissimos voluptatem.', 0, '1995-08-31 13:43:57');
INSERT INTO `messages` (`id`, `from_user_id`, `to_user_id`, `body`, `is_read`, `created_at`) VALUES ('9', '9', '9', 'Minima voluptates ullam nesciunt est sint voluptas nihil. Et non vero commodi illo vel praesentium. Quos ut molestiae ullam ut atque. Cum voluptatem et cumque dolor.', 0, '2006-10-06 03:23:51');
INSERT INTO `messages` (`id`, `from_user_id`, `to_user_id`, `body`, `is_read`, `created_at`) VALUES ('10', '10', '10', 'Dolore aut beatae nam a eius reprehenderit ut. Aut voluptas debitis praesentium ea. Ipsam sed necessitatibus quis totam.', 0, '2013-05-04 07:42:22');
INSERT INTO `messages` (`id`, `from_user_id`, `to_user_id`, `body`, `is_read`, `created_at`) VALUES ('11', '11', '11', 'Illum officiis quos quam aut. Deleniti aut deserunt ea corrupti dignissimos. Iure maxime dolores ex quaerat laborum.', 0, '1996-12-13 23:47:08');
INSERT INTO `messages` (`id`, `from_user_id`, `to_user_id`, `body`, `is_read`, `created_at`) VALUES ('12', '12', '12', 'Dolorem inventore animi et cum rerum sint numquam. Aut voluptatem facere quia nesciunt. Maxime id qui in inventore vitae. Animi illo distinctio ullam iusto perspiciatis a sint.', 1, '2004-01-12 09:47:29');
INSERT INTO `messages` (`id`, `from_user_id`, `to_user_id`, `body`, `is_read`, `created_at`) VALUES ('13', '13', '13', 'Est non sit minus rerum aliquam. Officia repellendus voluptas nobis vitae possimus exercitationem sit qui. Quos et minus cupiditate libero rerum sit libero impedit.', 1, '1998-11-10 03:20:53');
INSERT INTO `messages` (`id`, `from_user_id`, `to_user_id`, `body`, `is_read`, `created_at`) VALUES ('14', '14', '14', 'Nisi id qui et occaecati et animi voluptas. Amet sapiente est nam iste assumenda. Nihil id aliquid distinctio et velit sed cupiditate.', 1, '2002-08-06 10:57:30');
INSERT INTO `messages` (`id`, `from_user_id`, `to_user_id`, `body`, `is_read`, `created_at`) VALUES ('15', '15', '15', 'Iste consectetur odio illo laudantium ea quas et. Quia consectetur iste reprehenderit corrupti labore laborum error. Architecto ipsam sunt beatae.', 1, '1975-06-04 09:00:32');
INSERT INTO `messages` (`id`, `from_user_id`, `to_user_id`, `body`, `is_read`, `created_at`) VALUES ('16', '16', '16', 'Iusto numquam nesciunt consectetur reiciendis. Dignissimos dolor suscipit quia veniam qui enim. Expedita deleniti est et. Eum est ut sapiente in et labore.', 0, '1977-02-01 17:07:12');
INSERT INTO `messages` (`id`, `from_user_id`, `to_user_id`, `body`, `is_read`, `created_at`) VALUES ('17', '17', '17', 'Suscipit ducimus sed maiores maxime nulla voluptas. Animi error eos magni quo. Rem dolores eum amet eligendi et voluptas fugit. Sed quia adipisci dolores dicta ratione id.', 1, '1980-01-09 02:13:58');
INSERT INTO `messages` (`id`, `from_user_id`, `to_user_id`, `body`, `is_read`, `created_at`) VALUES ('18', '18', '18', 'Nam fugiat quia fugit soluta soluta praesentium ipsum. Placeat ut impedit quasi distinctio. Ut tenetur nobis qui sunt et eveniet. Pariatur at placeat eum assumenda commodi molestias.', 0, '1995-12-31 16:18:17');
INSERT INTO `messages` (`id`, `from_user_id`, `to_user_id`, `body`, `is_read`, `created_at`) VALUES ('19', '19', '19', 'Ut sit autem expedita ipsum aliquam. Maxime veniam aut labore quae. Omnis deleniti qui ducimus ea omnis deleniti fugit voluptas.', 0, '1990-08-12 18:57:45');
INSERT INTO `messages` (`id`, `from_user_id`, `to_user_id`, `body`, `is_read`, `created_at`) VALUES ('20', '20', '20', 'Impedit quod soluta voluptates quia velit sit maiores. Ut repellat labore velit id nam blanditiis exercitationem. Molestias natus et vero quae tempore unde.', 1, '1977-07-04 15:53:54');
INSERT INTO `messages` (`id`, `from_user_id`, `to_user_id`, `body`, `is_read`, `created_at`) VALUES ('21', '21', '21', 'Rerum consectetur exercitationem esse molestiae velit deleniti non. Quis aliquid aut quam veritatis et voluptatem accusamus. Et ab dolorem veniam eaque ex facilis.', 1, '1970-10-25 16:35:55');
INSERT INTO `messages` (`id`, `from_user_id`, `to_user_id`, `body`, `is_read`, `created_at`) VALUES ('22', '22', '22', 'In praesentium repudiandae quidem doloribus consequatur illo et. A dicta eum hic temporibus animi voluptates nobis. Ea qui qui sequi sint et adipisci rerum cupiditate.', 0, '2017-10-31 15:27:42');
INSERT INTO `messages` (`id`, `from_user_id`, `to_user_id`, `body`, `is_read`, `created_at`) VALUES ('23', '23', '23', 'Perspiciatis voluptas nesciunt voluptas maiores aspernatur ipsam vel. Eum nostrum rerum aut explicabo pariatur ullam incidunt. Sed vero iste natus. Fugit qui corrupti similique maiores animi.', 0, '2014-07-30 20:19:22');
INSERT INTO `messages` (`id`, `from_user_id`, `to_user_id`, `body`, `is_read`, `created_at`) VALUES ('24', '24', '24', 'Molestiae mollitia ex nihil enim eos pariatur dolor. Quibusdam hic et fugiat facere perspiciatis qui. Non quis ipsa quaerat est iusto. Quas mollitia architecto enim non similique voluptatem omnis vero.', 1, '2009-10-06 08:18:10');
INSERT INTO `messages` (`id`, `from_user_id`, `to_user_id`, `body`, `is_read`, `created_at`) VALUES ('25', '25', '25', 'Et eveniet atque sint dicta. Animi aliquid suscipit distinctio animi accusamus. Praesentium nesciunt aspernatur expedita explicabo qui sequi. Rerum sed ducimus nihil culpa harum.', 1, '1972-02-21 11:47:54');
INSERT INTO `messages` (`id`, `from_user_id`, `to_user_id`, `body`, `is_read`, `created_at`) VALUES ('26', '26', '26', 'Blanditiis ullam dolores ut voluptatem autem officiis. Sequi ut sed alias officia. Qui voluptas quia nobis eaque incidunt.', 1, '1980-12-08 22:46:44');
INSERT INTO `messages` (`id`, `from_user_id`, `to_user_id`, `body`, `is_read`, `created_at`) VALUES ('27', '27', '27', 'Odio numquam consequuntur nihil ad voluptatem. Eum aut ut nemo ipsa harum ipsa et. Ea aspernatur vitae ut sit in eos.', 1, '2001-12-12 22:44:30');
INSERT INTO `messages` (`id`, `from_user_id`, `to_user_id`, `body`, `is_read`, `created_at`) VALUES ('28', '28', '28', 'Soluta voluptatum reiciendis vero eos autem velit. Delectus debitis nostrum omnis consectetur magnam voluptatum ea. Quidem autem sed dolor fugiat nesciunt ad ut aliquam. Nihil nisi non voluptatibus molestiae.', 0, '2017-08-22 00:45:54');
INSERT INTO `messages` (`id`, `from_user_id`, `to_user_id`, `body`, `is_read`, `created_at`) VALUES ('29', '29', '29', 'Mollitia amet et eius aut. Eum adipisci doloremque nemo recusandae. Magnam aliquid dolores praesentium architecto voluptas. Ratione quia temporibus est voluptate alias voluptate assumenda.', 0, '1987-08-08 11:48:53');
INSERT INTO `messages` (`id`, `from_user_id`, `to_user_id`, `body`, `is_read`, `created_at`) VALUES ('30', '30', '30', 'Rerum aperiam corrupti maxime sequi est quo. Harum quas accusantium vitae facere. Ut pariatur quibusdam consequatur laboriosam laboriosam est. Aut debitis quibusdam dolorum dolorem qui id exercitationem.', 0, '1985-06-17 12:57:59');
INSERT INTO `messages` (`id`, `from_user_id`, `to_user_id`, `body`, `is_read`, `created_at`) VALUES ('31', '31', '31', 'Accusantium quod amet cum qui fugiat quas. Dignissimos maiores mollitia totam qui soluta. Alias aliquid expedita dolores.', 1, '1999-01-07 06:15:28');
INSERT INTO `messages` (`id`, `from_user_id`, `to_user_id`, `body`, `is_read`, `created_at`) VALUES ('32', '32', '32', 'Harum doloribus ut optio non numquam laboriosam quod. Quidem est aut sint sunt officiis et quo. Eius nisi dolor eligendi sit saepe quia et.', 0, '1990-09-22 06:31:45');
INSERT INTO `messages` (`id`, `from_user_id`, `to_user_id`, `body`, `is_read`, `created_at`) VALUES ('33', '33', '33', 'Minima nihil consectetur dolor magnam qui sit soluta. Nesciunt voluptatem aut beatae deserunt recusandae deleniti.', 0, '1982-11-25 20:06:28');
INSERT INTO `messages` (`id`, `from_user_id`, `to_user_id`, `body`, `is_read`, `created_at`) VALUES ('34', '34', '34', 'Nihil labore ducimus vitae nam non reiciendis. Inventore repellendus maiores dolor nemo non occaecati. Doloremque aut maiores nobis aut officiis temporibus vel. Fuga in nulla ut harum praesentium enim.', 0, '2005-01-05 14:39:15');
INSERT INTO `messages` (`id`, `from_user_id`, `to_user_id`, `body`, `is_read`, `created_at`) VALUES ('35', '35', '35', 'Mollitia recusandae molestiae nihil eum. Qui sed unde voluptates et expedita. Sint qui et quisquam iure consequatur.', 1, '2019-09-16 23:35:43');
INSERT INTO `messages` (`id`, `from_user_id`, `to_user_id`, `body`, `is_read`, `created_at`) VALUES ('36', '36', '36', 'Voluptatum et nesciunt architecto saepe. Qui consequatur porro et totam. Eaque quia voluptas quo dolor veritatis. In facilis aliquam quo est ipsam quo.', 1, '1982-01-05 02:34:00');
INSERT INTO `messages` (`id`, `from_user_id`, `to_user_id`, `body`, `is_read`, `created_at`) VALUES ('37', '37', '37', 'Aut laudantium nesciunt illo placeat hic dolores. Pariatur debitis perferendis tempora nihil sed consequatur quia. Perspiciatis aut iusto minus ullam voluptas cupiditate a. Iste nam aut vitae.', 0, '1986-01-04 22:51:58');
INSERT INTO `messages` (`id`, `from_user_id`, `to_user_id`, `body`, `is_read`, `created_at`) VALUES ('38', '38', '38', 'Iusto magnam quia sint laudantium quod et. Ipsum suscipit repellendus ut tenetur ut commodi.', 0, '1983-04-13 13:13:59');
INSERT INTO `messages` (`id`, `from_user_id`, `to_user_id`, `body`, `is_read`, `created_at`) VALUES ('39', '39', '39', 'Aliquam et expedita deleniti rerum qui. Beatae rerum fugit pariatur dolorum nemo nisi. Magni nam autem corporis sint dolores eos velit et. Accusantium eius quis facere voluptas.', 1, '2012-11-13 17:28:57');
INSERT INTO `messages` (`id`, `from_user_id`, `to_user_id`, `body`, `is_read`, `created_at`) VALUES ('40', '40', '40', 'Architecto qui nisi repellendus placeat voluptates. Hic magnam id inventore omnis illum sint. Qui occaecati magnam est sed.', 0, '1980-10-04 16:28:26');
INSERT INTO `messages` (`id`, `from_user_id`, `to_user_id`, `body`, `is_read`, `created_at`) VALUES ('41', '41', '41', 'Dolores minima dolores eius sed tenetur voluptas. Commodi incidunt autem et tenetur. Tenetur praesentium omnis porro aut cum a rerum.', 1, '2008-01-04 09:34:06');
INSERT INTO `messages` (`id`, `from_user_id`, `to_user_id`, `body`, `is_read`, `created_at`) VALUES ('42', '42', '42', 'Voluptas explicabo non velit harum. Iure deserunt consequatur eaque quis id eos. Autem qui nisi tempora aut alias sit.', 0, '1994-08-14 21:48:32');
INSERT INTO `messages` (`id`, `from_user_id`, `to_user_id`, `body`, `is_read`, `created_at`) VALUES ('43', '43', '43', 'Aut occaecati doloremque maxime voluptatem et praesentium aut. Soluta tempora ea ut voluptas voluptas quas.', 1, '2007-06-11 21:42:26');
INSERT INTO `messages` (`id`, `from_user_id`, `to_user_id`, `body`, `is_read`, `created_at`) VALUES ('44', '44', '44', 'Natus et harum sed nemo aperiam dolor aut. Voluptatum excepturi et dolorem consequuntur veniam. Saepe et et soluta unde laborum. Illum voluptatem dolorem accusamus numquam.', 0, '1997-03-31 15:14:25');
INSERT INTO `messages` (`id`, `from_user_id`, `to_user_id`, `body`, `is_read`, `created_at`) VALUES ('45', '45', '45', 'Sed iure nihil hic voluptatem iure corrupti voluptatum. Nobis ad enim blanditiis atque temporibus deserunt. Sit dolorem temporibus dolores occaecati distinctio. Amet ab quia sed soluta ipsum.', 1, '1998-01-17 09:50:32');
INSERT INTO `messages` (`id`, `from_user_id`, `to_user_id`, `body`, `is_read`, `created_at`) VALUES ('46', '46', '46', 'Neque non omnis dicta vel fugiat facilis modi recusandae. Sit doloremque aliquid aut consequatur autem.', 0, '1985-05-20 11:54:37');
INSERT INTO `messages` (`id`, `from_user_id`, `to_user_id`, `body`, `is_read`, `created_at`) VALUES ('47', '47', '47', 'Voluptas ad omnis laudantium autem rerum. Labore id possimus non rerum accusamus praesentium. Deserunt et repellat amet occaecati hic voluptas et.', 0, '1982-09-14 02:53:17');
INSERT INTO `messages` (`id`, `from_user_id`, `to_user_id`, `body`, `is_read`, `created_at`) VALUES ('48', '48', '48', 'Provident ducimus non voluptas inventore quis maiores id accusantium. Aliquid quia qui vel possimus architecto. Aliquid quia suscipit culpa eum in pariatur qui.', 1, '2014-11-10 05:04:20');
INSERT INTO `messages` (`id`, `from_user_id`, `to_user_id`, `body`, `is_read`, `created_at`) VALUES ('49', '49', '49', 'Et porro tempora rerum veritatis. In sit assumenda dolor et qui. Est velit blanditiis mollitia. Autem corrupti culpa aperiam.', 1, '2020-07-01 12:54:28');
INSERT INTO `messages` (`id`, `from_user_id`, `to_user_id`, `body`, `is_read`, `created_at`) VALUES ('50', '50', '50', 'Autem id et asperiores cumque illo qui facilis. Et sunt qui et officiis et et quo nam. Iste minima blanditiis velit distinctio autem. Consequatur fuga alias quibusdam voluptas qui nesciunt.', 1, '1992-07-30 07:45:35');
INSERT INTO `messages` (`id`, `from_user_id`, `to_user_id`, `body`, `is_read`, `created_at`) VALUES ('51', '51', '51', 'In consequatur architecto facilis maiores voluptatem neque omnis. Vel nisi atque mollitia unde. Eum quia blanditiis nihil possimus iusto.', 0, '1973-04-04 19:27:58');
INSERT INTO `messages` (`id`, `from_user_id`, `to_user_id`, `body`, `is_read`, `created_at`) VALUES ('52', '52', '52', 'Facilis aut et aut dolorem qui repudiandae totam. Eius qui omnis sint voluptas minima exercitationem eaque.', 1, '1996-02-02 15:52:53');
INSERT INTO `messages` (`id`, `from_user_id`, `to_user_id`, `body`, `is_read`, `created_at`) VALUES ('53', '53', '53', 'Laborum aut aut nesciunt sed officiis. Libero et illo adipisci accusamus vel molestias. Dicta tempore ut perferendis neque dolorem libero.', 0, '1991-07-16 20:00:22');
INSERT INTO `messages` (`id`, `from_user_id`, `to_user_id`, `body`, `is_read`, `created_at`) VALUES ('54', '54', '54', 'Dolores aut hic quisquam aliquam et animi laudantium ut. Ratione reprehenderit qui quis deserunt cupiditate quaerat quas. Voluptatem laudantium ipsum sint expedita.', 0, '1988-04-09 22:20:40');
INSERT INTO `messages` (`id`, `from_user_id`, `to_user_id`, `body`, `is_read`, `created_at`) VALUES ('55', '55', '55', 'Ut dicta sed ad. Temporibus cum et eveniet deserunt quis aut. Laudantium omnis ad expedita eligendi nam exercitationem nam.', 1, '2001-02-02 10:50:05');
INSERT INTO `messages` (`id`, `from_user_id`, `to_user_id`, `body`, `is_read`, `created_at`) VALUES ('56', '56', '56', 'Nostrum quas odio sunt quibusdam non. Numquam consectetur quam quod earum reprehenderit. Distinctio id eligendi laboriosam at inventore. Placeat repellendus ab iusto qui reiciendis est est dolorem.', 0, '2002-06-21 12:40:37');
INSERT INTO `messages` (`id`, `from_user_id`, `to_user_id`, `body`, `is_read`, `created_at`) VALUES ('57', '57', '57', 'Laudantium repellendus laboriosam at molestiae distinctio unde repudiandae. Quod et qui beatae nisi sed nesciunt. Dolorum quisquam aspernatur unde id sit ut.', 0, '1994-09-14 22:14:26');
INSERT INTO `messages` (`id`, `from_user_id`, `to_user_id`, `body`, `is_read`, `created_at`) VALUES ('58', '58', '58', 'Hic ea aut reprehenderit ex est illum. Voluptatibus iusto debitis suscipit. Ipsum architecto consequatur quas. Officiis ea inventore ipsa ullam fugiat.', 1, '1975-01-21 03:51:48');
INSERT INTO `messages` (`id`, `from_user_id`, `to_user_id`, `body`, `is_read`, `created_at`) VALUES ('59', '59', '59', 'Maxime quos ut ea expedita. Architecto quod ut placeat eius placeat. Perspiciatis nobis harum unde commodi. Pariatur ullam autem consequatur rerum voluptas sequi rerum.', 1, '2003-05-22 21:26:13');
INSERT INTO `messages` (`id`, `from_user_id`, `to_user_id`, `body`, `is_read`, `created_at`) VALUES ('60', '60', '60', 'Non deserunt molestiae consequatur voluptatem id. Voluptatum eligendi voluptatem ut fuga quos consectetur veniam. Nobis omnis eveniet quasi aut.', 1, '2020-07-24 05:45:51');
INSERT INTO `messages` (`id`, `from_user_id`, `to_user_id`, `body`, `is_read`, `created_at`) VALUES ('61', '61', '61', 'Unde inventore est ad fuga officiis natus. Placeat voluptatem sed rerum doloremque numquam. Eveniet tenetur dolor expedita et aspernatur.', 0, '1976-11-22 19:14:17');
INSERT INTO `messages` (`id`, `from_user_id`, `to_user_id`, `body`, `is_read`, `created_at`) VALUES ('62', '62', '62', 'Distinctio laborum ipsa quaerat modi distinctio hic. Soluta in aut dolores molestias impedit ut. Quos non repellendus non saepe.', 0, '2015-06-21 00:06:48');
INSERT INTO `messages` (`id`, `from_user_id`, `to_user_id`, `body`, `is_read`, `created_at`) VALUES ('63', '63', '63', 'Qui voluptate tenetur inventore error rem perspiciatis. Voluptatem reiciendis voluptatem eos porro. Quae praesentium possimus explicabo consequuntur laboriosam voluptatum. Magni commodi porro expedita occaecati qui voluptatum.', 0, '2011-06-26 10:08:02');
INSERT INTO `messages` (`id`, `from_user_id`, `to_user_id`, `body`, `is_read`, `created_at`) VALUES ('64', '64', '64', 'Quae repudiandae eos quisquam ab neque. Ducimus laboriosam ut aut impedit qui. Distinctio consectetur sit ad consequatur ipsam natus. In dolorum voluptatum reiciendis quis hic dolores.', 1, '2017-11-12 15:33:33');
INSERT INTO `messages` (`id`, `from_user_id`, `to_user_id`, `body`, `is_read`, `created_at`) VALUES ('65', '65', '65', 'Error consequuntur sunt reprehenderit vel et quod aut. Excepturi similique id consequuntur. Fugit sit animi est eum ratione. Vero ab nostrum quisquam dolores.', 1, '2005-09-16 23:18:25');
INSERT INTO `messages` (`id`, `from_user_id`, `to_user_id`, `body`, `is_read`, `created_at`) VALUES ('66', '66', '66', 'Ut et aliquam numquam quam. Reprehenderit aut consequatur doloribus aut sit rerum. Autem voluptas sed animi quia deserunt. Exercitationem similique earum facilis saepe.', 0, '2008-11-30 23:19:28');
INSERT INTO `messages` (`id`, `from_user_id`, `to_user_id`, `body`, `is_read`, `created_at`) VALUES ('67', '67', '67', 'Quaerat voluptate sed consectetur voluptatem voluptatum fugit. Et dolorem animi provident rerum. Nihil ducimus officiis inventore odio. Eius excepturi voluptas laudantium aut.', 0, '2017-09-21 08:18:11');
INSERT INTO `messages` (`id`, `from_user_id`, `to_user_id`, `body`, `is_read`, `created_at`) VALUES ('68', '68', '68', 'Nesciunt nihil quo eaque. Assumenda repudiandae sapiente ad voluptatibus est doloribus perferendis. Id enim esse culpa omnis non dolorem aliquam. Nostrum hic explicabo non.', 1, '2011-09-15 20:47:55');
INSERT INTO `messages` (`id`, `from_user_id`, `to_user_id`, `body`, `is_read`, `created_at`) VALUES ('69', '69', '69', 'Aut sunt velit a a sed aperiam. Aliquid sapiente magni doloremque deleniti a sit. Omnis temporibus consequatur earum debitis. Id iusto dolorem similique maxime cumque debitis dignissimos.', 1, '2001-11-17 06:33:09');
INSERT INTO `messages` (`id`, `from_user_id`, `to_user_id`, `body`, `is_read`, `created_at`) VALUES ('70', '70', '70', 'Esse tempore et ipsam et consectetur consequatur cumque. Similique officia accusamus doloremque eum qui sit repellat. Et est qui quo in hic dolores. Incidunt quam cumque sunt esse quo aut.', 0, '2007-05-10 16:09:35');
INSERT INTO `messages` (`id`, `from_user_id`, `to_user_id`, `body`, `is_read`, `created_at`) VALUES ('71', '71', '71', 'Sed qui architecto est vel ea magnam unde. Et et velit quam aut. Rerum aut aliquid consequuntur expedita rem nesciunt magni.', 0, '1973-03-20 00:06:02');
INSERT INTO `messages` (`id`, `from_user_id`, `to_user_id`, `body`, `is_read`, `created_at`) VALUES ('72', '72', '72', 'Possimus nobis eum assumenda. Et ducimus esse eius. Ex excepturi excepturi explicabo quisquam.', 1, '1982-07-19 22:55:34');
INSERT INTO `messages` (`id`, `from_user_id`, `to_user_id`, `body`, `is_read`, `created_at`) VALUES ('73', '73', '73', 'Ipsa eos illo ipsa. Ut deserunt officiis velit eum sunt. Provident assumenda tempore voluptas vel dolores id voluptate sapiente.', 1, '1978-08-14 06:33:20');
INSERT INTO `messages` (`id`, `from_user_id`, `to_user_id`, `body`, `is_read`, `created_at`) VALUES ('74', '74', '74', 'Molestiae quis eius possimus est. Sit dolorum iste quia perspiciatis quae itaque dignissimos. Accusantium aliquid qui a libero nam.', 0, '1995-07-20 16:53:59');
INSERT INTO `messages` (`id`, `from_user_id`, `to_user_id`, `body`, `is_read`, `created_at`) VALUES ('75', '75', '75', 'Facere enim natus aliquam odit aut consectetur vitae. Non eaque consequuntur aut saepe. Accusantium veritatis et in excepturi.', 1, '2002-06-22 00:30:05');
INSERT INTO `messages` (`id`, `from_user_id`, `to_user_id`, `body`, `is_read`, `created_at`) VALUES ('76', '76', '76', 'Laudantium et dolorem aperiam cum repudiandae nemo. Provident earum iste et fuga nam. Cumque ut et a perspiciatis exercitationem. Magnam est est perferendis facilis.', 0, '2000-02-01 20:43:17');
INSERT INTO `messages` (`id`, `from_user_id`, `to_user_id`, `body`, `is_read`, `created_at`) VALUES ('77', '77', '77', 'Quia eius iusto eius id culpa molestiae odio. Fuga sed sequi molestiae. Ratione ut non maxime ea aliquam et tempore. Velit sed eum ut officia.', 0, '2019-03-07 05:49:12');
INSERT INTO `messages` (`id`, `from_user_id`, `to_user_id`, `body`, `is_read`, `created_at`) VALUES ('78', '78', '78', 'Qui laboriosam dolores ab labore. Quaerat debitis consequatur qui nulla iusto aut. Distinctio et ullam doloremque sunt voluptas. Placeat ea autem beatae molestiae sed.', 1, '2005-03-17 13:26:19');
INSERT INTO `messages` (`id`, `from_user_id`, `to_user_id`, `body`, `is_read`, `created_at`) VALUES ('79', '79', '79', 'Fugit reprehenderit dolores est ut sapiente nemo non. Vel quidem ipsam eum dolores eveniet repudiandae eos. Temporibus non nihil laboriosam quis.', 1, '1972-12-09 22:11:36');
INSERT INTO `messages` (`id`, `from_user_id`, `to_user_id`, `body`, `is_read`, `created_at`) VALUES ('80', '80', '80', 'Velit atque aspernatur inventore expedita. Voluptatibus ipsum fuga aut error aliquid iusto harum. Id sed id est possimus aliquid et corrupti.', 0, '2017-03-21 05:27:35');
INSERT INTO `messages` (`id`, `from_user_id`, `to_user_id`, `body`, `is_read`, `created_at`) VALUES ('81', '81', '81', 'Illo distinctio ut optio quibusdam porro ducimus. Qui necessitatibus dolor vero ex. Voluptatibus et eum consequuntur commodi aliquam. Eaque voluptatibus a nostrum officiis non sit dignissimos.', 1, '1990-10-23 16:33:13');
INSERT INTO `messages` (`id`, `from_user_id`, `to_user_id`, `body`, `is_read`, `created_at`) VALUES ('82', '82', '82', 'Laudantium id nostrum vitae et alias non ea. Sed modi distinctio qui. Consequatur inventore animi non enim.', 0, '2010-05-24 17:31:30');
INSERT INTO `messages` (`id`, `from_user_id`, `to_user_id`, `body`, `is_read`, `created_at`) VALUES ('83', '83', '83', 'Perspiciatis voluptatem et aut eaque. Sunt est ut voluptas rerum. Quia eveniet modi iste voluptate voluptatum.', 1, '1995-11-05 14:51:35');
INSERT INTO `messages` (`id`, `from_user_id`, `to_user_id`, `body`, `is_read`, `created_at`) VALUES ('84', '84', '84', 'Soluta et nobis sed illum. Quia eos ipsa aliquam minus. Deserunt consequatur sed sed pariatur delectus sapiente dolorum.', 1, '1981-12-22 08:12:55');
INSERT INTO `messages` (`id`, `from_user_id`, `to_user_id`, `body`, `is_read`, `created_at`) VALUES ('85', '85', '85', 'Facilis ea qui modi eligendi. Ex tempore quis quas autem illum magnam illo.', 0, '2001-11-10 06:43:03');
INSERT INTO `messages` (`id`, `from_user_id`, `to_user_id`, `body`, `is_read`, `created_at`) VALUES ('86', '86', '86', 'Fugiat rem doloribus odio. Totam at sunt error suscipit. Sint consectetur deserunt aspernatur aliquam illo et. Qui cum aliquid sed cum. In commodi repellat culpa quae dolorem aspernatur id.', 0, '2009-01-18 05:33:41');
INSERT INTO `messages` (`id`, `from_user_id`, `to_user_id`, `body`, `is_read`, `created_at`) VALUES ('87', '87', '87', 'Et aut sed voluptatum fuga fuga et. Ipsam delectus soluta animi enim perferendis laborum eveniet. Voluptatum et et nihil qui aut eum sapiente nemo.', 1, '1977-12-17 06:09:36');
INSERT INTO `messages` (`id`, `from_user_id`, `to_user_id`, `body`, `is_read`, `created_at`) VALUES ('88', '88', '88', 'Repudiandae quisquam et quae. Nobis sunt ut esse nesciunt eum. Sint dolores ut labore consectetur. Cumque iure commodi id.', 0, '2012-09-21 22:46:35');
INSERT INTO `messages` (`id`, `from_user_id`, `to_user_id`, `body`, `is_read`, `created_at`) VALUES ('89', '89', '89', 'Ad rerum natus occaecati inventore quia. Velit deserunt asperiores impedit. Nostrum consequatur architecto fugiat sed.', 0, '1998-01-14 04:14:26');
INSERT INTO `messages` (`id`, `from_user_id`, `to_user_id`, `body`, `is_read`, `created_at`) VALUES ('90', '90', '90', 'Enim unde deserunt repellendus dicta et. Est officiis autem iusto facere tempora recusandae. Saepe molestiae est voluptatem blanditiis quos qui.', 1, '1981-08-12 05:38:20');
INSERT INTO `messages` (`id`, `from_user_id`, `to_user_id`, `body`, `is_read`, `created_at`) VALUES ('91', '91', '91', 'Et necessitatibus placeat vel eum. Eius totam eius non perspiciatis quas laboriosam. Ut voluptas dolores et culpa modi voluptatem sapiente.', 1, '2014-10-08 00:01:22');
INSERT INTO `messages` (`id`, `from_user_id`, `to_user_id`, `body`, `is_read`, `created_at`) VALUES ('92', '92', '92', 'Nemo eveniet at assumenda animi ut non. Aperiam aut placeat dolores atque enim voluptas reiciendis eos. Dolores esse ipsa ipsa eaque ratione placeat reiciendis. Dolorem sit in itaque velit vitae rerum voluptate.', 1, '1994-06-23 12:31:12');
INSERT INTO `messages` (`id`, `from_user_id`, `to_user_id`, `body`, `is_read`, `created_at`) VALUES ('93', '93', '93', 'Non at consequatur asperiores animi maiores laboriosam. Dolore delectus hic molestiae quo corporis expedita totam sint.', 1, '1982-11-13 15:13:10');
INSERT INTO `messages` (`id`, `from_user_id`, `to_user_id`, `body`, `is_read`, `created_at`) VALUES ('94', '94', '94', 'Iste id ea esse molestiae et laborum voluptas. Qui earum magni id dolores odio nesciunt labore ut. Est assumenda incidunt illum in quisquam. Facilis neque sunt perferendis placeat incidunt ipsum repudiandae quod. Nobis quam voluptas tempora.', 0, '1974-03-15 15:18:10');
INSERT INTO `messages` (`id`, `from_user_id`, `to_user_id`, `body`, `is_read`, `created_at`) VALUES ('95', '95', '95', 'Praesentium fugit sed sunt nobis debitis eos delectus. Mollitia error voluptas deleniti id. Ipsum pariatur deserunt vel tenetur. In accusamus autem illum aspernatur et.', 0, '1980-10-06 17:55:29');
INSERT INTO `messages` (`id`, `from_user_id`, `to_user_id`, `body`, `is_read`, `created_at`) VALUES ('96', '96', '96', 'Necessitatibus non consectetur omnis nulla non. Ut consequuntur mollitia unde dolor minima commodi beatae.', 1, '1991-01-09 20:06:34');
INSERT INTO `messages` (`id`, `from_user_id`, `to_user_id`, `body`, `is_read`, `created_at`) VALUES ('97', '97', '97', 'Temporibus rerum quo molestias. Velit nobis dolores aut distinctio aspernatur. Autem quia aut quia quos labore. Et reiciendis quis ipsam officiis quisquam natus.', 1, '1978-05-13 09:13:44');
INSERT INTO `messages` (`id`, `from_user_id`, `to_user_id`, `body`, `is_read`, `created_at`) VALUES ('98', '98', '98', 'Sit recusandae mollitia dolores fuga dolorem. Excepturi et aperiam inventore aut repellat in minima. Unde dolor magnam qui quis. Consequuntur magni et nulla et dolor.', 0, '1993-07-27 17:06:14');
INSERT INTO `messages` (`id`, `from_user_id`, `to_user_id`, `body`, `is_read`, `created_at`) VALUES ('99', '99', '99', 'Quasi dolores numquam ratione eum in sed. Dolore commodi voluptate qui.', 1, '1987-05-27 17:25:34');
INSERT INTO `messages` (`id`, `from_user_id`, `to_user_id`, `body`, `is_read`, `created_at`) VALUES ('100', '100', '100', 'Officiis voluptas quisquam quia reprehenderit. Laborum explicabo eos vitae voluptatem eius quasi quasi.', 0, '2008-07-13 15:56:04');


-- freinds request data

INSERT INTO `friend_requests` (`initiator_user_id`, `target_user_id`, `status`, `requested_at`, `confirmde_at`) VALUES ('1', '1', 'unfriended', '1972-03-07 17:45:18', '1989-09-11 18:35:19');
INSERT INTO `friend_requests` (`initiator_user_id`, `target_user_id`, `status`, `requested_at`, `confirmde_at`) VALUES ('2', '2', 'approved', '1993-08-06 06:59:58', '2012-09-29 12:23:41');
INSERT INTO `friend_requests` (`initiator_user_id`, `target_user_id`, `status`, `requested_at`, `confirmde_at`) VALUES ('3', '3', 'requested', '1980-06-13 15:15:22', '2016-05-19 04:39:25');
INSERT INTO `friend_requests` (`initiator_user_id`, `target_user_id`, `status`, `requested_at`, `confirmde_at`) VALUES ('4', '4', 'unfriended', '1994-04-01 05:36:26', '1980-11-15 01:32:44');
INSERT INTO `friend_requests` (`initiator_user_id`, `target_user_id`, `status`, `requested_at`, `confirmde_at`) VALUES ('5', '5', 'unfriended', '1996-08-24 09:57:29', '2005-03-05 04:32:09');
INSERT INTO `friend_requests` (`initiator_user_id`, `target_user_id`, `status`, `requested_at`, `confirmde_at`) VALUES ('6', '6', 'unfriended', '1990-03-01 12:34:39', '2011-12-09 10:58:13');
INSERT INTO `friend_requests` (`initiator_user_id`, `target_user_id`, `status`, `requested_at`, `confirmde_at`) VALUES ('7', '7', 'unfriended', '2005-10-27 16:42:26', '1993-08-21 23:41:55');
INSERT INTO `friend_requests` (`initiator_user_id`, `target_user_id`, `status`, `requested_at`, `confirmde_at`) VALUES ('8', '8', 'declined', '2012-12-27 02:04:33', '2017-09-06 10:42:17');
INSERT INTO `friend_requests` (`initiator_user_id`, `target_user_id`, `status`, `requested_at`, `confirmde_at`) VALUES ('9', '9', 'requested', '1984-06-26 07:06:15', '2019-04-24 21:39:50');
INSERT INTO `friend_requests` (`initiator_user_id`, `target_user_id`, `status`, `requested_at`, `confirmde_at`) VALUES ('10', '10', 'unfriended', '1973-04-28 18:06:03', '2013-10-16 09:41:22');
INSERT INTO `friend_requests` (`initiator_user_id`, `target_user_id`, `status`, `requested_at`, `confirmde_at`) VALUES ('11', '11', 'requested', '2003-11-07 06:24:43', '1972-09-21 02:32:21');
INSERT INTO `friend_requests` (`initiator_user_id`, `target_user_id`, `status`, `requested_at`, `confirmde_at`) VALUES ('12', '12', 'declined', '2007-07-29 02:52:16', '2008-08-07 03:23:35');
INSERT INTO `friend_requests` (`initiator_user_id`, `target_user_id`, `status`, `requested_at`, `confirmde_at`) VALUES ('13', '13', 'declined', '1973-05-15 03:46:32', '2006-03-24 09:52:43');
INSERT INTO `friend_requests` (`initiator_user_id`, `target_user_id`, `status`, `requested_at`, `confirmde_at`) VALUES ('14', '14', 'unfriended', '1972-05-26 12:04:38', '1997-10-18 23:17:48');
INSERT INTO `friend_requests` (`initiator_user_id`, `target_user_id`, `status`, `requested_at`, `confirmde_at`) VALUES ('15', '15', 'unfriended', '1995-10-18 15:40:42', '2015-03-16 17:33:52');
INSERT INTO `friend_requests` (`initiator_user_id`, `target_user_id`, `status`, `requested_at`, `confirmde_at`) VALUES ('16', '16', 'requested', '1988-12-25 18:57:55', '1976-04-11 14:57:21');
INSERT INTO `friend_requests` (`initiator_user_id`, `target_user_id`, `status`, `requested_at`, `confirmde_at`) VALUES ('17', '17', 'unfriended', '1986-05-31 01:31:13', '2018-07-26 10:23:32');
INSERT INTO `friend_requests` (`initiator_user_id`, `target_user_id`, `status`, `requested_at`, `confirmde_at`) VALUES ('18', '18', 'approved', '2005-11-18 00:10:04', '2018-07-12 09:22:34');
INSERT INTO `friend_requests` (`initiator_user_id`, `target_user_id`, `status`, `requested_at`, `confirmde_at`) VALUES ('19', '19', 'requested', '1991-08-07 16:31:56', '2018-04-04 23:54:08');
INSERT INTO `friend_requests` (`initiator_user_id`, `target_user_id`, `status`, `requested_at`, `confirmde_at`) VALUES ('20', '20', 'requested', '1979-07-10 14:51:07', '1983-11-03 01:01:35');
INSERT INTO `friend_requests` (`initiator_user_id`, `target_user_id`, `status`, `requested_at`, `confirmde_at`) VALUES ('21', '21', 'approved', '1992-01-21 04:07:57', '1985-02-09 01:40:15');
INSERT INTO `friend_requests` (`initiator_user_id`, `target_user_id`, `status`, `requested_at`, `confirmde_at`) VALUES ('22', '22', 'declined', '2008-08-07 01:39:05', '1991-11-17 17:11:42');
INSERT INTO `friend_requests` (`initiator_user_id`, `target_user_id`, `status`, `requested_at`, `confirmde_at`) VALUES ('23', '23', 'approved', '2002-04-02 11:40:57', '1994-09-22 11:48:37');
INSERT INTO `friend_requests` (`initiator_user_id`, `target_user_id`, `status`, `requested_at`, `confirmde_at`) VALUES ('24', '24', 'declined', '2015-12-07 08:04:40', '1990-11-27 14:10:46');
INSERT INTO `friend_requests` (`initiator_user_id`, `target_user_id`, `status`, `requested_at`, `confirmde_at`) VALUES ('25', '25', 'declined', '1971-06-12 06:53:56', '2017-11-12 06:56:44');
INSERT INTO `friend_requests` (`initiator_user_id`, `target_user_id`, `status`, `requested_at`, `confirmde_at`) VALUES ('26', '26', 'requested', '2005-06-29 01:00:21', '1993-03-17 14:32:29');
INSERT INTO `friend_requests` (`initiator_user_id`, `target_user_id`, `status`, `requested_at`, `confirmde_at`) VALUES ('27', '27', 'requested', '2013-03-10 05:48:47', '1994-04-26 02:55:58');
INSERT INTO `friend_requests` (`initiator_user_id`, `target_user_id`, `status`, `requested_at`, `confirmde_at`) VALUES ('28', '28', 'approved', '2004-07-31 16:59:48', '1983-04-17 13:46:02');
INSERT INTO `friend_requests` (`initiator_user_id`, `target_user_id`, `status`, `requested_at`, `confirmde_at`) VALUES ('29', '29', 'unfriended', '1975-01-20 20:23:39', '1985-11-29 12:28:19');
INSERT INTO `friend_requests` (`initiator_user_id`, `target_user_id`, `status`, `requested_at`, `confirmde_at`) VALUES ('30', '30', 'approved', '1972-10-09 12:23:07', '1971-05-04 18:48:52');
INSERT INTO `friend_requests` (`initiator_user_id`, `target_user_id`, `status`, `requested_at`, `confirmde_at`) VALUES ('31', '31', 'declined', '2004-05-31 17:08:35', '1971-11-25 01:39:58');
INSERT INTO `friend_requests` (`initiator_user_id`, `target_user_id`, `status`, `requested_at`, `confirmde_at`) VALUES ('32', '32', 'unfriended', '1978-05-11 10:21:54', '2000-10-16 23:50:45');
INSERT INTO `friend_requests` (`initiator_user_id`, `target_user_id`, `status`, `requested_at`, `confirmde_at`) VALUES ('33', '33', 'requested', '1987-04-11 10:10:38', '2015-04-22 06:13:57');
INSERT INTO `friend_requests` (`initiator_user_id`, `target_user_id`, `status`, `requested_at`, `confirmde_at`) VALUES ('34', '34', 'requested', '1985-08-07 18:05:50', '2016-10-13 11:19:48');
INSERT INTO `friend_requests` (`initiator_user_id`, `target_user_id`, `status`, `requested_at`, `confirmde_at`) VALUES ('35', '35', 'approved', '1985-12-07 00:21:28', '2002-09-02 21:29:13');
INSERT INTO `friend_requests` (`initiator_user_id`, `target_user_id`, `status`, `requested_at`, `confirmde_at`) VALUES ('36', '36', 'approved', '2005-10-24 18:47:59', '1972-11-28 02:08:46');
INSERT INTO `friend_requests` (`initiator_user_id`, `target_user_id`, `status`, `requested_at`, `confirmde_at`) VALUES ('37', '37', 'unfriended', '1988-01-12 07:50:40', '1993-05-28 06:47:45');
INSERT INTO `friend_requests` (`initiator_user_id`, `target_user_id`, `status`, `requested_at`, `confirmde_at`) VALUES ('38', '38', 'declined', '1970-01-23 11:50:25', '2013-07-10 00:57:41');
INSERT INTO `friend_requests` (`initiator_user_id`, `target_user_id`, `status`, `requested_at`, `confirmde_at`) VALUES ('39', '39', 'approved', '1978-11-16 22:49:35', '2011-10-08 23:21:33');
INSERT INTO `friend_requests` (`initiator_user_id`, `target_user_id`, `status`, `requested_at`, `confirmde_at`) VALUES ('40', '40', 'requested', '2016-03-29 08:55:03', '1974-08-22 11:29:12');
INSERT INTO `friend_requests` (`initiator_user_id`, `target_user_id`, `status`, `requested_at`, `confirmde_at`) VALUES ('41', '41', 'declined', '1992-11-10 17:39:54', '1974-03-12 03:17:37');
INSERT INTO `friend_requests` (`initiator_user_id`, `target_user_id`, `status`, `requested_at`, `confirmde_at`) VALUES ('42', '42', 'approved', '2010-03-31 21:41:57', '2015-09-20 20:41:10');
INSERT INTO `friend_requests` (`initiator_user_id`, `target_user_id`, `status`, `requested_at`, `confirmde_at`) VALUES ('43', '43', 'approved', '1994-03-13 02:57:20', '2004-11-16 18:42:34');
INSERT INTO `friend_requests` (`initiator_user_id`, `target_user_id`, `status`, `requested_at`, `confirmde_at`) VALUES ('44', '44', 'unfriended', '1980-05-03 08:09:14', '2019-09-24 01:30:41');
INSERT INTO `friend_requests` (`initiator_user_id`, `target_user_id`, `status`, `requested_at`, `confirmde_at`) VALUES ('45', '45', 'approved', '2012-03-25 23:22:10', '1983-01-29 16:46:46');
INSERT INTO `friend_requests` (`initiator_user_id`, `target_user_id`, `status`, `requested_at`, `confirmde_at`) VALUES ('46', '46', 'unfriended', '2012-09-08 20:04:05', '2010-05-29 03:11:53');
INSERT INTO `friend_requests` (`initiator_user_id`, `target_user_id`, `status`, `requested_at`, `confirmde_at`) VALUES ('47', '47', 'approved', '1985-09-16 16:50:33', '2002-10-27 04:02:16');
INSERT INTO `friend_requests` (`initiator_user_id`, `target_user_id`, `status`, `requested_at`, `confirmde_at`) VALUES ('48', '48', 'unfriended', '1995-06-05 11:59:16', '2017-05-23 21:58:52');
INSERT INTO `friend_requests` (`initiator_user_id`, `target_user_id`, `status`, `requested_at`, `confirmde_at`) VALUES ('49', '49', 'approved', '2013-04-22 06:02:48', '1998-02-22 12:42:33');
INSERT INTO `friend_requests` (`initiator_user_id`, `target_user_id`, `status`, `requested_at`, `confirmde_at`) VALUES ('50', '50', 'approved', '1993-11-25 23:02:35', '1984-01-22 01:57:24');
INSERT INTO `friend_requests` (`initiator_user_id`, `target_user_id`, `status`, `requested_at`, `confirmde_at`) VALUES ('51', '51', 'declined', '2020-01-13 13:55:52', '2002-07-29 15:42:49');
INSERT INTO `friend_requests` (`initiator_user_id`, `target_user_id`, `status`, `requested_at`, `confirmde_at`) VALUES ('52', '52', 'approved', '1971-02-23 03:49:54', '2002-02-24 20:54:31');
INSERT INTO `friend_requests` (`initiator_user_id`, `target_user_id`, `status`, `requested_at`, `confirmde_at`) VALUES ('53', '53', 'declined', '1971-07-12 09:15:21', '2018-09-09 15:57:56');
INSERT INTO `friend_requests` (`initiator_user_id`, `target_user_id`, `status`, `requested_at`, `confirmde_at`) VALUES ('54', '54', 'approved', '2011-08-11 18:06:50', '2020-04-14 01:23:51');
INSERT INTO `friend_requests` (`initiator_user_id`, `target_user_id`, `status`, `requested_at`, `confirmde_at`) VALUES ('55', '55', 'approved', '1978-07-01 04:41:09', '1989-10-01 15:03:04');
INSERT INTO `friend_requests` (`initiator_user_id`, `target_user_id`, `status`, `requested_at`, `confirmde_at`) VALUES ('56', '56', 'declined', '1991-12-14 08:36:07', '1987-08-01 04:53:37');
INSERT INTO `friend_requests` (`initiator_user_id`, `target_user_id`, `status`, `requested_at`, `confirmde_at`) VALUES ('57', '57', 'approved', '1971-10-30 21:50:57', '1979-03-24 14:38:29');
INSERT INTO `friend_requests` (`initiator_user_id`, `target_user_id`, `status`, `requested_at`, `confirmde_at`) VALUES ('58', '58', 'unfriended', '2012-12-21 04:13:58', '2001-12-26 18:43:12');
INSERT INTO `friend_requests` (`initiator_user_id`, `target_user_id`, `status`, `requested_at`, `confirmde_at`) VALUES ('59', '59', 'approved', '2008-08-19 01:56:35', '2015-08-25 05:16:19');
INSERT INTO `friend_requests` (`initiator_user_id`, `target_user_id`, `status`, `requested_at`, `confirmde_at`) VALUES ('60', '60', 'requested', '1993-03-25 02:54:27', '2004-06-06 10:24:17');
INSERT INTO `friend_requests` (`initiator_user_id`, `target_user_id`, `status`, `requested_at`, `confirmde_at`) VALUES ('61', '61', 'declined', '1976-06-15 13:12:06', '1990-09-21 09:25:44');
INSERT INTO `friend_requests` (`initiator_user_id`, `target_user_id`, `status`, `requested_at`, `confirmde_at`) VALUES ('62', '62', 'unfriended', '1979-01-05 15:55:49', '2019-01-24 09:17:20');
INSERT INTO `friend_requests` (`initiator_user_id`, `target_user_id`, `status`, `requested_at`, `confirmde_at`) VALUES ('63', '63', 'declined', '1979-06-08 09:17:14', '2002-06-18 13:01:42');
INSERT INTO `friend_requests` (`initiator_user_id`, `target_user_id`, `status`, `requested_at`, `confirmde_at`) VALUES ('64', '64', 'declined', '1993-03-29 14:04:26', '1996-08-16 02:59:48');
INSERT INTO `friend_requests` (`initiator_user_id`, `target_user_id`, `status`, `requested_at`, `confirmde_at`) VALUES ('65', '65', 'requested', '1987-11-03 12:59:34', '1987-03-18 11:29:57');
INSERT INTO `friend_requests` (`initiator_user_id`, `target_user_id`, `status`, `requested_at`, `confirmde_at`) VALUES ('66', '66', 'requested', '1997-08-18 09:06:51', '2013-10-14 09:54:01');
INSERT INTO `friend_requests` (`initiator_user_id`, `target_user_id`, `status`, `requested_at`, `confirmde_at`) VALUES ('67', '67', 'declined', '1984-04-21 20:33:54', '1997-07-19 03:07:01');
INSERT INTO `friend_requests` (`initiator_user_id`, `target_user_id`, `status`, `requested_at`, `confirmde_at`) VALUES ('68', '68', 'requested', '1990-04-23 04:38:36', '1971-03-30 10:48:48');
INSERT INTO `friend_requests` (`initiator_user_id`, `target_user_id`, `status`, `requested_at`, `confirmde_at`) VALUES ('69', '69', 'declined', '2000-09-20 10:37:21', '2017-12-19 11:28:04');
INSERT INTO `friend_requests` (`initiator_user_id`, `target_user_id`, `status`, `requested_at`, `confirmde_at`) VALUES ('70', '70', 'unfriended', '1985-03-13 10:13:42', '2001-08-03 02:01:12');
INSERT INTO `friend_requests` (`initiator_user_id`, `target_user_id`, `status`, `requested_at`, `confirmde_at`) VALUES ('71', '71', 'requested', '1992-02-04 05:15:37', '2015-09-24 04:48:25');
INSERT INTO `friend_requests` (`initiator_user_id`, `target_user_id`, `status`, `requested_at`, `confirmde_at`) VALUES ('72', '72', 'requested', '1982-11-07 03:03:09', '1991-12-22 20:02:20');
INSERT INTO `friend_requests` (`initiator_user_id`, `target_user_id`, `status`, `requested_at`, `confirmde_at`) VALUES ('73', '73', 'approved', '1977-08-06 16:27:03', '1973-06-07 18:15:51');
INSERT INTO `friend_requests` (`initiator_user_id`, `target_user_id`, `status`, `requested_at`, `confirmde_at`) VALUES ('74', '74', 'declined', '1980-07-13 15:55:04', '1976-07-12 22:22:34');
INSERT INTO `friend_requests` (`initiator_user_id`, `target_user_id`, `status`, `requested_at`, `confirmde_at`) VALUES ('75', '75', 'declined', '2012-10-28 09:14:08', '1973-06-27 02:50:09');
INSERT INTO `friend_requests` (`initiator_user_id`, `target_user_id`, `status`, `requested_at`, `confirmde_at`) VALUES ('76', '76', 'approved', '1973-11-13 20:27:50', '2015-10-23 23:34:55');
INSERT INTO `friend_requests` (`initiator_user_id`, `target_user_id`, `status`, `requested_at`, `confirmde_at`) VALUES ('77', '77', 'unfriended', '1979-05-11 19:42:48', '1987-06-12 21:22:38');
INSERT INTO `friend_requests` (`initiator_user_id`, `target_user_id`, `status`, `requested_at`, `confirmde_at`) VALUES ('78', '78', 'requested', '2007-07-29 11:52:13', '1970-02-26 00:34:54');
INSERT INTO `friend_requests` (`initiator_user_id`, `target_user_id`, `status`, `requested_at`, `confirmde_at`) VALUES ('79', '79', 'unfriended', '2006-09-04 05:52:59', '1984-12-24 06:45:21');
INSERT INTO `friend_requests` (`initiator_user_id`, `target_user_id`, `status`, `requested_at`, `confirmde_at`) VALUES ('80', '80', 'requested', '1975-07-02 11:14:56', '2004-10-15 08:40:24');
INSERT INTO `friend_requests` (`initiator_user_id`, `target_user_id`, `status`, `requested_at`, `confirmde_at`) VALUES ('81', '81', 'requested', '1992-07-04 22:53:19', '1984-02-04 20:13:11');
INSERT INTO `friend_requests` (`initiator_user_id`, `target_user_id`, `status`, `requested_at`, `confirmde_at`) VALUES ('82', '82', 'approved', '2002-01-23 19:03:35', '2007-12-31 12:31:13');
INSERT INTO `friend_requests` (`initiator_user_id`, `target_user_id`, `status`, `requested_at`, `confirmde_at`) VALUES ('83', '83', 'unfriended', '2001-02-02 16:36:27', '2014-10-04 06:49:20');
INSERT INTO `friend_requests` (`initiator_user_id`, `target_user_id`, `status`, `requested_at`, `confirmde_at`) VALUES ('84', '84', 'unfriended', '2006-01-21 08:59:51', '2002-04-08 12:04:50');
INSERT INTO `friend_requests` (`initiator_user_id`, `target_user_id`, `status`, `requested_at`, `confirmde_at`) VALUES ('85', '85', 'approved', '1986-10-12 11:45:44', '2005-10-24 05:01:46');
INSERT INTO `friend_requests` (`initiator_user_id`, `target_user_id`, `status`, `requested_at`, `confirmde_at`) VALUES ('86', '86', 'approved', '1987-07-18 04:03:07', '2007-12-15 03:49:00');
INSERT INTO `friend_requests` (`initiator_user_id`, `target_user_id`, `status`, `requested_at`, `confirmde_at`) VALUES ('87', '87', 'requested', '2013-10-21 22:21:27', '1975-03-27 18:44:09');
INSERT INTO `friend_requests` (`initiator_user_id`, `target_user_id`, `status`, `requested_at`, `confirmde_at`) VALUES ('88', '88', 'unfriended', '1977-10-03 06:51:02', '2015-05-26 17:29:33');
INSERT INTO `friend_requests` (`initiator_user_id`, `target_user_id`, `status`, `requested_at`, `confirmde_at`) VALUES ('89', '89', 'declined', '1988-05-06 10:21:46', '1974-11-02 06:52:25');
INSERT INTO `friend_requests` (`initiator_user_id`, `target_user_id`, `status`, `requested_at`, `confirmde_at`) VALUES ('90', '90', 'unfriended', '1986-11-26 20:55:06', '1998-08-07 12:57:05');
INSERT INTO `friend_requests` (`initiator_user_id`, `target_user_id`, `status`, `requested_at`, `confirmde_at`) VALUES ('91', '91', 'approved', '1976-07-20 21:00:44', '1982-02-26 22:19:19');
INSERT INTO `friend_requests` (`initiator_user_id`, `target_user_id`, `status`, `requested_at`, `confirmde_at`) VALUES ('92', '92', 'declined', '1980-08-20 18:23:58', '1977-04-29 20:12:19');
INSERT INTO `friend_requests` (`initiator_user_id`, `target_user_id`, `status`, `requested_at`, `confirmde_at`) VALUES ('93', '93', 'approved', '1975-01-05 15:52:45', '1991-07-08 16:03:19');
INSERT INTO `friend_requests` (`initiator_user_id`, `target_user_id`, `status`, `requested_at`, `confirmde_at`) VALUES ('94', '94', 'approved', '1977-04-30 09:12:43', '2002-07-26 06:45:13');
INSERT INTO `friend_requests` (`initiator_user_id`, `target_user_id`, `status`, `requested_at`, `confirmde_at`) VALUES ('95', '95', 'approved', '1973-03-28 11:13:25', '1999-07-18 09:02:58');
INSERT INTO `friend_requests` (`initiator_user_id`, `target_user_id`, `status`, `requested_at`, `confirmde_at`) VALUES ('96', '96', 'requested', '1996-11-13 17:12:05', '2005-07-05 14:45:48');
INSERT INTO `friend_requests` (`initiator_user_id`, `target_user_id`, `status`, `requested_at`, `confirmde_at`) VALUES ('97', '97', 'unfriended', '2004-12-30 04:37:09', '1977-09-30 16:55:57');
INSERT INTO `friend_requests` (`initiator_user_id`, `target_user_id`, `status`, `requested_at`, `confirmde_at`) VALUES ('98', '98', 'declined', '1979-08-31 12:31:22', '1974-07-02 20:50:18');
INSERT INTO `friend_requests` (`initiator_user_id`, `target_user_id`, `status`, `requested_at`, `confirmde_at`) VALUES ('99', '99', 'declined', '2001-06-24 21:06:48', '2020-05-10 07:58:54');
INSERT INTO `friend_requests` (`initiator_user_id`, `target_user_id`, `status`, `requested_at`, `confirmde_at`) VALUES ('100', '100', 'approved', '2019-12-03 15:48:52', '1975-10-02 19:07:27');

-- communities data

INSERT INTO `communities` (`id`, `name`) VALUES ('36', 'adipisci');
INSERT INTO `communities` (`id`, `name`) VALUES ('43', 'aperiam');
INSERT INTO `communities` (`id`, `name`) VALUES ('52', 'aperiam');
INSERT INTO `communities` (`id`, `name`) VALUES ('60', 'at');
INSERT INTO `communities` (`id`, `name`) VALUES ('94', 'atque');
INSERT INTO `communities` (`id`, `name`) VALUES ('55', 'blanditiis');
INSERT INTO `communities` (`id`, `name`) VALUES ('50', 'consequatur');
INSERT INTO `communities` (`id`, `name`) VALUES ('25', 'corporis');
INSERT INTO `communities` (`id`, `name`) VALUES ('100', 'corrupti');
INSERT INTO `communities` (`id`, `name`) VALUES ('92', 'cum');
INSERT INTO `communities` (`id`, `name`) VALUES ('34', 'deleniti');
INSERT INTO `communities` (`id`, `name`) VALUES ('59', 'dignissimos');
INSERT INTO `communities` (`id`, `name`) VALUES ('89', 'dolorem');
INSERT INTO `communities` (`id`, `name`) VALUES ('38', 'doloribus');
INSERT INTO `communities` (`id`, `name`) VALUES ('71', 'ducimus');
INSERT INTO `communities` (`id`, `name`) VALUES ('1', 'eligendi');
INSERT INTO `communities` (`id`, `name`) VALUES ('77', 'eligendi');
INSERT INTO `communities` (`id`, `name`) VALUES ('81', 'error');
INSERT INTO `communities` (`id`, `name`) VALUES ('15', 'esse');
INSERT INTO `communities` (`id`, `name`) VALUES ('49', 'esse');
INSERT INTO `communities` (`id`, `name`) VALUES ('11', 'est');
INSERT INTO `communities` (`id`, `name`) VALUES ('22', 'est');
INSERT INTO `communities` (`id`, `name`) VALUES ('26', 'est');
INSERT INTO `communities` (`id`, `name`) VALUES ('35', 'est');
INSERT INTO `communities` (`id`, `name`) VALUES ('8', 'et');
INSERT INTO `communities` (`id`, `name`) VALUES ('13', 'et');
INSERT INTO `communities` (`id`, `name`) VALUES ('19', 'et');
INSERT INTO `communities` (`id`, `name`) VALUES ('20', 'et');
INSERT INTO `communities` (`id`, `name`) VALUES ('57', 'et');
INSERT INTO `communities` (`id`, `name`) VALUES ('63', 'et');
INSERT INTO `communities` (`id`, `name`) VALUES ('82', 'et');
INSERT INTO `communities` (`id`, `name`) VALUES ('96', 'et');
INSERT INTO `communities` (`id`, `name`) VALUES ('42', 'ex');
INSERT INTO `communities` (`id`, `name`) VALUES ('70', 'ex');
INSERT INTO `communities` (`id`, `name`) VALUES ('85', 'excepturi');
INSERT INTO `communities` (`id`, `name`) VALUES ('88', 'excepturi');
INSERT INTO `communities` (`id`, `name`) VALUES ('33', 'fuga');
INSERT INTO `communities` (`id`, `name`) VALUES ('79', 'fugit');
INSERT INTO `communities` (`id`, `name`) VALUES ('80', 'fugit');
INSERT INTO `communities` (`id`, `name`) VALUES ('5', 'id');
INSERT INTO `communities` (`id`, `name`) VALUES ('47', 'id');
INSERT INTO `communities` (`id`, `name`) VALUES ('45', 'illo');
INSERT INTO `communities` (`id`, `name`) VALUES ('65', 'illo');
INSERT INTO `communities` (`id`, `name`) VALUES ('21', 'in');
INSERT INTO `communities` (`id`, `name`) VALUES ('76', 'ipsa');
INSERT INTO `communities` (`id`, `name`) VALUES ('67', 'ipsam');
INSERT INTO `communities` (`id`, `name`) VALUES ('48', 'ipsum');
INSERT INTO `communities` (`id`, `name`) VALUES ('4', 'iste');
INSERT INTO `communities` (`id`, `name`) VALUES ('17', 'iste');
INSERT INTO `communities` (`id`, `name`) VALUES ('64', 'iste');
INSERT INTO `communities` (`id`, `name`) VALUES ('83', 'iste');
INSERT INTO `communities` (`id`, `name`) VALUES ('23', 'iure');
INSERT INTO `communities` (`id`, `name`) VALUES ('90', 'iure');
INSERT INTO `communities` (`id`, `name`) VALUES ('2', 'magnam');
INSERT INTO `communities` (`id`, `name`) VALUES ('69', 'molestias');
INSERT INTO `communities` (`id`, `name`) VALUES ('98', 'molestias');
INSERT INTO `communities` (`id`, `name`) VALUES ('53', 'mollitia');
INSERT INTO `communities` (`id`, `name`) VALUES ('62', 'necessitatibus');
INSERT INTO `communities` (`id`, `name`) VALUES ('14', 'neque');
INSERT INTO `communities` (`id`, `name`) VALUES ('58', 'neque');
INSERT INTO `communities` (`id`, `name`) VALUES ('72', 'nesciunt');
INSERT INTO `communities` (`id`, `name`) VALUES ('29', 'nihil');
INSERT INTO `communities` (`id`, `name`) VALUES ('39', 'nihil');
INSERT INTO `communities` (`id`, `name`) VALUES ('51', 'nobis');
INSERT INTO `communities` (`id`, `name`) VALUES ('16', 'non');
INSERT INTO `communities` (`id`, `name`) VALUES ('91', 'numquam');
INSERT INTO `communities` (`id`, `name`) VALUES ('75', 'odio');
INSERT INTO `communities` (`id`, `name`) VALUES ('27', 'odit');
INSERT INTO `communities` (`id`, `name`) VALUES ('28', 'omnis');
INSERT INTO `communities` (`id`, `name`) VALUES ('84', 'pariatur');
INSERT INTO `communities` (`id`, `name`) VALUES ('99', 'pariatur');
INSERT INTO `communities` (`id`, `name`) VALUES ('40', 'placeat');
INSERT INTO `communities` (`id`, `name`) VALUES ('97', 'praesentium');
INSERT INTO `communities` (`id`, `name`) VALUES ('86', 'quaerat');
INSERT INTO `communities` (`id`, `name`) VALUES ('6', 'qui');
INSERT INTO `communities` (`id`, `name`) VALUES ('30', 'quibusdam');
INSERT INTO `communities` (`id`, `name`) VALUES ('56', 'quibusdam');
INSERT INTO `communities` (`id`, `name`) VALUES ('24', 'quis');
INSERT INTO `communities` (`id`, `name`) VALUES ('41', 'quis');
INSERT INTO `communities` (`id`, `name`) VALUES ('37', 'rem');
INSERT INTO `communities` (`id`, `name`) VALUES ('54', 'repellat');
INSERT INTO `communities` (`id`, `name`) VALUES ('68', 'repellat');
INSERT INTO `communities` (`id`, `name`) VALUES ('9', 'rerum');
INSERT INTO `communities` (`id`, `name`) VALUES ('46', 'saepe');
INSERT INTO `communities` (`id`, `name`) VALUES ('32', 'sed');
INSERT INTO `communities` (`id`, `name`) VALUES ('73', 'sed');
INSERT INTO `communities` (`id`, `name`) VALUES ('12', 'sint');
INSERT INTO `communities` (`id`, `name`) VALUES ('18', 'sint');
INSERT INTO `communities` (`id`, `name`) VALUES ('3', 'sit');
INSERT INTO `communities` (`id`, `name`) VALUES ('87', 'sit');
INSERT INTO `communities` (`id`, `name`) VALUES ('93', 'sit');
INSERT INTO `communities` (`id`, `name`) VALUES ('66', 'sunt');
INSERT INTO `communities` (`id`, `name`) VALUES ('44', 'tempore');
INSERT INTO `communities` (`id`, `name`) VALUES ('74', 'tenetur');
INSERT INTO `communities` (`id`, `name`) VALUES ('7', 'vero');
INSERT INTO `communities` (`id`, `name`) VALUES ('10', 'voluptas');
INSERT INTO `communities` (`id`, `name`) VALUES ('95', 'voluptas');
INSERT INTO `communities` (`id`, `name`) VALUES ('31', 'voluptate');
INSERT INTO `communities` (`id`, `name`) VALUES ('61', 'voluptatem');
INSERT INTO `communities` (`id`, `name`) VALUES ('78', 'voluptatum');

-- user_communities data

INSERT INTO `user_communities` (`user_id`, `community_id`, `is_admin`) VALUES ('1', '1', 0);
INSERT INTO `user_communities` (`user_id`, `community_id`, `is_admin`) VALUES ('2', '2', 1);
INSERT INTO `user_communities` (`user_id`, `community_id`, `is_admin`) VALUES ('3', '3', 1);
INSERT INTO `user_communities` (`user_id`, `community_id`, `is_admin`) VALUES ('4', '4', 0);
INSERT INTO `user_communities` (`user_id`, `community_id`, `is_admin`) VALUES ('5', '5', 0);
INSERT INTO `user_communities` (`user_id`, `community_id`, `is_admin`) VALUES ('6', '6', 1);
INSERT INTO `user_communities` (`user_id`, `community_id`, `is_admin`) VALUES ('7', '7', 0);
INSERT INTO `user_communities` (`user_id`, `community_id`, `is_admin`) VALUES ('8', '8', 0);
INSERT INTO `user_communities` (`user_id`, `community_id`, `is_admin`) VALUES ('9', '9', 0);
INSERT INTO `user_communities` (`user_id`, `community_id`, `is_admin`) VALUES ('10', '10', 1);
INSERT INTO `user_communities` (`user_id`, `community_id`, `is_admin`) VALUES ('11', '11', 0);
INSERT INTO `user_communities` (`user_id`, `community_id`, `is_admin`) VALUES ('12', '12', 1);
INSERT INTO `user_communities` (`user_id`, `community_id`, `is_admin`) VALUES ('13', '13', 1);
INSERT INTO `user_communities` (`user_id`, `community_id`, `is_admin`) VALUES ('14', '14', 1);
INSERT INTO `user_communities` (`user_id`, `community_id`, `is_admin`) VALUES ('15', '15', 1);
INSERT INTO `user_communities` (`user_id`, `community_id`, `is_admin`) VALUES ('16', '16', 0);
INSERT INTO `user_communities` (`user_id`, `community_id`, `is_admin`) VALUES ('17', '17', 1);
INSERT INTO `user_communities` (`user_id`, `community_id`, `is_admin`) VALUES ('18', '18', 1);
INSERT INTO `user_communities` (`user_id`, `community_id`, `is_admin`) VALUES ('19', '19', 0);
INSERT INTO `user_communities` (`user_id`, `community_id`, `is_admin`) VALUES ('20', '20', 1);
INSERT INTO `user_communities` (`user_id`, `community_id`, `is_admin`) VALUES ('21', '21', 0);
INSERT INTO `user_communities` (`user_id`, `community_id`, `is_admin`) VALUES ('22', '22', 1);
INSERT INTO `user_communities` (`user_id`, `community_id`, `is_admin`) VALUES ('23', '23', 1);
INSERT INTO `user_communities` (`user_id`, `community_id`, `is_admin`) VALUES ('24', '24', 0);
INSERT INTO `user_communities` (`user_id`, `community_id`, `is_admin`) VALUES ('25', '25', 0);
INSERT INTO `user_communities` (`user_id`, `community_id`, `is_admin`) VALUES ('26', '26', 0);
INSERT INTO `user_communities` (`user_id`, `community_id`, `is_admin`) VALUES ('27', '27', 1);
INSERT INTO `user_communities` (`user_id`, `community_id`, `is_admin`) VALUES ('28', '28', 1);
INSERT INTO `user_communities` (`user_id`, `community_id`, `is_admin`) VALUES ('29', '29', 0);
INSERT INTO `user_communities` (`user_id`, `community_id`, `is_admin`) VALUES ('30', '30', 0);
INSERT INTO `user_communities` (`user_id`, `community_id`, `is_admin`) VALUES ('31', '31', 1);
INSERT INTO `user_communities` (`user_id`, `community_id`, `is_admin`) VALUES ('32', '32', 1);
INSERT INTO `user_communities` (`user_id`, `community_id`, `is_admin`) VALUES ('33', '33', 1);
INSERT INTO `user_communities` (`user_id`, `community_id`, `is_admin`) VALUES ('34', '34', 0);
INSERT INTO `user_communities` (`user_id`, `community_id`, `is_admin`) VALUES ('35', '35', 1);
INSERT INTO `user_communities` (`user_id`, `community_id`, `is_admin`) VALUES ('36', '36', 1);
INSERT INTO `user_communities` (`user_id`, `community_id`, `is_admin`) VALUES ('37', '37', 0);
INSERT INTO `user_communities` (`user_id`, `community_id`, `is_admin`) VALUES ('38', '38', 0);
INSERT INTO `user_communities` (`user_id`, `community_id`, `is_admin`) VALUES ('39', '39', 1);
INSERT INTO `user_communities` (`user_id`, `community_id`, `is_admin`) VALUES ('40', '40', 0);
INSERT INTO `user_communities` (`user_id`, `community_id`, `is_admin`) VALUES ('41', '41', 1);
INSERT INTO `user_communities` (`user_id`, `community_id`, `is_admin`) VALUES ('42', '42', 0);
INSERT INTO `user_communities` (`user_id`, `community_id`, `is_admin`) VALUES ('43', '43', 0);
INSERT INTO `user_communities` (`user_id`, `community_id`, `is_admin`) VALUES ('44', '44', 0);
INSERT INTO `user_communities` (`user_id`, `community_id`, `is_admin`) VALUES ('45', '45', 0);
INSERT INTO `user_communities` (`user_id`, `community_id`, `is_admin`) VALUES ('46', '46', 0);
INSERT INTO `user_communities` (`user_id`, `community_id`, `is_admin`) VALUES ('47', '47', 1);
INSERT INTO `user_communities` (`user_id`, `community_id`, `is_admin`) VALUES ('48', '48', 0);
INSERT INTO `user_communities` (`user_id`, `community_id`, `is_admin`) VALUES ('49', '49', 0);
INSERT INTO `user_communities` (`user_id`, `community_id`, `is_admin`) VALUES ('50', '50', 0);
INSERT INTO `user_communities` (`user_id`, `community_id`, `is_admin`) VALUES ('51', '51', 1);
INSERT INTO `user_communities` (`user_id`, `community_id`, `is_admin`) VALUES ('52', '52', 1);
INSERT INTO `user_communities` (`user_id`, `community_id`, `is_admin`) VALUES ('53', '53', 0);
INSERT INTO `user_communities` (`user_id`, `community_id`, `is_admin`) VALUES ('54', '54', 0);
INSERT INTO `user_communities` (`user_id`, `community_id`, `is_admin`) VALUES ('55', '55', 0);
INSERT INTO `user_communities` (`user_id`, `community_id`, `is_admin`) VALUES ('56', '56', 1);
INSERT INTO `user_communities` (`user_id`, `community_id`, `is_admin`) VALUES ('57', '57', 1);
INSERT INTO `user_communities` (`user_id`, `community_id`, `is_admin`) VALUES ('58', '58', 1);
INSERT INTO `user_communities` (`user_id`, `community_id`, `is_admin`) VALUES ('59', '59', 0);
INSERT INTO `user_communities` (`user_id`, `community_id`, `is_admin`) VALUES ('60', '60', 0);
INSERT INTO `user_communities` (`user_id`, `community_id`, `is_admin`) VALUES ('61', '61', 0);
INSERT INTO `user_communities` (`user_id`, `community_id`, `is_admin`) VALUES ('62', '62', 1);
INSERT INTO `user_communities` (`user_id`, `community_id`, `is_admin`) VALUES ('63', '63', 0);
INSERT INTO `user_communities` (`user_id`, `community_id`, `is_admin`) VALUES ('64', '64', 1);
INSERT INTO `user_communities` (`user_id`, `community_id`, `is_admin`) VALUES ('65', '65', 1);
INSERT INTO `user_communities` (`user_id`, `community_id`, `is_admin`) VALUES ('66', '66', 1);
INSERT INTO `user_communities` (`user_id`, `community_id`, `is_admin`) VALUES ('67', '67', 1);
INSERT INTO `user_communities` (`user_id`, `community_id`, `is_admin`) VALUES ('68', '68', 0);
INSERT INTO `user_communities` (`user_id`, `community_id`, `is_admin`) VALUES ('69', '69', 0);
INSERT INTO `user_communities` (`user_id`, `community_id`, `is_admin`) VALUES ('70', '70', 1);
INSERT INTO `user_communities` (`user_id`, `community_id`, `is_admin`) VALUES ('71', '71', 1);
INSERT INTO `user_communities` (`user_id`, `community_id`, `is_admin`) VALUES ('72', '72', 1);
INSERT INTO `user_communities` (`user_id`, `community_id`, `is_admin`) VALUES ('73', '73', 0);
INSERT INTO `user_communities` (`user_id`, `community_id`, `is_admin`) VALUES ('74', '74', 0);
INSERT INTO `user_communities` (`user_id`, `community_id`, `is_admin`) VALUES ('75', '75', 1);
INSERT INTO `user_communities` (`user_id`, `community_id`, `is_admin`) VALUES ('76', '76', 1);
INSERT INTO `user_communities` (`user_id`, `community_id`, `is_admin`) VALUES ('77', '77', 1);
INSERT INTO `user_communities` (`user_id`, `community_id`, `is_admin`) VALUES ('78', '78', 0);
INSERT INTO `user_communities` (`user_id`, `community_id`, `is_admin`) VALUES ('79', '79', 0);
INSERT INTO `user_communities` (`user_id`, `community_id`, `is_admin`) VALUES ('80', '80', 1);
INSERT INTO `user_communities` (`user_id`, `community_id`, `is_admin`) VALUES ('81', '81', 1);
INSERT INTO `user_communities` (`user_id`, `community_id`, `is_admin`) VALUES ('82', '82', 1);
INSERT INTO `user_communities` (`user_id`, `community_id`, `is_admin`) VALUES ('83', '83', 1);
INSERT INTO `user_communities` (`user_id`, `community_id`, `is_admin`) VALUES ('84', '84', 1);
INSERT INTO `user_communities` (`user_id`, `community_id`, `is_admin`) VALUES ('85', '85', 0);
INSERT INTO `user_communities` (`user_id`, `community_id`, `is_admin`) VALUES ('86', '86', 1);
INSERT INTO `user_communities` (`user_id`, `community_id`, `is_admin`) VALUES ('87', '87', 1);
INSERT INTO `user_communities` (`user_id`, `community_id`, `is_admin`) VALUES ('88', '88', 1);
INSERT INTO `user_communities` (`user_id`, `community_id`, `is_admin`) VALUES ('89', '89', 0);
INSERT INTO `user_communities` (`user_id`, `community_id`, `is_admin`) VALUES ('90', '90', 0);
INSERT INTO `user_communities` (`user_id`, `community_id`, `is_admin`) VALUES ('91', '91', 0);
INSERT INTO `user_communities` (`user_id`, `community_id`, `is_admin`) VALUES ('92', '92', 1);
INSERT INTO `user_communities` (`user_id`, `community_id`, `is_admin`) VALUES ('93', '93', 0);
INSERT INTO `user_communities` (`user_id`, `community_id`, `is_admin`) VALUES ('94', '94', 1);
INSERT INTO `user_communities` (`user_id`, `community_id`, `is_admin`) VALUES ('95', '95', 0);
INSERT INTO `user_communities` (`user_id`, `community_id`, `is_admin`) VALUES ('96', '96', 0);
INSERT INTO `user_communities` (`user_id`, `community_id`, `is_admin`) VALUES ('97', '97', 1);
INSERT INTO `user_communities` (`user_id`, `community_id`, `is_admin`) VALUES ('98', '98', 0);
INSERT INTO `user_communities` (`user_id`, `community_id`, `is_admin`) VALUES ('99', '99', 1);
INSERT INTO `user_communities` (`user_id`, `community_id`, `is_admin`) VALUES ('100', '100', 1);

-- posts data

INSERT INTO `posts` (`id`, `user_id`, `body`, `metadata`, `created_at`, `updateted_at`) VALUES ('101', '1', 'Expedita laboriosam quibusdam laudantium autem minus sint. Harum facere voluptate fuga quidem libero. Vero a beatae consequatur doloremque eos iure nobis. Est delectus error eos ducimus omnis nobis.', '5333', '1991-07-24 05:10:30', '1993-10-08 13:04:22');
INSERT INTO `posts` (`id`, `user_id`, `body`, `metadata`, `created_at`, `updateted_at`) VALUES ('102', '2', 'Officiis omnis quibusdam asperiores quae et. Earum totam temporibus deserunt repudiandae ea. Ipsa modi in tempore aut.', '3310', '2003-04-27 05:49:14', '1985-03-12 00:58:50');
INSERT INTO `posts` (`id`, `user_id`, `body`, `metadata`, `created_at`, `updateted_at`) VALUES ('103', '3', 'Repellat consequatur reprehenderit consequatur natus et repellat. Veniam dolorem est non velit et et quidem. Et exercitationem quo aut enim molestiae aut. Earum earum eveniet dolore quibusdam.', '96493885', '1980-08-10 15:29:36', '1985-02-25 22:58:52');
INSERT INTO `posts` (`id`, `user_id`, `body`, `metadata`, `created_at`, `updateted_at`) VALUES ('104', '4', 'Ex recusandae quam dolorum quasi non aspernatur fugiat. Rerum ipsam qui illo rerum sed perspiciatis. Rerum similique consequatur minus iusto illo enim voluptatem. Harum quibusdam ab id ut quidem.', '3737350', '2006-01-09 08:21:24', '1988-05-02 14:33:03');
INSERT INTO `posts` (`id`, `user_id`, `body`, `metadata`, `created_at`, `updateted_at`) VALUES ('105', '5', 'Veritatis rerum saepe a et sit consequatur perferendis. Ullam fugit pariatur quasi nihil et. Distinctio sunt ullam fugiat error.', '60', '1987-05-21 12:43:42', '1970-03-15 02:15:25');
INSERT INTO `posts` (`id`, `user_id`, `body`, `metadata`, `created_at`, `updateted_at`) VALUES ('106', '6', 'Ipsum et ut et in totam. Placeat assumenda saepe eum. Et amet aut quia fugit. Repellat sit qui dolores impedit animi at.', '4', '1973-08-06 18:28:17', '2014-10-11 01:05:43');
INSERT INTO `posts` (`id`, `user_id`, `body`, `metadata`, `created_at`, `updateted_at`) VALUES ('107', '7', 'Nobis porro sint magni odio. Aliquam nostrum a ad et consectetur sed in. Aperiam officia dolorem et consectetur ea delectus et.', '9927', '1991-10-22 12:57:23', '1988-08-19 16:57:00');
INSERT INTO `posts` (`id`, `user_id`, `body`, `metadata`, `created_at`, `updateted_at`) VALUES ('108', '8', 'Praesentium quisquam et minima dolorem praesentium quibusdam. Corrupti debitis id qui minima sed et. Ab fugiat itaque praesentium velit sint doloribus. Amet natus mollitia officia quia.', '1301', '1995-07-12 04:29:53', '2001-04-21 14:16:08');
INSERT INTO `posts` (`id`, `user_id`, `body`, `metadata`, `created_at`, `updateted_at`) VALUES ('109', '9', 'Voluptas molestiae expedita quod sit qui consequatur. In rerum perferendis quisquam optio. Saepe id aliquid temporibus tenetur. Corporis aut reiciendis cupiditate rerum velit eveniet.', '4750654', '1979-02-28 08:01:08', '2008-09-13 06:21:14');
INSERT INTO `posts` (`id`, `user_id`, `body`, `metadata`, `created_at`, `updateted_at`) VALUES ('110', '10', 'Vel velit quo quisquam numquam exercitationem tempore accusamus dolorum. Consequatur cupiditate voluptatem magnam expedita dicta rerum sed eveniet. Magnam consectetur neque laboriosam saepe soluta.', '7413349', '1997-06-28 03:57:28', '1970-08-07 09:28:25');
INSERT INTO `posts` (`id`, `user_id`, `body`, `metadata`, `created_at`, `updateted_at`) VALUES ('111', '11', 'Autem quis repellat soluta. Et rem harum earum consectetur.', '10', '1999-05-11 20:52:23', '1971-04-23 13:33:13');
INSERT INTO `posts` (`id`, `user_id`, `body`, `metadata`, `created_at`, `updateted_at`) VALUES ('112', '12', 'Omnis et mollitia et doloribus ab rerum voluptatem. Fugiat nihil ea neque. Corporis nam vel excepturi laboriosam. Placeat et ut ut voluptatibus distinctio.', '9050243', '2002-06-21 22:40:27', '1990-10-31 00:26:31');
INSERT INTO `posts` (`id`, `user_id`, `body`, `metadata`, `created_at`, `updateted_at`) VALUES ('113', '13', 'Veritatis facilis unde fugit molestias aut. Eius hic aut laboriosam aut commodi atque nihil. Id possimus voluptatem exercitationem maiores ea aut omnis.', '27', '1989-12-27 23:25:01', '2006-11-10 20:36:31');
INSERT INTO `posts` (`id`, `user_id`, `body`, `metadata`, `created_at`, `updateted_at`) VALUES ('114', '15', 'Dignissimos esse saepe dolor officiis amet quia. Nihil consequuntur inventore assumenda eveniet omnis placeat nulla. Ullam esse doloremque dolorem dolore. Omnis dicta molestiae illo sint.', '634478479', '2013-08-20 02:26:00', '1977-12-22 23:33:23');
INSERT INTO `posts` (`id`, `user_id`, `body`, `metadata`, `created_at`, `updateted_at`) VALUES ('115', '16', 'Earum est est hic cumque. Similique id ipsa vel vero laudantium iusto ratione enim. Doloremque magnam ut magnam consequuntur iste. Error vel et quae dolorum.', '774092554', '1973-02-11 11:40:09', '1980-04-07 04:55:58');
INSERT INTO `posts` (`id`, `user_id`, `body`, `metadata`, `created_at`, `updateted_at`) VALUES ('116', '17', 'Aut perferendis harum eveniet consequatur. Cum enim officia et debitis. Laboriosam laborum ducimus dolor atque sed numquam non numquam. Explicabo at quia quis dolor.', '28253', '2007-11-25 20:29:56', '1993-03-04 23:07:44');
INSERT INTO `posts` (`id`, `user_id`, `body`, `metadata`, `created_at`, `updateted_at`) VALUES ('117', '18', 'Et neque vel eum et mollitia numquam. Unde alias exercitationem dolorem est minus est delectus nesciunt. Officia cumque aut rerum facilis voluptatem.', '7291', '2001-04-29 03:16:30', '1981-01-01 11:03:24');
INSERT INTO `posts` (`id`, `user_id`, `body`, `metadata`, `created_at`, `updateted_at`) VALUES ('118', '19', 'Libero aut rem ut. Impedit quia dolorem sapiente cumque fuga quisquam suscipit. Labore sit ipsam illum. Et labore magni aut molestiae aut consectetur.', '398508', '1999-10-25 22:41:08', '2002-09-12 15:18:48');
INSERT INTO `posts` (`id`, `user_id`, `body`, `metadata`, `created_at`, `updateted_at`) VALUES ('119', '20', 'A ab quibusdam minus similique nostrum. Totam aliquam temporibus in dicta. Vero sed voluptates eos et.', '9', '2005-05-28 08:50:16', '1997-08-25 01:08:08');
INSERT INTO `posts` (`id`, `user_id`, `body`, `metadata`, `created_at`, `updateted_at`) VALUES ('120', '21', 'Minima eum beatae nihil. Vitae praesentium voluptas architecto ut. Sed numquam sunt dolorem consequatur odio. Mollitia eius tempora veniam nemo perferendis maiores sint.', '65', '2013-01-13 01:14:32', '2010-02-28 05:42:42');
INSERT INTO `posts` (`id`, `user_id`, `body`, `metadata`, `created_at`, `updateted_at`) VALUES ('121', '22', 'Unde quis quia error. Aspernatur culpa fugit aperiam nisi sequi vitae. Dignissimos eaque debitis ipsum qui sed veritatis. Deserunt sit qui recusandae sit qui ad.', '65000', '2000-05-18 17:13:54', '1983-04-29 16:40:22');
INSERT INTO `posts` (`id`, `user_id`, `body`, `metadata`, `created_at`, `updateted_at`) VALUES ('122', '23', 'Eaque autem consequatur aut quos quia. Optio dolor cum ut earum error. Eligendi nostrum voluptatem quia numquam animi animi neque.\nNumquam perspiciatis non id culpa. Id modi totam similique in.', '3', '2008-01-08 06:27:06', '2016-06-03 02:58:57');
INSERT INTO `posts` (`id`, `user_id`, `body`, `metadata`, `created_at`, `updateted_at`) VALUES ('123', '24', 'Est accusantium in cum eaque quam. Qui velit alias accusamus magni. Fuga soluta distinctio officia quisquam eum et nihil. Ex delectus illum magnam illum possimus.', '9780', '2001-12-22 14:54:01', '1992-11-15 13:07:30');
INSERT INTO `posts` (`id`, `user_id`, `body`, `metadata`, `created_at`, `updateted_at`) VALUES ('124', '25', 'Ut est voluptatem culpa blanditiis iure fugiat delectus. Voluptatem recusandae repudiandae cum. Molestias quaerat aut libero provident itaque nihil. Amet quo numquam perspiciatis sit delectus.', '4730282', '2014-01-19 00:55:08', '1975-09-09 17:23:46');
INSERT INTO `posts` (`id`, `user_id`, `body`, `metadata`, `created_at`, `updateted_at`) VALUES ('125', '26', 'Saepe sint et quisquam quisquam. Et ipsum voluptas delectus sed quisquam. Architecto quisquam et atque pariatur deserunt blanditiis.', '7', '1983-02-03 09:20:21', '2013-12-03 13:49:50');
INSERT INTO `posts` (`id`, `user_id`, `body`, `metadata`, `created_at`, `updateted_at`) VALUES ('126', '27', 'Repudiandae ut asperiores vero placeat non optio et. Voluptatem nobis ut occaecati laudantium. Nobis facilis voluptas debitis est. Voluptates sit et et ducimus.', '6580029', '2011-02-01 21:40:23', '2015-09-10 18:03:49');
INSERT INTO `posts` (`id`, `user_id`, `body`, `metadata`, `created_at`, `updateted_at`) VALUES ('127', '28', 'Doloribus aperiam et et nesciunt eos nobis. Omnis omnis quo quasi culpa. Rerum accusantium voluptatibus illo saepe ullam nihil. Quos aperiam blanditiis laboriosam iure dolores adipisci et.', '3250416', '1996-12-13 19:34:12', '1989-08-31 20:53:23');
INSERT INTO `posts` (`id`, `user_id`, `body`, `metadata`, `created_at`, `updateted_at`) VALUES ('128', '29', 'Cumque odio et aut nihil facere. Eos praesentium laudantium quia est. Amet architecto earum quia eius nesciunt veniam.', '91', '1997-11-12 00:23:11', '1976-11-10 20:18:25');
INSERT INTO `posts` (`id`, `user_id`, `body`, `metadata`, `created_at`, `updateted_at`) VALUES ('129', '30', 'Beatae esse rerum earum ut molestiae architecto. Libero ea molestias natus labore. Et maiores ea voluptas.', '16721', '1989-11-28 13:50:33', '1982-08-05 21:03:41');
INSERT INTO `posts` (`id`, `user_id`, `body`, `metadata`, `created_at`, `updateted_at`) VALUES ('130', '31', 'Velit est aut qui sed. Quisquam cumque sit sint facilis explicabo. Deleniti iure libero ea tenetur quasi ducimus iste.', '3436751', '1981-02-03 18:27:50', '2006-08-14 19:26:26');
INSERT INTO `posts` (`id`, `user_id`, `body`, `metadata`, `created_at`, `updateted_at`) VALUES ('131', '32', 'Dolorem et aut id iure sapiente cupiditate. Dolorem adipisci et est incidunt. Sit consectetur ad recusandae impedit. Dolorem earum sed dolorem sunt. Expedita dolor consequatur ea dicta.', '9444977', '1991-08-19 02:56:14', '1989-06-22 20:16:53');
INSERT INTO `posts` (`id`, `user_id`, `body`, `metadata`, `created_at`, `updateted_at`) VALUES ('132', '33', 'Voluptatem quia nostrum id aperiam impedit dolore ut sed. Totam et omnis neque et omnis qui sequi. Ab quo quod quisquam quidem maxime. Ut vero reprehenderit id.', '117091', '1994-07-05 19:14:10', '1982-04-09 12:42:49');
INSERT INTO `posts` (`id`, `user_id`, `body`, `metadata`, `created_at`, `updateted_at`) VALUES ('133', '34', 'Eius aut quia voluptas voluptatem eos consequatur rerum. Iusto quas magnam quia est. Tempora dignissimos adipisci sequi perferendis sed ut nostrum.', '9050414', '2005-02-19 06:26:11', '2010-05-20 07:19:41');
INSERT INTO `posts` (`id`, `user_id`, `body`, `metadata`, `created_at`, `updateted_at`) VALUES ('134', '35', 'Inventore illo debitis ea. Magnam autem nobis maiores facere et qui dolor. Explicabo corporis fuga tempore perspiciatis nemo eius.', '5', '2020-06-10 10:46:06', '2010-08-03 08:45:57');
INSERT INTO `posts` (`id`, `user_id`, `body`, `metadata`, `created_at`, `updateted_at`) VALUES ('135', '36', 'Enim quo numquam sint. Est et non magnam et nesciunt eaque. Culpa id dolore pariatur tempore. Perferendis aut voluptatibus et earum et.', '17542243', '2008-11-03 06:31:14', '2009-09-14 16:11:31');
INSERT INTO `posts` (`id`, `user_id`, `body`, `metadata`, `created_at`, `updateted_at`) VALUES ('136', '37', 'Voluptas sunt eaque reprehenderit quis non minus. Amet nemo adipisci animi ut nesciunt. Alias quia quia incidunt eligendi.', '625462', '2019-02-02 07:09:25', '1970-12-29 14:07:17');
INSERT INTO `posts` (`id`, `user_id`, `body`, `metadata`, `created_at`, `updateted_at`) VALUES ('137', '38', 'Sed sed veniam quam quasi. Ducimus numquam maxime necessitatibus quis alias. Exercitationem magnam eum quas eligendi dolorem incidunt.', '1138360', '1996-09-13 10:06:04', '1996-05-08 22:58:29');
INSERT INTO `posts` (`id`, `user_id`, `body`, `metadata`, `created_at`, `updateted_at`) VALUES ('138', '39', 'Et omnis quis aliquid. Maiores illum inventore et consequatur vel occaecati. Vitae sint saepe ipsam optio quos quod. Consequuntur voluptatibus dolorem perferendis et et.', '9869157', '1996-11-13 17:26:56', '2008-07-21 09:10:14');
INSERT INTO `posts` (`id`, `user_id`, `body`, `metadata`, `created_at`, `updateted_at`) VALUES ('139', '40', 'Illum quia odio et autem libero laborum. Dolor nemo suscipit fugit. Eligendi consequatur rerum quaerat nihil ut excepturi fuga.', '11464', '1996-05-25 19:57:04', '1972-07-07 20:45:17');
INSERT INTO `posts` (`id`, `user_id`, `body`, `metadata`, `created_at`, `updateted_at`) VALUES ('140', '41', 'Tempore qui est nobis inventore doloribus in labore. Nobis rerum velit et hic ratione accusamus rerum. Neque sed omnis dicta ut atque qui alias.', '3174966', '2004-06-24 23:59:29', '1996-05-19 07:38:18');
INSERT INTO `posts` (`id`, `user_id`, `body`, `metadata`, `created_at`, `updateted_at`) VALUES ('141', '42', 'Perspiciatis ut aliquid in animi omnis porro est. Ex totam facilis est voluptas facere provident eligendi quaerat. Fugiat et facere delectus dicta ut distinctio impedit.', '70', '1971-12-06 20:23:59', '2008-05-26 13:32:55');
INSERT INTO `posts` (`id`, `user_id`, `body`, `metadata`, `created_at`, `updateted_at`) VALUES ('142', '43', 'Minus deserunt quibusdam molestiae sed et quaerat aspernatur. Tempora et eaque ut cum natus. Nobis sint quae enim commodi et sit.', '15322985', '1995-08-06 18:47:59', '2019-06-17 08:18:21');
INSERT INTO `posts` (`id`, `user_id`, `body`, `metadata`, `created_at`, `updateted_at`) VALUES ('143', '44', 'Consequatur non est veritatis veritatis. Consequatur suscipit est voluptatem pariatur. Beatae ipsa qui consequuntur qui qui necessitatibus.', '9053', '2008-07-30 17:47:49', '2014-04-23 05:34:55');
INSERT INTO `posts` (`id`, `user_id`, `body`, `metadata`, `created_at`, `updateted_at`) VALUES ('144', '45', 'Veniam ex voluptas quo. Delectus consequatur nihil non et.\nPorro rerum neque sint ex. Ut odio sint enim ipsa eum et. Nobis dolorem et ab aut voluptatem ut.', '62113561', '1999-02-06 19:16:42', '1992-10-03 16:31:27');
INSERT INTO `posts` (`id`, `user_id`, `body`, `metadata`, `created_at`, `updateted_at`) VALUES ('145', '47', 'In consequatur consequatur quae molestias tempora error quae. Rerum distinctio molestiae quis impedit ab quod. Magni dolorum cupiditate consequuntur enim eos accusantium sequi.', '73524', '1970-10-25 19:59:13', '2018-01-17 01:19:08');
INSERT INTO `posts` (`id`, `user_id`, `body`, `metadata`, `created_at`, `updateted_at`) VALUES ('146', '48', 'Non similique nihil fuga provident voluptatem. Iure quis sed aut tenetur omnis culpa sequi amet. Necessitatibus dicta dolores reiciendis illum commodi.', '45727', '1997-07-19 16:25:02', '1985-12-24 12:02:30');
INSERT INTO `posts` (`id`, `user_id`, `body`, `metadata`, `created_at`, `updateted_at`) VALUES ('147', '49', 'Facilis id aut et ea aut nulla. Accusantium iusto nisi itaque ratione ullam. Delectus nostrum officia nisi et rerum. Doloribus amet voluptatibus id rerum. Fugiat beatae facilis quos.', '95871432', '1974-10-19 03:19:17', '1975-12-10 04:21:07');
INSERT INTO `posts` (`id`, `user_id`, `body`, `metadata`, `created_at`, `updateted_at`) VALUES ('148', '50', 'Veniam repellat voluptatibus nihil rerum natus ducimus pariatur. Voluptatem amet quos harum fuga vel veritatis tempore dolor. Quidem eos sit qui cum labore. Odit voluptas doloribus ullam expedita.', '16464540', '1974-04-16 22:47:43', '1971-07-27 22:34:58');
INSERT INTO `posts` (`id`, `user_id`, `body`, `metadata`, `created_at`, `updateted_at`) VALUES ('149', '51', 'Veritatis excepturi sit voluptates est eaque tempora. Et ducimus omnis ipsa quia aut nisi rerum. Iusto numquam sunt similique sed consequuntur assumenda.', '56853', '1975-06-10 08:09:11', '1988-07-13 10:31:04');
INSERT INTO `posts` (`id`, `user_id`, `body`, `metadata`, `created_at`, `updateted_at`) VALUES ('150', '52', 'Consequuntur tempore inventore sequi rerum mollitia officiis quia quia. Et ut esse ut dolorum dolor sit. Error fuga illo placeat animi nesciunt velit expedita quo.', '188199', '1979-01-22 14:58:47', '2003-12-03 21:28:54');
INSERT INTO `posts` (`id`, `user_id`, `body`, `metadata`, `created_at`, `updateted_at`) VALUES ('151', '53', 'Corporis sit nobis non et asperiores. Asperiores aut sit inventore ipsum. Aperiam rerum minima accusantium occaecati.', '22', '2000-05-21 01:09:16', '1984-08-13 03:16:09');
INSERT INTO `posts` (`id`, `user_id`, `body`, `metadata`, `created_at`, `updateted_at`) VALUES ('152', '54', 'Aperiam sint aperiam non. Commodi impedit quia omnis eligendi qui modi corrupti eos. Illum mollitia vitae omnis esse architecto.', '97', '1981-04-27 23:38:27', '2020-08-19 07:23:28');
INSERT INTO `posts` (`id`, `user_id`, `body`, `metadata`, `created_at`, `updateted_at`) VALUES ('153', '56', 'Omnis ipsum facilis aut. Nisi cupiditate molestias voluptate. Adipisci harum voluptas aut voluptatem non laborum fugiat. Odit vitae dolor qui est aut praesentium.', '43849871', '1991-02-27 01:57:58', '1972-12-05 01:33:34');
INSERT INTO `posts` (`id`, `user_id`, `body`, `metadata`, `created_at`, `updateted_at`) VALUES ('154', '57', 'Ducimus molestiae quos omnis et. Pariatur adipisci rerum alias. Ut ipsam repellendus aut nisi et minima a. Temporibus qui quasi placeat totam incidunt.', '972', '1985-08-05 11:54:33', '1999-04-26 14:43:46');
INSERT INTO `posts` (`id`, `user_id`, `body`, `metadata`, `created_at`, `updateted_at`) VALUES ('155', '58', 'Quam enim et et ipsam occaecati ducimus minima. Dolore aut laborum corporis doloribus et.', '84', '1981-11-15 15:02:15', '1984-01-26 14:49:34');
INSERT INTO `posts` (`id`, `user_id`, `body`, `metadata`, `created_at`, `updateted_at`) VALUES ('156', '59', 'Doloribus enim molestiae qui quis illum delectus. Et dolor magnam voluptate. Aliquam et sit id.', '788589', '2010-11-26 16:19:54', '2008-07-11 02:21:19');
INSERT INTO `posts` (`id`, `user_id`, `body`, `metadata`, `created_at`, `updateted_at`) VALUES ('157', '60', 'Consequatur laborum perspiciatis voluptas ab. Rerum eaque voluptas voluptatum saepe. Sapiente quas vero optio explicabo. Delectus nesciunt in eveniet numquam perferendis nostrum reprehenderit.', '81374', '1990-09-06 20:42:35', '1981-12-24 15:40:07');
INSERT INTO `posts` (`id`, `user_id`, `body`, `metadata`, `created_at`, `updateted_at`) VALUES ('158', '61', 'Perferendis natus dolorem natus ullam. Hic maiores magnam dolores totam adipisci repudiandae eligendi. Ipsa magni ut odit. Molestiae nemo dolorem incidunt sint et odio.', '124', '1977-11-30 20:14:27', '1984-09-25 03:44:13');
INSERT INTO `posts` (`id`, `user_id`, `body`, `metadata`, `created_at`, `updateted_at`) VALUES ('159', '62', 'Exercitationem quia fugiat explicabo quia aut et soluta. Vero quis in tenetur quia ea in ullam. Voluptatem quas debitis accusamus quo. Qui soluta sunt inventore eum iste voluptatibus qui.', '6459204', '2010-07-24 20:12:48', '1970-04-25 12:20:29');
INSERT INTO `posts` (`id`, `user_id`, `body`, `metadata`, `created_at`, `updateted_at`) VALUES ('160', '63', 'Fugit voluptatem molestiae incidunt autem enim sit. Id sapiente ea nobis praesentium. Voluptates rerum in est et. Laudantium et placeat quae illum dolorem.', '44733', '1985-01-18 17:01:32', '1988-11-13 16:22:15');
INSERT INTO `posts` (`id`, `user_id`, `body`, `metadata`, `created_at`, `updateted_at`) VALUES ('161', '64', 'Libero quos cumque est nihil consequuntur omnis. Blanditiis in velit quia. Qui explicabo velit non soluta. Omnis reiciendis ipsa et maiores sint.', '5', '1990-04-19 13:21:02', '2012-02-07 11:21:53');
INSERT INTO `posts` (`id`, `user_id`, `body`, `metadata`, `created_at`, `updateted_at`) VALUES ('162', '65', 'Eos animi occaecati consequatur ut. Voluptatem iure non est. Natus aut excepturi voluptatem est culpa. Nesciunt quibusdam mollitia corporis qui aut quod.', '682672768', '2012-04-15 16:19:22', '2002-05-05 17:25:19');
INSERT INTO `posts` (`id`, `user_id`, `body`, `metadata`, `created_at`, `updateted_at`) VALUES ('163', '67', 'Nihil neque eligendi perferendis quasi rerum velit. Cupiditate corrupti sit eius at dolorum aperiam. Vitae ab fuga distinctio nulla. Deserunt non omnis repudiandae molestiae id dolorum.', '94625797', '2016-06-19 05:29:43', '2016-06-03 05:30:56');
INSERT INTO `posts` (`id`, `user_id`, `body`, `metadata`, `created_at`, `updateted_at`) VALUES ('164', '68', 'Odio qui quaerat dolor. In quasi dolore pariatur aut. Ut laborum mollitia beatae illo rerum. Quia id delectus aut omnis asperiores voluptatem saepe atque.', '530191304', '2016-11-20 05:48:14', '1996-11-18 19:37:44');
INSERT INTO `posts` (`id`, `user_id`, `body`, `metadata`, `created_at`, `updateted_at`) VALUES ('165', '69', 'Vel doloremque aperiam voluptatem quia labore aspernatur autem et. Cum perspiciatis voluptas quia odit vero molestias quidem.', '993', '2014-05-12 03:36:42', '1995-08-13 11:05:43');
INSERT INTO `posts` (`id`, `user_id`, `body`, `metadata`, `created_at`, `updateted_at`) VALUES ('166', '70', 'Optio nam officia aut accusamus. Optio quis aut placeat omnis commodi.', '1920', '1983-11-18 05:38:45', '1997-03-11 20:25:37');
INSERT INTO `posts` (`id`, `user_id`, `body`, `metadata`, `created_at`, `updateted_at`) VALUES ('167', '71', 'Aut quia aliquam vitae velit blanditiis odit nam. Quia ab laboriosam rerum esse animi molestias. Reprehenderit dolores nihil quibusdam recusandae.', '29', '1992-07-23 22:52:47', '1991-01-12 04:05:03');
INSERT INTO `posts` (`id`, `user_id`, `body`, `metadata`, `created_at`, `updateted_at`) VALUES ('168', '72', 'Nam aut itaque atque sequi molestias ut. Quod assumenda laborum fugit provident exercitationem. Vel laboriosam quo quasi.', '66', '2012-06-03 20:53:29', '2018-07-30 18:39:31');
INSERT INTO `posts` (`id`, `user_id`, `body`, `metadata`, `created_at`, `updateted_at`) VALUES ('169', '73', 'Neque omnis necessitatibus quaerat magni veniam assumenda cum a. Voluptatem in minus recusandae quas similique sit consequuntur. Laborum sed porro hic dolor.', '992452103', '1978-06-10 09:08:29', '1974-07-10 12:34:33');
INSERT INTO `posts` (`id`, `user_id`, `body`, `metadata`, `created_at`, `updateted_at`) VALUES ('170', '74', 'Totam debitis est illo minima dolore at corporis. Optio ut officiis deserunt asperiores laborum. Vel quo asperiores consequatur cum.', '35', '1981-11-12 10:11:45', '2012-12-25 08:55:35');
INSERT INTO `posts` (`id`, `user_id`, `body`, `metadata`, `created_at`, `updateted_at`) VALUES ('171', '75', 'Hic tempora animi sit. Facilis veritatis in sed et in saepe.\nSunt nihil molestiae sint quis aut. Est inventore voluptas ratione laborum.', '424276', '1976-03-28 08:28:55', '1976-11-07 19:14:45');
INSERT INTO `posts` (`id`, `user_id`, `body`, `metadata`, `created_at`, `updateted_at`) VALUES ('172', '76', 'Consequatur atque illo sunt et eum. Alias ut quaerat odit magnam beatae ab.\nNulla hic quam et provident repudiandae corporis et. Ea illo expedita beatae. Id dolor cupiditate dolores.', '3', '1978-07-01 15:58:43', '2008-08-14 11:38:06');
INSERT INTO `posts` (`id`, `user_id`, `body`, `metadata`, `created_at`, `updateted_at`) VALUES ('173', '77', 'Voluptatem sit quia adipisci culpa sint. Vel rerum facere totam nihil dignissimos magni eum. Et dolores et sequi a modi in rerum. Voluptatum tempore aut incidunt placeat itaque.', '24473', '1994-03-21 22:15:48', '1980-02-16 03:04:11');
INSERT INTO `posts` (`id`, `user_id`, `body`, `metadata`, `created_at`, `updateted_at`) VALUES ('174', '78', 'Nihil itaque voluptatum incidunt quia. Nulla dolorem optio omnis aut eos. Corporis id ea autem inventore fugiat maxime.', '64415', '2012-02-19 08:42:08', '2011-11-14 03:42:28');
INSERT INTO `posts` (`id`, `user_id`, `body`, `metadata`, `created_at`, `updateted_at`) VALUES ('175', '79', 'Quod ut nulla est atque ab. Quod repellendus provident odit voluptatem.\nSaepe itaque qui porro ut dolor. Omnis corporis error ex. Nam non sint eaque magnam quibusdam fugiat corrupti.', '444', '2006-12-08 10:53:36', '2001-08-14 03:33:42');
INSERT INTO `posts` (`id`, `user_id`, `body`, `metadata`, `created_at`, `updateted_at`) VALUES ('176', '80', 'Possimus adipisci quo nobis ipsa impedit. Maiores a enim et quos et distinctio reiciendis quo. Laborum illo ea totam tenetur modi. Ducimus aspernatur ut eligendi expedita.', '453', '1972-06-23 02:07:51', '1974-09-08 18:12:59');
INSERT INTO `posts` (`id`, `user_id`, `body`, `metadata`, `created_at`, `updateted_at`) VALUES ('177', '81', 'Accusantium ut nihil quam voluptatum laborum sequi dolorem quia. Iste est quia hic laborum esse et dolores. Velit repellendus atque quae enim inventore sed culpa quo.', '35358', '2019-07-21 12:52:51', '1997-06-06 00:46:29');
INSERT INTO `posts` (`id`, `user_id`, `body`, `metadata`, `created_at`, `updateted_at`) VALUES ('178', '82', 'Nisi consequuntur labore sit sint non. Magnam non voluptatem quisquam. Quia et a non qui. Illum nobis debitis repudiandae veniam quas.', '643892', '1988-07-01 07:52:04', '2019-04-06 12:16:29');
INSERT INTO `posts` (`id`, `user_id`, `body`, `metadata`, `created_at`, `updateted_at`) VALUES ('179', '83', 'Totam nostrum dolor dolor consequuntur consequatur voluptatibus aut. Autem est nostrum similique dolorum.', '667541', '1987-09-10 21:48:58', '2001-10-09 16:36:07');
INSERT INTO `posts` (`id`, `user_id`, `body`, `metadata`, `created_at`, `updateted_at`) VALUES ('180', '84', 'Aut ut consequatur enim pariatur ut. Similique corrupti ea omnis quo. Eos quas earum voluptas beatae sunt.', '7570490', '1981-12-10 07:31:35', '2001-05-04 11:57:51');
INSERT INTO `posts` (`id`, `user_id`, `body`, `metadata`, `created_at`, `updateted_at`) VALUES ('181', '85', 'Mollitia molestiae officiis animi. Rerum animi voluptatum ut iusto distinctio. Placeat nemo in sed et aperiam est.', '40920867', '1970-08-05 08:08:32', '2009-07-08 17:33:31');
INSERT INTO `posts` (`id`, `user_id`, `body`, `metadata`, `created_at`, `updateted_at`) VALUES ('182', '86', 'Qui sit tempore in nemo. Quaerat iure quidem libero harum eius sit ratione delectus. Earum aut rerum deleniti.', '4826', '1998-02-04 07:35:34', '1989-03-01 17:01:35');
INSERT INTO `posts` (`id`, `user_id`, `body`, `metadata`, `created_at`, `updateted_at`) VALUES ('183', '87', 'Sequi placeat et dolor deleniti quam aut. Ipsam ipsa et delectus aut. Labore vel fugit saepe enim quaerat. Non impedit quae minima.', '54078', '1999-04-08 07:33:35', '1972-07-06 22:15:53');
INSERT INTO `posts` (`id`, `user_id`, `body`, `metadata`, `created_at`, `updateted_at`) VALUES ('184', '88', 'Laboriosam perferendis itaque non reiciendis non ea. Corporis quo consequatur iste autem recusandae. Ut in temporibus et id. Repellat ut ut rerum.', '9260266', '1988-08-19 00:12:35', '2016-12-19 21:02:17');
INSERT INTO `posts` (`id`, `user_id`, `body`, `metadata`, `created_at`, `updateted_at`) VALUES ('185', '89', 'Eum et consectetur commodi asperiores. Temporibus magni commodi autem quia aut. Quasi sit quia voluptates consequatur distinctio cumque aperiam labore.', '46471', '2010-05-18 04:31:18', '2015-01-30 20:41:03');
INSERT INTO `posts` (`id`, `user_id`, `body`, `metadata`, `created_at`, `updateted_at`) VALUES ('186', '90', 'Eaque aut repellat dolor non accusamus. Sequi sed quo suscipit eveniet laborum inventore illum. Nisi earum voluptatum veniam voluptatem. Illum aliquam tenetur rerum non quis dignissimos fugit.', '121', '1977-08-18 14:09:43', '2003-11-02 03:50:23');
INSERT INTO `posts` (`id`, `user_id`, `body`, `metadata`, `created_at`, `updateted_at`) VALUES ('187', '91', 'Sed repudiandae consequatur deleniti sunt asperiores modi quo. Enim voluptatibus culpa quidem sed autem a. Nesciunt optio est culpa numquam quia. Sit omnis id tempora.', '5', '2002-10-20 01:45:12', '1977-05-13 18:09:51');
INSERT INTO `posts` (`id`, `user_id`, `body`, `metadata`, `created_at`, `updateted_at`) VALUES ('188', '92', 'Dolorem quisquam molestias molestiae enim consectetur. Repellat autem ea qui qui adipisci aliquam.', '71', '1982-12-22 00:28:36', '2010-11-03 05:55:26');
INSERT INTO `posts` (`id`, `user_id`, `body`, `metadata`, `created_at`, `updateted_at`) VALUES ('189', '93', 'Est ab magnam expedita sed consequatur accusamus. Dolorem vel neque sed ipsum. Aut aut in adipisci qui.', '55382485', '1995-11-10 10:36:51', '2017-01-31 10:39:21');
INSERT INTO `posts` (`id`, `user_id`, `body`, `metadata`, `created_at`, `updateted_at`) VALUES ('190', '94', 'Deleniti earum id magni et laborum vitae accusamus. Ad qui repellat mollitia qui perferendis dolores rem. Ut natus ut fugiat et sit. Dolor perspiciatis cumque in et est vel numquam.', '17898', '2010-12-09 11:02:31', '1990-01-29 12:33:18');
INSERT INTO `posts` (`id`, `user_id`, `body`, `metadata`, `created_at`, `updateted_at`) VALUES ('191', '95', 'Sit rerum unde nesciunt voluptas praesentium ad alias. Voluptatum enim et sit. Dolore accusamus consectetur sed cum.', '91', '1997-04-24 00:33:59', '1984-04-28 16:00:43');
INSERT INTO `posts` (`id`, `user_id`, `body`, `metadata`, `created_at`, `updateted_at`) VALUES ('192', '96', 'Architecto aperiam similique quo quia. Et dolorem aut asperiores expedita tempore tempora at.', '463486', '1979-08-05 22:23:47', '2018-10-19 17:10:38');
INSERT INTO `posts` (`id`, `user_id`, `body`, `metadata`, `created_at`, `updateted_at`) VALUES ('193', '97', 'Delectus porro ullam dolores et eos quia. Ipsum et aliquid et. Tempore optio voluptatem velit nobis tempore facere. Unde nemo qui fugiat quis iusto.', '1579692', '1985-02-24 04:41:39', '2020-06-15 01:18:40');
INSERT INTO `posts` (`id`, `user_id`, `body`, `metadata`, `created_at`, `updateted_at`) VALUES ('194', '98', 'Consequuntur recusandae dolor accusamus odit quo doloremque saepe. Non et adipisci numquam maiores. Laborum nisi sed vero.', '20', '1972-03-07 06:23:11', '1997-05-27 21:23:49');
INSERT INTO `posts` (`id`, `user_id`, `body`, `metadata`, `created_at`, `updateted_at`) VALUES ('195', '99', 'Sapiente soluta dolor fugiat nisi. Quo odio cumque qui quo molestiae. Ipsum voluptatum incidunt ut veniam. Quae debitis a officiis.', '93686', '1971-12-18 03:33:40', '2000-11-30 15:01:51');

-- photos data

INSERT INTO `photos` (`id`, `user_id`, `description`, `filename`) VALUES ('1', '1', 'Suscipit placeat voluptas modi error. Repudiandae velit voluptatem est rerum a. Itaque eum et amet labore molestiae. Porro iste non expedita omnis rerum.', 'vel');
INSERT INTO `photos` (`id`, `user_id`, `description`, `filename`) VALUES ('2', '2', 'Impedit pariatur rerum et cupiditate sit. Quas et dolores magni quidem quis. Ut quibusdam sit consectetur nemo quisquam enim.', 'voluptate');
INSERT INTO `photos` (`id`, `user_id`, `description`, `filename`) VALUES ('3', '3', 'Vero quos sequi autem nesciunt. Est itaque facere quia suscipit dolores aut perspiciatis. Qui non sequi iste.', 'deserunt');
INSERT INTO `photos` (`id`, `user_id`, `description`, `filename`) VALUES ('4', '4', 'Eos reiciendis beatae qui id est et deleniti maiores. Eius ut nihil est non voluptatem similique aut. Dolorum optio accusamus qui voluptas voluptates possimus exercitationem. Quia id beatae optio officiis rerum.', 'nemo');
INSERT INTO `photos` (`id`, `user_id`, `description`, `filename`) VALUES ('5', '5', 'Quisquam necessitatibus ratione ea ex. Quam architecto laborum repudiandae ut non magnam. Pariatur libero facere quisquam et excepturi.', 'assumenda');
INSERT INTO `photos` (`id`, `user_id`, `description`, `filename`) VALUES ('6', '6', 'Consequuntur corporis autem occaecati minus. Non consequatur consectetur nemo laborum. Ut et et voluptas voluptatem repudiandae blanditiis recusandae.', 'nesciunt');
INSERT INTO `photos` (`id`, `user_id`, `description`, `filename`) VALUES ('7', '7', 'Enim fugiat minima quasi aut sit voluptates perferendis voluptatem. Dolores consectetur nihil ipsam dolorem fugit veniam. Delectus cumque magni omnis ut eius incidunt omnis consequatur. Voluptatem ea quam mollitia et voluptatem.', 'aliquam');
INSERT INTO `photos` (`id`, `user_id`, `description`, `filename`) VALUES ('8', '8', 'Temporibus quia tempore neque ex quasi voluptas est. Laudantium ut impedit tempore asperiores impedit est et. Sed aliquid laborum est et voluptatum.', 'assumenda');
INSERT INTO `photos` (`id`, `user_id`, `description`, `filename`) VALUES ('9', '9', 'Amet cumque rerum est ut. Ut totam non at natus voluptatum ratione natus. Et enim laboriosam debitis incidunt iste.', 'et');
INSERT INTO `photos` (`id`, `user_id`, `description`, `filename`) VALUES ('10', '10', 'Distinctio numquam sint amet ratione maiores nulla. Qui dolorum quasi quidem. Eum ut dignissimos pariatur provident eligendi nostrum.', 'necessitatibus');
INSERT INTO `photos` (`id`, `user_id`, `description`, `filename`) VALUES ('11', '11', 'Est atque neque consequatur est. Quo illo esse quia repellat dolores. Aut natus est esse rerum mollitia. Rerum autem est ipsam enim error quod ipsum autem. Et praesentium delectus commodi reprehenderit natus tenetur facere.', 'aut');
INSERT INTO `photos` (`id`, `user_id`, `description`, `filename`) VALUES ('12', '12', 'Aspernatur voluptas ut iure aut. Doloribus et eos nemo at ipsa vitae qui. Quae totam natus et dolores accusamus sunt ut.', 'in');
INSERT INTO `photos` (`id`, `user_id`, `description`, `filename`) VALUES ('13', '13', 'Molestias quasi quis minus aut sit quis dolore illum. Cupiditate voluptates sit eum voluptas sint.', 'animi');
INSERT INTO `photos` (`id`, `user_id`, `description`, `filename`) VALUES ('14', '14', 'Beatae rerum rem sed architecto et. Voluptatem saepe repudiandae optio sunt veritatis esse nostrum nisi. Voluptatem enim et quasi consectetur aspernatur eligendi dolores temporibus.', 'dolores');
INSERT INTO `photos` (`id`, `user_id`, `description`, `filename`) VALUES ('15', '15', 'Nobis ad aliquam consequatur et. Et dolor iusto quidem quod expedita. Quam veritatis ex inventore officia omnis harum. Quaerat quod quo tempore reiciendis.', 'blanditiis');
INSERT INTO `photos` (`id`, `user_id`, `description`, `filename`) VALUES ('16', '16', 'Inventore tempora numquam reprehenderit minima. Quia reiciendis perspiciatis mollitia nobis sed. Dolore et provident eum quidem. Blanditiis illum nesciunt temporibus est minus.', 'harum');
INSERT INTO `photos` (`id`, `user_id`, `description`, `filename`) VALUES ('17', '17', 'Asperiores a dolorem et saepe distinctio qui officia. Provident enim neque blanditiis non illo eveniet. Autem est vel quod assumenda molestias sunt et.', 'veritatis');
INSERT INTO `photos` (`id`, `user_id`, `description`, `filename`) VALUES ('18', '18', 'In neque nostrum autem sunt et aut mollitia. Magni officiis quae voluptatem quia nulla itaque quo. Unde adipisci illo ut magnam adipisci sit saepe. Molestiae eum numquam eos est.', 'occaecati');
INSERT INTO `photos` (`id`, `user_id`, `description`, `filename`) VALUES ('19', '19', 'Est voluptatem sed alias dolores. Est dolore tempora at ad. Error asperiores quae corrupti aliquid nobis non. Ipsam facere veniam ipsa alias.', 'perspiciatis');
INSERT INTO `photos` (`id`, `user_id`, `description`, `filename`) VALUES ('20', '20', 'Deleniti sed laudantium maxime velit pariatur. Sit possimus minima commodi adipisci id ea.', 'velit');
INSERT INTO `photos` (`id`, `user_id`, `description`, `filename`) VALUES ('21', '21', 'Numquam maiores commodi iure similique. Ex ducimus vero quis ipsum similique et vitae. Itaque tempora occaecati commodi eaque et qui. Quia explicabo cum omnis adipisci doloribus eum.', 'minus');
INSERT INTO `photos` (`id`, `user_id`, `description`, `filename`) VALUES ('22', '22', 'Rem quo fuga velit cupiditate sint. Vel quibusdam ullam provident. Et omnis impedit et. Et odio cum nam eaque debitis magni qui aut.', 'ad');
INSERT INTO `photos` (`id`, `user_id`, `description`, `filename`) VALUES ('23', '23', 'Voluptate quia ut molestiae et rem. Sint fuga velit ea pariatur doloribus quos repudiandae. Quis similique fuga eum sint inventore. Et voluptates impedit et quidem unde eum.', 'labore');
INSERT INTO `photos` (`id`, `user_id`, `description`, `filename`) VALUES ('24', '24', 'Consequatur et et officiis velit aliquid fugiat voluptas ut. Magni dolore autem qui in dolore blanditiis cupiditate facere. Et ut voluptas ex iusto. Sequi et qui nemo ut.', 'quidem');
INSERT INTO `photos` (`id`, `user_id`, `description`, `filename`) VALUES ('25', '25', 'Facere voluptatem commodi qui aliquam. Ut quae maiores est facere consequatur. Fugiat tenetur repudiandae sed unde possimus. Labore laborum nemo quo.', 'ex');
INSERT INTO `photos` (`id`, `user_id`, `description`, `filename`) VALUES ('26', '26', 'Magnam pariatur sint quo nemo. Iste nam eos suscipit eum rem necessitatibus quibusdam. Culpa nam dolor accusantium sint exercitationem eum. Consectetur natus qui aperiam aut repudiandae.', 'quis');
INSERT INTO `photos` (`id`, `user_id`, `description`, `filename`) VALUES ('27', '27', 'Dicta debitis itaque rem doloremque et. Dolor quae labore rerum aut soluta a. Soluta veritatis ullam facilis voluptatem et rem ea.', 'ut');
INSERT INTO `photos` (`id`, `user_id`, `description`, `filename`) VALUES ('28', '28', 'In velit dolore et non. Adipisci doloribus esse ut. Rem qui consequatur nobis possimus ratione molestiae. Dolorum itaque quasi est ab odio voluptas in. Odit rem nulla doloremque quo culpa quis.', 'eos');
INSERT INTO `photos` (`id`, `user_id`, `description`, `filename`) VALUES ('29', '29', 'Corrupti quo quaerat maiores harum enim. Quod dolorem et consequatur totam est. Ut doloremque accusantium magnam enim occaecati voluptate earum. Voluptatem harum suscipit eius vitae esse aut officiis.', 'modi');
INSERT INTO `photos` (`id`, `user_id`, `description`, `filename`) VALUES ('30', '30', 'Et repudiandae enim error sequi blanditiis et qui. Voluptas iusto quos rerum id eius. Assumenda assumenda nihil delectus dolor fugiat neque. Perspiciatis facilis aut optio porro hic totam perferendis eum.', 'qui');
INSERT INTO `photos` (`id`, `user_id`, `description`, `filename`) VALUES ('31', '31', 'Corporis consequuntur quia quasi quo. Iusto excepturi sed blanditiis harum non. Placeat molestiae numquam repudiandae sint. Eos saepe ipsam et tempora consequatur ipsa.', 'explicabo');
INSERT INTO `photos` (`id`, `user_id`, `description`, `filename`) VALUES ('32', '32', 'Et rem alias iusto est aut dignissimos. Qui nam odit doloribus quo est et. Dolores id ut ut tenetur. Quidem veritatis enim nostrum est voluptas iste eius.', 'perspiciatis');
INSERT INTO `photos` (`id`, `user_id`, `description`, `filename`) VALUES ('33', '33', 'Praesentium ad in pariatur maiores. Ducimus inventore ea excepturi perferendis molestias amet expedita. Hic molestiae molestiae nihil autem. In voluptate odio explicabo.', 'eveniet');
INSERT INTO `photos` (`id`, `user_id`, `description`, `filename`) VALUES ('34', '34', 'Placeat at ad labore et. Quam repellat ut nobis asperiores incidunt qui earum aliquid. Explicabo eaque nihil sed.', 'distinctio');
INSERT INTO `photos` (`id`, `user_id`, `description`, `filename`) VALUES ('35', '35', 'Sed voluptatem est temporibus error. Incidunt mollitia voluptatum aut rerum adipisci et. Molestias quo quibusdam accusamus alias sint. Nam eligendi animi mollitia ipsam necessitatibus commodi quos.', 'qui');
INSERT INTO `photos` (`id`, `user_id`, `description`, `filename`) VALUES ('36', '36', 'Aut saepe ratione sit et maiores expedita. Est magnam sint sit iure velit voluptate molestiae. Est voluptas omnis excepturi numquam. Voluptatem esse sunt non exercitationem eaque repudiandae.', 'corporis');
INSERT INTO `photos` (`id`, `user_id`, `description`, `filename`) VALUES ('37', '37', 'Soluta eos eaque est molestias necessitatibus nobis culpa. Eos ut reprehenderit cupiditate omnis ipsa praesentium. Perferendis omnis qui molestiae et voluptate et consequatur. Delectus vel praesentium quod quis.', 'rem');
INSERT INTO `photos` (`id`, `user_id`, `description`, `filename`) VALUES ('38', '38', 'Architecto sunt vel dolore laborum illum maiores. Esse architecto nesciunt quos omnis quisquam. Minus ab temporibus commodi eum omnis sit omnis.', 'sit');
INSERT INTO `photos` (`id`, `user_id`, `description`, `filename`) VALUES ('39', '39', 'Error magni totam sapiente sed voluptatem temporibus sapiente quis. Odit eius expedita recusandae. Unde aut harum fugit.', 'quia');
INSERT INTO `photos` (`id`, `user_id`, `description`, `filename`) VALUES ('40', '40', 'Sapiente esse sunt dolorum est. Similique ut facere suscipit perferendis. Voluptas qui nemo qui quibusdam minus. Sed repudiandae aut omnis dolorem est.', 'qui');
INSERT INTO `photos` (`id`, `user_id`, `description`, `filename`) VALUES ('41', '41', 'Et quia ratione voluptatum aut occaecati itaque. Ipsa modi vitae fugiat reiciendis et eum repellat. Enim doloribus dolores et dolor nulla dolorem dolor eius.', 'ut');
INSERT INTO `photos` (`id`, `user_id`, `description`, `filename`) VALUES ('42', '42', 'Sed culpa ut voluptas iure quia ut qui. Consequatur non culpa incidunt eius et magni explicabo. Rerum doloribus fuga fugit maxime.', 'modi');
INSERT INTO `photos` (`id`, `user_id`, `description`, `filename`) VALUES ('43', '43', 'Nulla delectus eum incidunt ut praesentium ratione. Placeat rerum dolorem voluptates et. Laudantium autem ratione corporis aut consequatur. Eum quod doloremque quisquam molestiae.', 'est');
INSERT INTO `photos` (`id`, `user_id`, `description`, `filename`) VALUES ('44', '44', 'Quo facilis eos sed consequatur repellendus nobis odio. Officia modi ea quod doloremque ut repellat. Consectetur qui tenetur dolores ipsum quia quo vitae eius.', 'delectus');
INSERT INTO `photos` (`id`, `user_id`, `description`, `filename`) VALUES ('45', '45', 'Ut et enim deserunt voluptas rem sint. Nihil placeat tempora rerum et. Dolorem ipsa et sit deserunt at minima officiis. Aut laboriosam laborum repudiandae sit voluptas ducimus.', 'at');
INSERT INTO `photos` (`id`, `user_id`, `description`, `filename`) VALUES ('46', '46', 'Accusantium iure modi omnis voluptas neque. Occaecati rerum rerum impedit necessitatibus officiis impedit. Rerum vel molestias officia provident et culpa.', 'non');
INSERT INTO `photos` (`id`, `user_id`, `description`, `filename`) VALUES ('47', '47', 'Commodi ipsam error autem vitae aut natus dolorum. Pariatur dignissimos accusamus distinctio dicta. Nulla voluptates sit ut nobis at.', 'voluptas');
INSERT INTO `photos` (`id`, `user_id`, `description`, `filename`) VALUES ('48', '48', 'Pariatur numquam pariatur aut in. Error unde reprehenderit velit rem reprehenderit architecto. Qui eos sit tenetur qui deserunt rerum ut.', 'quasi');
INSERT INTO `photos` (`id`, `user_id`, `description`, `filename`) VALUES ('49', '49', 'Debitis expedita non dignissimos sunt et consequatur accusamus. Aut qui ipsam laboriosam quibusdam suscipit asperiores. Sit et quas voluptatem consequatur pariatur molestiae vitae. Harum et doloremque ut molestias necessitatibus aperiam aliquid.', 'ducimus');
INSERT INTO `photos` (`id`, `user_id`, `description`, `filename`) VALUES ('50', '50', 'Quasi ea rerum magnam ut. Molestiae inventore nesciunt non ut quos velit. Cum dolore qui aperiam est repellendus pariatur. Eveniet maiores sunt nostrum rerum quaerat aperiam nobis voluptates.', 'officia');
INSERT INTO `photos` (`id`, `user_id`, `description`, `filename`) VALUES ('51', '51', 'Eum corporis qui perspiciatis ducimus. Corporis voluptas est earum illo quis deserunt. Aut eum praesentium inventore enim sequi libero.', 'voluptates');
INSERT INTO `photos` (`id`, `user_id`, `description`, `filename`) VALUES ('52', '52', 'Esse odio a et. Quo voluptatum dicta iusto quibusdam voluptas. Quis id velit tempora ratione quo sit.', 'ut');
INSERT INTO `photos` (`id`, `user_id`, `description`, `filename`) VALUES ('53', '53', 'Eligendi esse aut libero assumenda et placeat quam. Esse inventore et illum sed neque aliquam. Quo fugit porro dolores perferendis ut. Iusto est quia neque placeat. Et soluta sapiente dolore ullam aperiam.', 'autem');
INSERT INTO `photos` (`id`, `user_id`, `description`, `filename`) VALUES ('54', '54', 'Iste eos at nihil. Laborum accusamus commodi autem quidem dolores quis. Reprehenderit perferendis quibusdam voluptatem.', 'id');
INSERT INTO `photos` (`id`, `user_id`, `description`, `filename`) VALUES ('55', '55', 'Expedita accusantium minus quasi ea nemo dolorum pariatur. Dolor saepe ad autem autem. Architecto natus quod totam maxime. Et quisquam repellat est deleniti vel autem necessitatibus.', 'est');
INSERT INTO `photos` (`id`, `user_id`, `description`, `filename`) VALUES ('56', '56', 'Ad cum veniam cum et quasi aliquid magni. Rerum occaecati accusamus omnis nesciunt incidunt iusto dolor. Necessitatibus et enim sed esse est quasi.', 'et');
INSERT INTO `photos` (`id`, `user_id`, `description`, `filename`) VALUES ('57', '57', 'Reprehenderit at tempore ut quidem deleniti cumque rem. In sunt et dolorem quia. Id aspernatur nihil facilis ut nobis quibusdam reiciendis. Molestiae perferendis amet sit.', 'magnam');
INSERT INTO `photos` (`id`, `user_id`, `description`, `filename`) VALUES ('58', '58', 'Quia id vel provident aliquam. Suscipit in nisi architecto nulla ut quibusdam magnam. Nostrum suscipit quae est. Dolor consequatur minus molestiae commodi quo officia est.', 'minima');
INSERT INTO `photos` (`id`, `user_id`, `description`, `filename`) VALUES ('59', '59', 'Quia quod ea necessitatibus recusandae ipsa vitae sunt. Et libero qui fugit inventore eum illo. Maxime nobis doloremque reprehenderit recusandae consequuntur voluptas dignissimos. Et facere culpa et placeat repudiandae. Distinctio et eius ut expedita numquam voluptatem.', 'nobis');
INSERT INTO `photos` (`id`, `user_id`, `description`, `filename`) VALUES ('60', '60', 'Occaecati eos facilis perspiciatis consectetur nihil optio. Ut consequatur et ea repellat omnis dignissimos fugiat eum. Sequi consectetur neque est dolor eaque a sit quibusdam. Perspiciatis dignissimos quod rerum sequi.', 'at');
INSERT INTO `photos` (`id`, `user_id`, `description`, `filename`) VALUES ('61', '61', 'Magnam sapiente ad illo qui perspiciatis doloribus cum. Quo commodi alias ea quod facilis.', 'voluptatum');
INSERT INTO `photos` (`id`, `user_id`, `description`, `filename`) VALUES ('62', '62', 'Et omnis cupiditate velit magni itaque est ratione eaque. Fuga ut pariatur quidem quos illum alias tenetur. Qui quisquam debitis laboriosam eveniet quasi quam fugit. Sint libero voluptatum facilis saepe quae. Dolores tempora consequatur mollitia nihil.', 'est');
INSERT INTO `photos` (`id`, `user_id`, `description`, `filename`) VALUES ('63', '63', 'Quia quis illum iure rerum aut voluptatem doloremque. Eligendi eius quidem sint autem eius nemo. Qui hic nulla asperiores. Ut molestias odit placeat tenetur at voluptas.', 'facere');
INSERT INTO `photos` (`id`, `user_id`, `description`, `filename`) VALUES ('64', '64', 'Nihil occaecati consectetur alias placeat ut molestias. Quo aut voluptates labore quis. Sit ex unde ipsa illo.', 'sit');
INSERT INTO `photos` (`id`, `user_id`, `description`, `filename`) VALUES ('65', '65', 'Aperiam tempora eos adipisci nesciunt. Eos corporis magni omnis voluptas id. Sunt eligendi dolorem dolores neque vel nam.', 'eos');
INSERT INTO `photos` (`id`, `user_id`, `description`, `filename`) VALUES ('66', '66', 'Non et quisquam et possimus itaque. Ut recusandae enim et laudantium. Omnis ipsum quasi est soluta recusandae.', 'sit');
INSERT INTO `photos` (`id`, `user_id`, `description`, `filename`) VALUES ('67', '67', 'Magnam modi vero suscipit. Error qui aut dolore itaque et. Molestiae aut unde aliquam repellendus enim sed dolorem.', 'et');
INSERT INTO `photos` (`id`, `user_id`, `description`, `filename`) VALUES ('68', '68', 'Et nam hic labore. Est quos aperiam ut reiciendis itaque. Est delectus iure non aliquam corporis. A culpa ut deserunt consequatur necessitatibus quas sunt.', 'sunt');
INSERT INTO `photos` (`id`, `user_id`, `description`, `filename`) VALUES ('69', '69', 'Aut optio aut sint sint voluptas velit. Vel odio ut perferendis expedita placeat rerum odio maxime. Ducimus quisquam accusantium omnis corporis facilis laudantium.', 'assumenda');
INSERT INTO `photos` (`id`, `user_id`, `description`, `filename`) VALUES ('70', '70', 'Aspernatur iste voluptas assumenda ut. Est cupiditate voluptatem itaque voluptatibus alias. Placeat nesciunt explicabo qui qui quis odio.', 'quidem');
INSERT INTO `photos` (`id`, `user_id`, `description`, `filename`) VALUES ('71', '71', 'Possimus qui corrupti totam quia doloremque. Eum ea rerum in nihil. Ipsum omnis quisquam adipisci architecto eum est quod. Provident expedita cupiditate odit accusamus quo.', 'quia');
INSERT INTO `photos` (`id`, `user_id`, `description`, `filename`) VALUES ('72', '72', 'Dolor dolore sunt itaque dolores et quidem placeat. Voluptatem aut amet consectetur. Inventore ut aperiam officia eos numquam consequuntur.', 'vel');
INSERT INTO `photos` (`id`, `user_id`, `description`, `filename`) VALUES ('73', '73', 'Est et nulla libero quia. Magnam omnis enim eos accusamus. Quibusdam corporis sit quidem necessitatibus tempore in.', 'non');
INSERT INTO `photos` (`id`, `user_id`, `description`, `filename`) VALUES ('74', '74', 'Aliquam excepturi dolores aut sit eum sint doloremque. Id nemo iure laboriosam fugit nihil voluptates et. Rerum consequatur et perferendis enim commodi accusamus. Ratione facere laboriosam dolorum.', 'aut');
INSERT INTO `photos` (`id`, `user_id`, `description`, `filename`) VALUES ('75', '75', 'Quae et eligendi est recusandae error reiciendis amet. Qui et minus aut sed rem. Minima quaerat a tempore voluptatem porro consequatur aliquam consequuntur. Non vel consequuntur accusantium est ratione corporis.', 'quaerat');
INSERT INTO `photos` (`id`, `user_id`, `description`, `filename`) VALUES ('76', '76', 'Atque iusto quam consequatur cum molestiae nihil. Sint eum praesentium veritatis suscipit eveniet eum quia. Dolore temporibus voluptate et amet dignissimos. Omnis neque possimus omnis.', 'deserunt');
INSERT INTO `photos` (`id`, `user_id`, `description`, `filename`) VALUES ('77', '77', 'Sint deleniti aperiam architecto tempora voluptate. Animi officiis est minus molestiae voluptatum dolor. Tenetur sed doloremque non occaecati.', 'modi');
INSERT INTO `photos` (`id`, `user_id`, `description`, `filename`) VALUES ('78', '78', 'Consequuntur ut deleniti aut quis minus qui. Laudantium tempora voluptates eligendi atque aut quas dolorem. Error ut nam cumque ut voluptatem eaque.', 'dolores');
INSERT INTO `photos` (`id`, `user_id`, `description`, `filename`) VALUES ('79', '79', 'Nobis consequuntur rerum ipsam quod molestiae minima. Sequi qui occaecati odit architecto eveniet exercitationem ut. Sit aliquid quisquam provident magni. Laboriosam alias adipisci aut asperiores qui.', 'fugit');
INSERT INTO `photos` (`id`, `user_id`, `description`, `filename`) VALUES ('80', '80', 'Aut sint et aut qui atque cumque optio. Optio rerum ratione velit veniam eos ut eos. Consequuntur rerum nulla eveniet officiis et dolor. Id qui ab nihil quos in aut. Ea accusamus et cupiditate quia culpa voluptates.', 'commodi');
INSERT INTO `photos` (`id`, `user_id`, `description`, `filename`) VALUES ('81', '81', 'Molestiae molestiae in sunt reiciendis rerum. Molestiae voluptas et vel magni. Beatae incidunt dolores labore quas magnam.', 'cupiditate');
INSERT INTO `photos` (`id`, `user_id`, `description`, `filename`) VALUES ('82', '82', 'Distinctio amet esse et eos ducimus fugiat id beatae. Aut dolor nostrum voluptatem libero voluptatem sunt. Iusto maxime consequatur nam architecto deleniti et.', 'eum');
INSERT INTO `photos` (`id`, `user_id`, `description`, `filename`) VALUES ('83', '83', 'Et est dolorem dolore reiciendis vel facere. Ipsa qui ad doloremque cupiditate est. Aut vero quibusdam amet sit numquam recusandae est. Iste tenetur voluptatem quo consequatur omnis aut perferendis.', 'eum');
INSERT INTO `photos` (`id`, `user_id`, `description`, `filename`) VALUES ('84', '84', 'Libero odio et placeat quisquam aliquam dolor quibusdam autem. Molestias quis ut dolorem voluptate. Id sit natus libero similique.', 'fugiat');
INSERT INTO `photos` (`id`, `user_id`, `description`, `filename`) VALUES ('85', '85', 'Atque quaerat et aut porro consequatur provident molestiae animi. Quas aut occaecati nam sit quo corporis. Impedit tempora eos accusamus provident nam. Maiores ipsa et cupiditate est.', 'et');
INSERT INTO `photos` (`id`, `user_id`, `description`, `filename`) VALUES ('86', '86', 'Id amet quis veritatis cum aliquid cumque. Sint pariatur doloremque perspiciatis eaque. Qui libero aut eligendi beatae nobis.', 'aut');
INSERT INTO `photos` (`id`, `user_id`, `description`, `filename`) VALUES ('87', '87', 'Odit quidem quaerat facere facilis qui voluptas dolores. Enim voluptatem earum ipsam aliquid. Amet nihil recusandae eos eum omnis molestiae veritatis.', 'non');
INSERT INTO `photos` (`id`, `user_id`, `description`, `filename`) VALUES ('88', '88', 'Rerum modi dolor et. Rerum impedit repellendus omnis corporis rerum ut aut. Et delectus rerum illum tenetur repellendus doloribus. Ipsam numquam ex enim accusantium modi.', 'cupiditate');
INSERT INTO `photos` (`id`, `user_id`, `description`, `filename`) VALUES ('89', '89', 'Qui dolores magnam odio dolor. Incidunt recusandae itaque nam consequatur neque. Dicta magni perspiciatis aspernatur molestiae recusandae rerum.', 'qui');
INSERT INTO `photos` (`id`, `user_id`, `description`, `filename`) VALUES ('90', '90', 'Praesentium labore quisquam itaque adipisci. Sequi voluptatem voluptatibus dolor perspiciatis laudantium ullam. Pariatur autem quia quia quia eos deserunt voluptatem. Inventore debitis dolores error. Suscipit et corrupti tempore consequatur dolor.', 'sed');
INSERT INTO `photos` (`id`, `user_id`, `description`, `filename`) VALUES ('91', '91', 'Inventore amet eos sint deserunt hic alias totam facere. Dolor ut aut deleniti omnis repudiandae. Natus beatae et consequatur. Velit et sed et in quae aut.', 'sunt');
INSERT INTO `photos` (`id`, `user_id`, `description`, `filename`) VALUES ('92', '92', 'Consequuntur aut et qui distinctio. Qui iure qui recusandae sit facere quia fugiat. Ratione doloremque quo labore sit fugit.', 'non');
INSERT INTO `photos` (`id`, `user_id`, `description`, `filename`) VALUES ('93', '93', 'Eos tempora consequuntur laudantium voluptate debitis. Qui sint nisi modi porro expedita. Excepturi doloribus iste perspiciatis enim.', 'aut');
INSERT INTO `photos` (`id`, `user_id`, `description`, `filename`) VALUES ('94', '94', 'Laborum voluptatem rerum alias voluptas eum porro aut. In magnam aut quaerat error officia.', 'eos');
INSERT INTO `photos` (`id`, `user_id`, `description`, `filename`) VALUES ('95', '95', 'Aliquam tempora laboriosam eaque. Repellat eos doloribus dolorem amet est maiores et voluptates. Dolores deserunt sequi deleniti autem est rem quis.', 'fugiat');
INSERT INTO `photos` (`id`, `user_id`, `description`, `filename`) VALUES ('96', '96', 'Est alias est ut. Fugit eos est beatae odio dignissimos. Deserunt rem voluptate voluptates accusantium distinctio rerum illum. Voluptatem recusandae laboriosam veniam culpa fuga quis.', 'odio');
INSERT INTO `photos` (`id`, `user_id`, `description`, `filename`) VALUES ('97', '97', 'Et ab corporis enim ipsum omnis. Possimus culpa velit commodi culpa atque asperiores unde. Culpa vel reprehenderit praesentium. Molestiae sapiente laboriosam repellendus.', 'distinctio');
INSERT INTO `photos` (`id`, `user_id`, `description`, `filename`) VALUES ('98', '98', 'Recusandae voluptates et quam necessitatibus sed quis. Porro in neque expedita dicta similique architecto eos. Doloremque earum et eligendi voluptatum.', 'quia');
INSERT INTO `photos` (`id`, `user_id`, `description`, `filename`) VALUES ('99', '99', 'Ullam assumenda consequatur quae in voluptas alias. Reprehenderit quisquam quibusdam accusamus est occaecati qui. Ea est praesentium eligendi dolores. Ut repellat ut ad dolores natus odio quae.', 'ut');
INSERT INTO `photos` (`id`, `user_id`, `description`, `filename`) VALUES ('100', '100', 'Fugiat ullam est veritatis. Molestiae facere consequatur eum adipisci illo perspiciatis. Amet cum et esse.', 'qui');

-- likes data

INSERT INTO `likes` (`initiator_user_id`, `target_user_id`, `photo_id`, `post_id`) VALUES ('1', '1', '1', '101');
INSERT INTO `likes` (`initiator_user_id`, `target_user_id`, `photo_id`, `post_id`) VALUES ('2', '2', '2', '102');
INSERT INTO `likes` (`initiator_user_id`, `target_user_id`, `photo_id`, `post_id`) VALUES ('3', '3', '3', '103');
INSERT INTO `likes` (`initiator_user_id`, `target_user_id`, `photo_id`, `post_id`) VALUES ('4', '4', '4', '104');
INSERT INTO `likes` (`initiator_user_id`, `target_user_id`, `photo_id`, `post_id`) VALUES ('5', '5', '5', '105');
INSERT INTO `likes` (`initiator_user_id`, `target_user_id`, `photo_id`, `post_id`) VALUES ('6', '6', '6', '106');
INSERT INTO `likes` (`initiator_user_id`, `target_user_id`, `photo_id`, `post_id`) VALUES ('7', '7', '7', '107');
INSERT INTO `likes` (`initiator_user_id`, `target_user_id`, `photo_id`, `post_id`) VALUES ('8', '8', '8', '108');
INSERT INTO `likes` (`initiator_user_id`, `target_user_id`, `photo_id`, `post_id`) VALUES ('9', '9', '9', '109');
INSERT INTO `likes` (`initiator_user_id`, `target_user_id`, `photo_id`, `post_id`) VALUES ('10', '10', '10', '110');
INSERT INTO `likes` (`initiator_user_id`, `target_user_id`, `photo_id`, `post_id`) VALUES ('11', '11', '11', '111');
INSERT INTO `likes` (`initiator_user_id`, `target_user_id`, `photo_id`, `post_id`) VALUES ('12', '12', '12', '112');
INSERT INTO `likes` (`initiator_user_id`, `target_user_id`, `photo_id`, `post_id`) VALUES ('13', '13', '13', '113');
INSERT INTO `likes` (`initiator_user_id`, `target_user_id`, `photo_id`, `post_id`) VALUES ('14', '14', '14', '114');
INSERT INTO `likes` (`initiator_user_id`, `target_user_id`, `photo_id`, `post_id`) VALUES ('15', '15', '15', '115');
INSERT INTO `likes` (`initiator_user_id`, `target_user_id`, `photo_id`, `post_id`) VALUES ('16', '16', '16', '116');
INSERT INTO `likes` (`initiator_user_id`, `target_user_id`, `photo_id`, `post_id`) VALUES ('17', '17', '17', '117');
INSERT INTO `likes` (`initiator_user_id`, `target_user_id`, `photo_id`, `post_id`) VALUES ('18', '18', '18', '118');
INSERT INTO `likes` (`initiator_user_id`, `target_user_id`, `photo_id`, `post_id`) VALUES ('19', '19', '19', '119');
INSERT INTO `likes` (`initiator_user_id`, `target_user_id`, `photo_id`, `post_id`) VALUES ('20', '20', '20', '120');
INSERT INTO `likes` (`initiator_user_id`, `target_user_id`, `photo_id`, `post_id`) VALUES ('21', '21', '21', '121');
INSERT INTO `likes` (`initiator_user_id`, `target_user_id`, `photo_id`, `post_id`) VALUES ('22', '22', '22', '122');
INSERT INTO `likes` (`initiator_user_id`, `target_user_id`, `photo_id`, `post_id`) VALUES ('23', '23', '23', '123');
INSERT INTO `likes` (`initiator_user_id`, `target_user_id`, `photo_id`, `post_id`) VALUES ('24', '24', '24', '124');
INSERT INTO `likes` (`initiator_user_id`, `target_user_id`, `photo_id`, `post_id`) VALUES ('25', '25', '25', '125');
INSERT INTO `likes` (`initiator_user_id`, `target_user_id`, `photo_id`, `post_id`) VALUES ('26', '26', '26', '126');
INSERT INTO `likes` (`initiator_user_id`, `target_user_id`, `photo_id`, `post_id`) VALUES ('27', '27', '27', '127');
INSERT INTO `likes` (`initiator_user_id`, `target_user_id`, `photo_id`, `post_id`) VALUES ('28', '28', '28', '128');
INSERT INTO `likes` (`initiator_user_id`, `target_user_id`, `photo_id`, `post_id`) VALUES ('29', '29', '29', '129');
INSERT INTO `likes` (`initiator_user_id`, `target_user_id`, `photo_id`, `post_id`) VALUES ('30', '30', '30', '130');
INSERT INTO `likes` (`initiator_user_id`, `target_user_id`, `photo_id`, `post_id`) VALUES ('31', '31', '31', '131');
INSERT INTO `likes` (`initiator_user_id`, `target_user_id`, `photo_id`, `post_id`) VALUES ('32', '32', '32', '132');
INSERT INTO `likes` (`initiator_user_id`, `target_user_id`, `photo_id`, `post_id`) VALUES ('33', '33', '33', '133');
INSERT INTO `likes` (`initiator_user_id`, `target_user_id`, `photo_id`, `post_id`) VALUES ('34', '34', '34', '134');
INSERT INTO `likes` (`initiator_user_id`, `target_user_id`, `photo_id`, `post_id`) VALUES ('35', '35', '35', '135');
INSERT INTO `likes` (`initiator_user_id`, `target_user_id`, `photo_id`, `post_id`) VALUES ('36', '36', '36', '136');
INSERT INTO `likes` (`initiator_user_id`, `target_user_id`, `photo_id`, `post_id`) VALUES ('37', '37', '37', '137');
INSERT INTO `likes` (`initiator_user_id`, `target_user_id`, `photo_id`, `post_id`) VALUES ('38', '38', '38', '138');
INSERT INTO `likes` (`initiator_user_id`, `target_user_id`, `photo_id`, `post_id`) VALUES ('39', '39', '39', '139');
INSERT INTO `likes` (`initiator_user_id`, `target_user_id`, `photo_id`, `post_id`) VALUES ('40', '40', '40', '140');
INSERT INTO `likes` (`initiator_user_id`, `target_user_id`, `photo_id`, `post_id`) VALUES ('41', '41', '41', '141');
INSERT INTO `likes` (`initiator_user_id`, `target_user_id`, `photo_id`, `post_id`) VALUES ('42', '42', '42', '142');
INSERT INTO `likes` (`initiator_user_id`, `target_user_id`, `photo_id`, `post_id`) VALUES ('43', '43', '43', '143');
INSERT INTO `likes` (`initiator_user_id`, `target_user_id`, `photo_id`, `post_id`) VALUES ('44', '44', '44', '144');
INSERT INTO `likes` (`initiator_user_id`, `target_user_id`, `photo_id`, `post_id`) VALUES ('45', '45', '45', '145');
INSERT INTO `likes` (`initiator_user_id`, `target_user_id`, `photo_id`, `post_id`) VALUES ('46', '46', '46', '146');
INSERT INTO `likes` (`initiator_user_id`, `target_user_id`, `photo_id`, `post_id`) VALUES ('47', '47', '47', '147');
INSERT INTO `likes` (`initiator_user_id`, `target_user_id`, `photo_id`, `post_id`) VALUES ('48', '48', '48', '148');
INSERT INTO `likes` (`initiator_user_id`, `target_user_id`, `photo_id`, `post_id`) VALUES ('49', '49', '49', '149');
INSERT INTO `likes` (`initiator_user_id`, `target_user_id`, `photo_id`, `post_id`) VALUES ('50', '50', '50', '150');
INSERT INTO `likes` (`initiator_user_id`, `target_user_id`, `photo_id`, `post_id`) VALUES ('51', '51', '51', '151');
INSERT INTO `likes` (`initiator_user_id`, `target_user_id`, `photo_id`, `post_id`) VALUES ('52', '52', '52', '152');
INSERT INTO `likes` (`initiator_user_id`, `target_user_id`, `photo_id`, `post_id`) VALUES ('53', '53', '53', '153');
INSERT INTO `likes` (`initiator_user_id`, `target_user_id`, `photo_id`, `post_id`) VALUES ('54', '54', '54', '154');
INSERT INTO `likes` (`initiator_user_id`, `target_user_id`, `photo_id`, `post_id`) VALUES ('55', '55', '55', '155');
INSERT INTO `likes` (`initiator_user_id`, `target_user_id`, `photo_id`, `post_id`) VALUES ('56', '56', '56', '156');
INSERT INTO `likes` (`initiator_user_id`, `target_user_id`, `photo_id`, `post_id`) VALUES ('57', '57', '57', '157');
INSERT INTO `likes` (`initiator_user_id`, `target_user_id`, `photo_id`, `post_id`) VALUES ('58', '58', '58', '158');
INSERT INTO `likes` (`initiator_user_id`, `target_user_id`, `photo_id`, `post_id`) VALUES ('59', '59', '59', '159');
INSERT INTO `likes` (`initiator_user_id`, `target_user_id`, `photo_id`, `post_id`) VALUES ('60', '60', '60', '160');
INSERT INTO `likes` (`initiator_user_id`, `target_user_id`, `photo_id`, `post_id`) VALUES ('61', '61', '61', '161');
INSERT INTO `likes` (`initiator_user_id`, `target_user_id`, `photo_id`, `post_id`) VALUES ('62', '62', '62', '162');
INSERT INTO `likes` (`initiator_user_id`, `target_user_id`, `photo_id`, `post_id`) VALUES ('63', '63', '63', '163');
INSERT INTO `likes` (`initiator_user_id`, `target_user_id`, `photo_id`, `post_id`) VALUES ('64', '64', '64', '164');
INSERT INTO `likes` (`initiator_user_id`, `target_user_id`, `photo_id`, `post_id`) VALUES ('65', '65', '65', '165');
INSERT INTO `likes` (`initiator_user_id`, `target_user_id`, `photo_id`, `post_id`) VALUES ('66', '66', '66', '166');
INSERT INTO `likes` (`initiator_user_id`, `target_user_id`, `photo_id`, `post_id`) VALUES ('67', '67', '67', '167');
INSERT INTO `likes` (`initiator_user_id`, `target_user_id`, `photo_id`, `post_id`) VALUES ('68', '68', '68', '168');
INSERT INTO `likes` (`initiator_user_id`, `target_user_id`, `photo_id`, `post_id`) VALUES ('69', '69', '69', '169');
INSERT INTO `likes` (`initiator_user_id`, `target_user_id`, `photo_id`, `post_id`) VALUES ('70', '70', '70', '170');
INSERT INTO `likes` (`initiator_user_id`, `target_user_id`, `photo_id`, `post_id`) VALUES ('71', '71', '71', '171');
INSERT INTO `likes` (`initiator_user_id`, `target_user_id`, `photo_id`, `post_id`) VALUES ('72', '72', '72', '172');
INSERT INTO `likes` (`initiator_user_id`, `target_user_id`, `photo_id`, `post_id`) VALUES ('73', '73', '73', '173');
INSERT INTO `likes` (`initiator_user_id`, `target_user_id`, `photo_id`, `post_id`) VALUES ('74', '74', '74', '174');
INSERT INTO `likes` (`initiator_user_id`, `target_user_id`, `photo_id`, `post_id`) VALUES ('75', '75', '75', '175');
INSERT INTO `likes` (`initiator_user_id`, `target_user_id`, `photo_id`, `post_id`) VALUES ('76', '76', '76', '176');
INSERT INTO `likes` (`initiator_user_id`, `target_user_id`, `photo_id`, `post_id`) VALUES ('77', '77', '77', '177');
INSERT INTO `likes` (`initiator_user_id`, `target_user_id`, `photo_id`, `post_id`) VALUES ('78', '78', '78', '178');
INSERT INTO `likes` (`initiator_user_id`, `target_user_id`, `photo_id`, `post_id`) VALUES ('79', '79', '79', '179');
INSERT INTO `likes` (`initiator_user_id`, `target_user_id`, `photo_id`, `post_id`) VALUES ('80', '80', '80', '180');
INSERT INTO `likes` (`initiator_user_id`, `target_user_id`, `photo_id`, `post_id`) VALUES ('81', '81', '81', '181');
INSERT INTO `likes` (`initiator_user_id`, `target_user_id`, `photo_id`, `post_id`) VALUES ('82', '82', '82', '182');
INSERT INTO `likes` (`initiator_user_id`, `target_user_id`, `photo_id`, `post_id`) VALUES ('83', '83', '83', '183');
INSERT INTO `likes` (`initiator_user_id`, `target_user_id`, `photo_id`, `post_id`) VALUES ('84', '84', '84', '184');
INSERT INTO `likes` (`initiator_user_id`, `target_user_id`, `photo_id`, `post_id`) VALUES ('85', '85', '85', '185');
INSERT INTO `likes` (`initiator_user_id`, `target_user_id`, `photo_id`, `post_id`) VALUES ('86', '86', '86', '186');
INSERT INTO `likes` (`initiator_user_id`, `target_user_id`, `photo_id`, `post_id`) VALUES ('87', '87', '87', '187');
INSERT INTO `likes` (`initiator_user_id`, `target_user_id`, `photo_id`, `post_id`) VALUES ('88', '88', '88', '188');
INSERT INTO `likes` (`initiator_user_id`, `target_user_id`, `photo_id`, `post_id`) VALUES ('89', '89', '89', '189');
INSERT INTO `likes` (`initiator_user_id`, `target_user_id`, `photo_id`, `post_id`) VALUES ('90', '90', '90', '190');
INSERT INTO `likes` (`initiator_user_id`, `target_user_id`, `photo_id`, `post_id`) VALUES ('91', '91', '91', '191');
INSERT INTO `likes` (`initiator_user_id`, `target_user_id`, `photo_id`, `post_id`) VALUES ('92', '92', '92', '192');
INSERT INTO `likes` (`initiator_user_id`, `target_user_id`, `photo_id`, `post_id`) VALUES ('93', '93', '93', '193');
INSERT INTO `likes` (`initiator_user_id`, `target_user_id`, `photo_id`, `post_id`) VALUES ('94', '94', '94', '194');
INSERT INTO `likes` (`initiator_user_id`, `target_user_id`, `photo_id`, `post_id`) VALUES ('95', '95', '95', '195');
INSERT INTO `likes` (`initiator_user_id`, `target_user_id`, `photo_id`, `post_id`) VALUES ('96', '96', '96', '101');
INSERT INTO `likes` (`initiator_user_id`, `target_user_id`, `photo_id`, `post_id`) VALUES ('97', '97', '97', '102');
INSERT INTO `likes` (`initiator_user_id`, `target_user_id`, `photo_id`, `post_id`) VALUES ('98', '98', '98', '103');
INSERT INTO `likes` (`initiator_user_id`, `target_user_id`, `photo_id`, `post_id`) VALUES ('99', '99', '99', '104');
INSERT INTO `likes` (`initiator_user_id`, `target_user_id`, `photo_id`, `post_id`) VALUES ('100', '100', '100', '105');
