select * from users u 
-- create database CRM;
-- use CRM;


DROP TABLE IF EXISTS department;
CREATE TABLE department(
id serial primary key,
name varchar(50)
);


DROP TABLE IF EXISTS users;
CREATE TABLE users(
id serial primary key,
name varchar(50),
surname varchar(50),
email varchar(120) unique,
phone bigint,
birthday date,
pass char(50),
user_role enum('admin', 'sales manager', 'marketing manager', 'head of sales') default 'sales manager',
depart_id bigint unsigned not null,
created_at datetime default current_timestamp,
foreign key (depart_id) references department (id)
);



DROP TABLE IF EXISTS customer;
CREATE TABLE customer(
id serial primary key,
company_name varchar(255),
headquarter_city varchar(50),
email varchar(120) unique,
phone bigint,
employ_qty bigint,
manager_id bigint unsigned not null,
pc_qty bigint,
company_birthday date,
company_type enum('FMCG', 'Bank', 'Energy supply', 'Distribution', 'Manufacturer', 'IT', 'Services'),
created_at datetime default current_timestamp,
foreign key (manager_id) references users (id)
);

-- contact_id bigint unsigned not null,
-- foreign key (contact_id) references contacts (id)

ALTER TABLE customer ADD COLUMN contact_id bigint NOT NULL; 

ALTER TABLE CRM.customer MODIFY COLUMN contact_id bigint NOT NULL;

ALTER TABLE customer MODIFY COLUMN contact_id bigint NOT NULL,
 ADD CONSTRAINT contacts_id_fk
 FOREIGN KEY(contact_id)
 REFERENCES contacts(id);
-- 

DROP TABLE IF EXISTS contacts;
CREATE TABLE contacts (
id serial primary key,
name varchar(50),
surname varchar(50),
email varchar(120) unique,
phone bigint,
birthday date,
company_id bigint unsigned not null,
manager_id bigint unsigned not null,
contact_role enum('CEO', 'CIO', 'CFO', 'Engineer', 'Sales', 'Buyers'),
created_at datetime default current_timestamp,
foreign key (company_id) references customer (id),
foreign key (manager_id) references users (id)
);


DROP TABLE IF EXISTS deals;
CREATE TABLE deals (
id serial primary key,
name varchar(50),
deal_amount bigint default '0',
company_id bigint unsigned not null,
contact_id bigint unsigned not null,
manager_id bigint unsigned not null,
products_in_deal_1 bigint unsigned not null,
qty_product_1 bigint,
products_in_deal_2 bigint unsigned not null,
qty_product_2 bigint,
products_in_deal_3 bigint unsigned not null,
qty_product_3 bigint,
products_in_deal_4 bigint unsigned not null,
qty_product_4 bigint,
stage enum('cold', 'pre-sale', 'analytics', 'testing', 'making decision', 'contract', 'canceled', 'paused') default 'cold',
created_at datetime default current_timestamp,
updateted_at datetime default current_timestamp on update current_timestamp,
foreign key (company_id) references customer (id),
foreign key (contact_id) references contacts (id),
foreign key (manager_id) references users (id),
foreign key (products_in_deal_1) references products (id),
foreign key (products_in_deal_2) references products (id),
foreign key (products_in_deal_3) references products (id),
foreign key (products_in_deal_4) references products (id)
);


DROP TABLE IF EXISTS leads;
CREATE TABLE leads (
id serial primary key,
name varchar(50),
company_name varchar(50),
contact_name varchar(50),
manager_id bigint unsigned not null,
email varchar(120) unique,
phone bigint,
foreign key (manager_id) references users (id),
created_at datetime default current_timestamp,
updateted_at datetime default current_timestamp on update current_timestamp
);

ALTER TABLE leads ADD COLUMN stage enum('cold', 'pre-sale', 'analytics', 'testing', 'making decision', 'contract', 'canceled', 'paused') default 'cold'; 

SELECT * FROM leads;
UPDATE leads  SET stage = 'testing' where contact_name like 'B%';
UPDATE leads  SET stage = 'contract' where contact_name like 'D%';
UPDATE leads SET stage = 'canceled' where contact_name like 'A%';


DROP TABLE IF EXISTS products;
CREATE TABLE products (
id serial primary key,
name varchar(50),
discription TEXT(2000),
price bigint,
qty bigint,
category_id bigint unsigned not null,
foreign key (category_id) references products_category (id)
);

DROP TABLE IF EXISTS products_category;
CREATE TABLE products_category (
id serial primary key,
name varchar(50)
);


DROP TABLE IF EXISTS tasks;
CREATE TABLE tasks (
id serial primary key,
from_user bigint unsigned not null,
to_user bigint unsigned not null,
supervisor bigint unsigned not null,
company_id bigint unsigned not null,
task_discription TEXT(2000),
done_by_date date,
created_at datetime default current_timestamp,
updateted_at datetime default current_timestamp on update current_timestamp,
foreign key (from_user) references users (id),
foreign key (to_user) references users (id),
foreign key (supervisor) references users (id)
);


DROP TABLE IF EXISTS chat;
CREATE TABLE chat (
from_user bigint unsigned not null,
to_user bigint unsigned not null,
message TEXT(2000),
created_at datetime default current_timestamp,
foreign key (from_user) references users (id),
foreign key (to_user) references users (id)
);



-- добавление данных
-- Данные для department
insert into department (id, name) values (1, 'Sales Department Alpha');
insert into department (id, name) values (2, 'Sales Department Space');
insert into department (id, name) values (3, 'Executive');
insert into department (id, name) values (4, 'Marketing');

-- Данные для users
insert into users (id, name, surname, email, phone, birthday, pass, user_role, depart_id, created_at) values (1, 'Aeriela', 'Imrie', 'aimrie0@networkadvertising.org', '5373145724', '1971-08-04 14:22:04', 'rX7u1Hwn', 'sales manager', 2, '2020-09-21 23:34:22');
insert into users (id, name, surname, email, phone, birthday, pass, user_role, depart_id, created_at) values (2, 'Kimberley', 'Cato', 'kcato1@mapy.cz', '9172290328', '2001-08-28 10:09:44', 'T6IaxK', 'sales manager', 2, '2019-09-30 03:50:02');
insert into users (id, name, surname, email, phone, birthday, pass, user_role, depart_id, created_at) values (3, 'Valida', 'McSharry', 'vmcsharry2@baidu.com', '4001824067', '1980-07-03 01:47:31', 'A7rBa1', 'admin', 1, '2019-06-04 04:01:47');
insert into users (id, name, surname, email, phone, birthday, pass, user_role, depart_id, created_at) values (4, 'Weston', 'Waind', 'wwaind3@yale.edu', '4589032081', '1978-08-14 23:54:52', 'wvZpmqUbh', 'sales manager', 4, '2020-01-02 07:32:18');
insert into users (id, name, surname, email, phone, birthday, pass, user_role, depart_id, created_at) values (5, 'Lisa', 'Marsham', 'lmarsham4@imgur.com', '3862515033', '1973-08-18 07:12:23', '000CTWB0rOz8', 'sales manager', 2, '2019-06-17 18:25:22');
insert into users (id, name, surname, email, phone, birthday, pass, user_role, depart_id, created_at) values (6, 'Skell', 'Turneux', 'sturneux5@elpais.com', '6986783636', '1976-07-23 02:04:37', 'ccNqIC3MA', 'head of sales', 1, '2019-03-31 16:52:51');
insert into users (id, name, surname, email, phone, birthday, pass, user_role, depart_id, created_at) values (7, 'Kay', 'Raselles', 'kraselles6@meetup.com', '4785484310', '1984-06-13 06:28:11', '07KUy9hY8U5', 'marketing manager', 1, '2019-07-15 22:57:28');
insert into users (id, name, surname, email, phone, birthday, pass, user_role, depart_id, created_at) values (8, 'Jaime', 'Fancourt', 'jfancourt7@posterous.com', '3065132640', '1973-01-14 07:34:54', 'cMUcr9x', 'sales manager', 4, '2020-10-16 11:43:56');
insert into users (id, name, surname, email, phone, birthday, pass, user_role, depart_id, created_at) values (9, 'Conrade', 'Pichan', 'cpichan8@163.com', '1408073554', '2002-06-26 16:43:28', '4TBL2quaX', 'head of sales', 2, '2019-07-02 21:44:13');
insert into users (id, name, surname, email, phone, birthday, pass, user_role, depart_id, created_at) values (10, 'Lucia', 'Strickett', 'lstrickett9@digg.com', '5656739253', '1997-12-30 05:23:01', 'k7gsJ3CS', 'sales manager', 1, '2019-08-19 22:37:13');
insert into users (id, name, surname, email, phone, birthday, pass, user_role, depart_id, created_at) values (11, 'Shaughn', 'Bowller', 'sbowllera@prnewswire.com', '8801621857', '1982-12-03 07:44:40', 'LNaXjjk8e', 'sales manager', 1, '2019-09-27 15:45:00');
insert into users (id, name, surname, email, phone, birthday, pass, user_role, depart_id, created_at) values (12, 'Farra', 'Gallehawk', 'fgallehawkb@irs.gov', '3932191362', '1975-01-15 17:21:03', '2z5VqK', 'sales manager', 3, '2019-01-24 10:59:15');
insert into users (id, name, surname, email, phone, birthday, pass, user_role, depart_id, created_at) values (13, 'Rebeca', 'Brunton', 'rbruntonc@japanpost.jp', '4509541209', '1996-09-21 03:09:37', 'BCLvWL6uc18', 'sales manager', 2, '2018-11-16 17:11:20');
insert into users (id, name, surname, email, phone, birthday, pass, user_role, depart_id, created_at) values (14, 'Barn', 'Britland', 'bbritlandd@surveymonkey.com', '8576956483', '1971-08-17 06:37:24', 'ETkiWcuR', 'sales manager', 2, '2020-07-13 01:47:00');
insert into users (id, name, surname, email, phone, birthday, pass, user_role, depart_id, created_at) values (15, 'Jasmin', 'Dedenham', 'jdedenhame@bloglines.com', '8901717410', '1975-08-31 14:56:27', 'I9LtYIl', 'sales manager', 1, '2020-07-01 03:19:50');
insert into users (id, name, surname, email, phone, birthday, pass, user_role, depart_id, created_at) values (16, 'Caprice', 'Buddleigh', 'cbuddleighf@ocn.ne.jp', '4829904312', '1971-09-02 14:11:43', 'ZzykV4US', 'sales manager', 4, '2019-05-31 21:23:59');
insert into users (id, name, surname, email, phone, birthday, pass, user_role, depart_id, created_at) values (17, 'Ernesto', 'Keyme', 'ekeymeg@dion.ne.jp', '1697677318', '1996-04-01 10:04:59', 'WixVFbkB', 'marketing manager', 2, '2019-01-23 07:11:52');
insert into users (id, name, surname, email, phone, birthday, pass, user_role, depart_id, created_at) values (18, 'Steward', 'Lagneaux', 'slagneauxh@ezinearticles.com', '6837689962', '1981-12-01 22:32:40', 'F45ad0mFum', 'sales manager', 1, '2020-10-11 21:21:12');
insert into users (id, name, surname, email, phone, birthday, pass, user_role, depart_id, created_at) values (19, 'Heath', 'Baumer', 'hbaumeri@exblog.jp', '4291136093', '1994-06-16 15:51:41', 'aVJ6Qjp7', 'sales manager', 2, '2019-07-21 15:02:04');
insert into users (id, name, surname, email, phone, birthday, pass, user_role, depart_id, created_at) values (20, 'Noel', 'Motten', 'nmottenj@nature.com', '8961064949', '1975-02-05 23:14:28', 'Yoe67ea1qJl', 'sales manager', 4, '2019-08-11 16:05:12');

-- Данные для products_category
insert into products_category (id, name) values (1, 'United Kingdom');
insert into products_category (id, name) values (2, 'Kenya');
insert into products_category (id, name) values (3, 'China');
insert into products_category (id, name) values (4, 'Kazakhstan');
insert into products_category (id, name) values (5, 'USA');
insert into products_category (id, name) values (6, 'Ukraine');
insert into products_category (id, name) values (7, 'France');
insert into products_category (id, name) values (8, 'Netherlands');
insert into products_category (id, name) values (9, 'Japan');
insert into products_category (id, name) values (10, 'Russia');

-- Данные для products
insert into products (id, name, discription, price, qty, category_id) values (1, 'Glass Clear 8 Oz', 'Aenean lectus. Pellentesque eget nunc. Donec quis orci eget orci vehicula condimentum.', 1183, 129, 2);
insert into products (id, name, discription, price, qty, category_id) values (2, 'Kiwi', 'Duis consequat dui nec nisi volutpat eleifend. Donec ut dolor. Morbi vel lectus in quam fringilla rhoncus.', 1055, 72, 7);
insert into products (id, name, discription, price, qty, category_id) values (3, 'Pastry - Choclate Baked', 'Praesent id massa id nisl venenatis lacinia. Aenean sit amet justo. Morbi ut odio.', 1329, 385, 2);
insert into products (id, name, discription, price, qty, category_id) values (4, 'Appetizer - Southwestern', 'Quisque porta volutpat erat. Quisque erat eros, viverra eget, congue eget, semper rutrum, nulla. Nunc purus.', 471, 282, 6);
insert into products (id, name, discription, price, qty, category_id) values (5, 'Venison - Striploin', 'Fusce consequat. Nulla nisl. Nunc nisl.', 397, 281, 2);
insert into products (id, name, discription, price, qty, category_id) values (6, 'Pasta - Canelloni, Single Serve', 'Curabitur gravida nisi at nibh. In hac habitasse platea dictumst. Aliquam augue quam, sollicitudin vitae, consectetuer eget, rutrum at, lorem.', 986, 362, 1);
insert into products (id, name, discription, price, qty, category_id) values (7, 'Squash - Pattypan, Yellow', 'Lorem ipsum dolor sit amet, consectetuer adipiscing elit. Proin risus. Praesent lectus.', 1344, 377, 10);
insert into products (id, name, discription, price, qty, category_id) values (8, 'Wine - Redchard Merritt', 'Curabitur gravida nisi at nibh. In hac habitasse platea dictumst. Aliquam augue quam, sollicitudin vitae, consectetuer eget, rutrum at, lorem.', 1447, 156, 9);
insert into products (id, name, discription, price, qty, category_id) values (9, 'Napkin - Cocktail,beige 2 - Ply', 'Fusce posuere felis sed lacus. Morbi sem mauris, laoreet ut, rhoncus aliquet, pulvinar sed, nisl. Nunc rhoncus dui vel sem.', 1347, 195, 5);
insert into products (id, name, discription, price, qty, category_id) values (10, 'Egg Patty Fried', 'Phasellus sit amet erat. Nulla tempus. Vivamus in felis eu sapien cursus vestibulum.', 1075, 399, 3);
insert into products (id, name, discription, price, qty, category_id) values (11, 'Pineapple - Golden', 'Phasellus in felis. Donec semper sapien a libero. Nam dui.', 584, 275, 4);
insert into products (id, name, discription, price, qty, category_id) values (12, 'Wine - Magnotta - Red, Baco', 'Phasellus sit amet erat. Nulla tempus. Vivamus in felis eu sapien cursus vestibulum.', 1450, 309, 1);
insert into products (id, name, discription, price, qty, category_id) values (13, 'Chocolate Eclairs', 'Sed sagittis. Nam congue, risus semper porta volutpat, quam pede lobortis ligula, sit amet eleifend pede libero quis orci. Nullam molestie nibh in lectus.', 1484, 110, 5);
insert into products (id, name, discription, price, qty, category_id) values (14, 'Fish - Soup Base, Bouillon', 'Donec diam neque, vestibulum eget, vulputate ut, ultrices vel, augue. Vestibulum ante ipsum primis in faucibus orci luctus et ultrices posuere cubilia Curae; Donec pharetra, magna vestibulum aliquet ultrices, erat tortor sollicitudin mi, sit amet lobortis sapien sapien non mi. Integer ac neque.', 821, 341, 3);
insert into products (id, name, discription, price, qty, category_id) values (15, 'Fondant - Icing', 'Curabitur in libero ut massa volutpat convallis. Morbi odio odio, elementum eu, interdum eu, tincidunt in, leo. Maecenas pulvinar lobortis est.', 1039, 278, 4);
insert into products (id, name, discription, price, qty, category_id) values (16, 'Piping - Bags Quizna', 'In quis justo. Maecenas rhoncus aliquam lacus. Morbi quis tortor id nulla ultrices aliquet.', 952, 206, 9);
insert into products (id, name, discription, price, qty, category_id) values (17, 'Beer - Original Organic Lager', 'Pellentesque at nulla. Suspendisse potenti. Cras in purus eu magna vulputate luctus.', 1439, 73, 3);
insert into products (id, name, discription, price, qty, category_id) values (18, 'Scallops - 10/20', 'Maecenas leo odio, condimentum id, luctus nec, molestie sed, justo. Pellentesque viverra pede ac diam. Cras pellentesque volutpat dui.', 898, 154, 10);
insert into products (id, name, discription, price, qty, category_id) values (19, 'The Pop Shoppe - Grape', 'In hac habitasse platea dictumst. Morbi vestibulum, velit id pretium iaculis, diam erat fermentum justo, nec condimentum neque sapien placerat ante. Nulla justo.', 1431, 388, 5);
insert into products (id, name, discription, price, qty, category_id) values (20, 'Juice - V8 Splash', 'Maecenas ut massa quis augue luctus tincidunt. Nulla mollis molestie lorem. Quisque ut erat.', 570, 77, 6);
insert into products (id, name, discription, price, qty, category_id) values (21, 'Frangelico', 'Proin interdum mauris non ligula pellentesque ultrices. Phasellus id sapien in sapien iaculis congue. Vivamus metus arcu, adipiscing molestie, hendrerit at, vulputate vitae, nisl.', 998, 187, 1);
insert into products (id, name, discription, price, qty, category_id) values (22, 'Ginger - Fresh', 'Maecenas ut massa quis augue luctus tincidunt. Nulla mollis molestie lorem. Quisque ut erat.', 398, 217, 6);
insert into products (id, name, discription, price, qty, category_id) values (23, 'Nantuket Peach Orange', 'Cum sociis natoque penatibus et magnis dis parturient montes, nascetur ridiculus mus. Vivamus vestibulum sagittis sapien. Cum sociis natoque penatibus et magnis dis parturient montes, nascetur ridiculus mus.', 168, 240, 9);
insert into products (id, name, discription, price, qty, category_id) values (24, 'Nut - Cashews, Whole, Raw', 'Proin leo odio, porttitor id, consequat in, consequat ut, nulla. Sed accumsan felis. Ut at dolor quis odio consequat varius.', 922, 331, 9);
insert into products (id, name, discription, price, qty, category_id) values (25, 'Bread - Onion Focaccia', 'In quis justo. Maecenas rhoncus aliquam lacus. Morbi quis tortor id nulla ultrices aliquet.', 1433, 205, 9);
insert into products (id, name, discription, price, qty, category_id) values (26, 'Taro Leaves', 'Proin leo odio, porttitor id, consequat in, consequat ut, nulla. Sed accumsan felis. Ut at dolor quis odio consequat varius.', 485, 340, 2);
insert into products (id, name, discription, price, qty, category_id) values (27, 'Split Peas - Yellow, Dry', 'Curabitur in libero ut massa volutpat convallis. Morbi odio odio, elementum eu, interdum eu, tincidunt in, leo. Maecenas pulvinar lobortis est.', 427, 331, 4);
insert into products (id, name, discription, price, qty, category_id) values (28, 'Wine - White, Ej', 'Phasellus sit amet erat. Nulla tempus. Vivamus in felis eu sapien cursus vestibulum.', 424, 317, 9);
insert into products (id, name, discription, price, qty, category_id) values (29, 'Steam Pan - Half Size Deep', 'Nullam porttitor lacus at turpis. Donec posuere metus vitae ipsum. Aliquam non mauris.', 918, 360, 4);
insert into products (id, name, discription, price, qty, category_id) values (30, 'Beef - Outside, Round', 'In hac habitasse platea dictumst. Morbi vestibulum, velit id pretium iaculis, diam erat fermentum justo, nec condimentum neque sapien placerat ante. Nulla justo.', 1425, 214, 3);
insert into products (id, name, discription, price, qty, category_id) values (31, 'Squash - Pepper', 'Maecenas ut massa quis augue luctus tincidunt. Nulla mollis molestie lorem. Quisque ut erat.', 451, 251, 7);
insert into products (id, name, discription, price, qty, category_id) values (32, 'Garam Masala Powder', 'Curabitur at ipsum ac tellus semper interdum. Mauris ullamcorper purus sit amet nulla. Quisque arcu libero, rutrum ac, lobortis vel, dapibus at, diam.', 447, 264, 4);
insert into products (id, name, discription, price, qty, category_id) values (33, 'Curry Powder Madras', 'Phasellus in felis. Donec semper sapien a libero. Nam dui.', 823, 122, 8);
insert into products (id, name, discription, price, qty, category_id) values (34, 'Potatoes - Mini Red', 'Maecenas tristique, est et tempus semper, est quam pharetra magna, ac consequat metus sapien ut nunc. Vestibulum ante ipsum primis in faucibus orci luctus et ultrices posuere cubilia Curae; Mauris viverra diam vitae quam. Suspendisse potenti.', 634, 357, 10);
insert into products (id, name, discription, price, qty, category_id) values (35, 'Wine - White, Ej', 'Nullam sit amet turpis elementum ligula vehicula consequat. Morbi a ipsum. Integer a nibh.', 824, 291, 3);
insert into products (id, name, discription, price, qty, category_id) values (36, 'Fireball Whisky', 'Fusce consequat. Nulla nisl. Nunc nisl.', 1367, 60, 4);
insert into products (id, name, discription, price, qty, category_id) values (37, 'Ham - Virginia', 'Curabitur at ipsum ac tellus semper interdum. Mauris ullamcorper purus sit amet nulla. Quisque arcu libero, rutrum ac, lobortis vel, dapibus at, diam.', 927, 147, 7);
insert into products (id, name, discription, price, qty, category_id) values (38, 'Mayonnaise', 'Donec diam neque, vestibulum eget, vulputate ut, ultrices vel, augue. Vestibulum ante ipsum primis in faucibus orci luctus et ultrices posuere cubilia Curae; Donec pharetra, magna vestibulum aliquet ultrices, erat tortor sollicitudin mi, sit amet lobortis sapien sapien non mi. Integer ac neque.', 612, 87, 3);
insert into products (id, name, discription, price, qty, category_id) values (39, 'Wine - Chianti Classico Riserva', 'In sagittis dui vel nisl. Duis ac nibh. Fusce lacus purus, aliquet at, feugiat non, pretium quis, lectus.', 1404, 64, 8);
insert into products (id, name, discription, price, qty, category_id) values (40, 'Jicama', 'Nullam sit amet turpis elementum ligula vehicula consequat. Morbi a ipsum. Integer a nibh.', 393, 90, 3);
insert into products (id, name, discription, price, qty, category_id) values (41, 'Quail - Whole, Bone - In', 'In sagittis dui vel nisl. Duis ac nibh. Fusce lacus purus, aliquet at, feugiat non, pretium quis, lectus.', 667, 155, 3);
insert into products (id, name, discription, price, qty, category_id) values (42, 'Potatoes - Peeled', 'Cras mi pede, malesuada in, imperdiet et, commodo vulputate, justo. In blandit ultrices enim. Lorem ipsum dolor sit amet, consectetuer adipiscing elit.', 608, 83, 10);
insert into products (id, name, discription, price, qty, category_id) values (43, 'Juice - Orange 1.89l', 'Vestibulum ac est lacinia nisi venenatis tristique. Fusce congue, diam id ornare imperdiet, sapien urna pretium nisl, ut volutpat sapien arcu sed augue. Aliquam erat volutpat.', 1361, 106, 8);
insert into products (id, name, discription, price, qty, category_id) values (44, 'Mushroom - Morels, Dry', 'Quisque id justo sit amet sapien dignissim vestibulum. Vestibulum ante ipsum primis in faucibus orci luctus et ultrices posuere cubilia Curae; Nulla dapibus dolor vel est. Donec odio justo, sollicitudin ut, suscipit a, feugiat et, eros.', 803, 199, 6);
insert into products (id, name, discription, price, qty, category_id) values (45, 'Cleaner - Pine Sol', 'Nullam porttitor lacus at turpis. Donec posuere metus vitae ipsum. Aliquam non mauris.', 745, 249, 1);
insert into products (id, name, discription, price, qty, category_id) values (46, 'Foam Cup 6 Oz', 'Quisque id justo sit amet sapien dignissim vestibulum. Vestibulum ante ipsum primis in faucibus orci luctus et ultrices posuere cubilia Curae; Nulla dapibus dolor vel est. Donec odio justo, sollicitudin ut, suscipit a, feugiat et, eros.', 379, 219, 9);
insert into products (id, name, discription, price, qty, category_id) values (47, 'Cheese - Gorgonzola', 'Phasellus sit amet erat. Nulla tempus. Vivamus in felis eu sapien cursus vestibulum.', 1007, 116, 10);
insert into products (id, name, discription, price, qty, category_id) values (48, 'Puree - Guava', 'Quisque porta volutpat erat. Quisque erat eros, viverra eget, congue eget, semper rutrum, nulla. Nunc purus.', 194, 390, 2);
insert into products (id, name, discription, price, qty, category_id) values (49, 'Chutney Sauce - Mango', 'In hac habitasse platea dictumst. Etiam faucibus cursus urna. Ut tellus.', 806, 343, 6);
insert into products (id, name, discription, price, qty, category_id) values (50, 'Longos - Cheese Tortellini', 'Nam ultrices, libero non mattis pulvinar, nulla pede ullamcorper augue, a suscipit nulla elit ac nulla. Sed vel enim sit amet nunc viverra dapibus. Nulla suscipit ligula in lacus.', 216, 176, 6);
insert into products (id, name, discription, price, qty, category_id) values (51, 'Pastry - Cherry Danish - Mini', 'Quisque id justo sit amet sapien dignissim vestibulum. Vestibulum ante ipsum primis in faucibus orci luctus et ultrices posuere cubilia Curae; Nulla dapibus dolor vel est. Donec odio justo, sollicitudin ut, suscipit a, feugiat et, eros.', 922, 299, 1);
insert into products (id, name, discription, price, qty, category_id) values (52, 'Sprouts Dikon', 'Nam ultrices, libero non mattis pulvinar, nulla pede ullamcorper augue, a suscipit nulla elit ac nulla. Sed vel enim sit amet nunc viverra dapibus. Nulla suscipit ligula in lacus.', 1465, 235, 1);
insert into products (id, name, discription, price, qty, category_id) values (53, 'Beans - Fine', 'Lorem ipsum dolor sit amet, consectetuer adipiscing elit. Proin risus. Praesent lectus.', 834, 90, 7);
insert into products (id, name, discription, price, qty, category_id) values (54, 'Snapple - Iced Tea Peach', 'Donec diam neque, vestibulum eget, vulputate ut, ultrices vel, augue. Vestibulum ante ipsum primis in faucibus orci luctus et ultrices posuere cubilia Curae; Donec pharetra, magna vestibulum aliquet ultrices, erat tortor sollicitudin mi, sit amet lobortis sapien sapien non mi. Integer ac neque.', 829, 374, 8);
insert into products (id, name, discription, price, qty, category_id) values (55, 'Salmon Steak - Cohoe 6 Oz', 'Duis consequat dui nec nisi volutpat eleifend. Donec ut dolor. Morbi vel lectus in quam fringilla rhoncus.', 832, 392, 5);
insert into products (id, name, discription, price, qty, category_id) values (56, 'Turnip - White, Organic', 'Praesent id massa id nisl venenatis lacinia. Aenean sit amet justo. Morbi ut odio.', 841, 175, 2);
insert into products (id, name, discription, price, qty, category_id) values (57, 'Juice - Orange, 341 Ml', 'Quisque id justo sit amet sapien dignissim vestibulum. Vestibulum ante ipsum primis in faucibus orci luctus et ultrices posuere cubilia Curae; Nulla dapibus dolor vel est. Donec odio justo, sollicitudin ut, suscipit a, feugiat et, eros.', 1388, 138, 4);
insert into products (id, name, discription, price, qty, category_id) values (58, 'Cheese - Stilton', 'Curabitur in libero ut massa volutpat convallis. Morbi odio odio, elementum eu, interdum eu, tincidunt in, leo. Maecenas pulvinar lobortis est.', 769, 199, 7);
insert into products (id, name, discription, price, qty, category_id) values (59, 'Bread - Petit Baguette', 'Aenean lectus. Pellentesque eget nunc. Donec quis orci eget orci vehicula condimentum.', 1392, 185, 8);
insert into products (id, name, discription, price, qty, category_id) values (60, 'Appetizer - Mushroom Tart', 'Aenean fermentum. Donec ut mauris eget massa tempor convallis. Nulla neque libero, convallis eget, eleifend luctus, ultricies eu, nibh.', 1430, 263, 8);
insert into products (id, name, discription, price, qty, category_id) values (61, 'Pork - Backs - Boneless', 'Sed sagittis. Nam congue, risus semper porta volutpat, quam pede lobortis ligula, sit amet eleifend pede libero quis orci. Nullam molestie nibh in lectus.', 824, 308, 5);
insert into products (id, name, discription, price, qty, category_id) values (62, 'Cheese - Parmesan Grated', 'Aenean fermentum. Donec ut mauris eget massa tempor convallis. Nulla neque libero, convallis eget, eleifend luctus, ultricies eu, nibh.', 367, 87, 6);
insert into products (id, name, discription, price, qty, category_id) values (63, 'Rice - Brown', 'Duis bibendum, felis sed interdum venenatis, turpis enim blandit mi, in porttitor pede justo eu massa. Donec dapibus. Duis at velit eu est congue elementum.', 1073, 197, 7);
insert into products (id, name, discription, price, qty, category_id) values (64, 'Tumeric', 'Integer ac leo. Pellentesque ultrices mattis odio. Donec vitae nisi.', 632, 101, 8);
insert into products (id, name, discription, price, qty, category_id) values (65, 'Cheese - Brie Roitelet', 'Sed ante. Vivamus tortor. Duis mattis egestas metus.', 1257, 219, 9);
insert into products (id, name, discription, price, qty, category_id) values (66, 'Bread - Roll, Italian', 'Praesent blandit. Nam nulla. Integer pede justo, lacinia eget, tincidunt eget, tempus vel, pede.', 658, 53, 3);
insert into products (id, name, discription, price, qty, category_id) values (67, 'Vodka - Hot, Lnferno', 'Fusce posuere felis sed lacus. Morbi sem mauris, laoreet ut, rhoncus aliquet, pulvinar sed, nisl. Nunc rhoncus dui vel sem.', 257, 110, 9);
insert into products (id, name, discription, price, qty, category_id) values (68, 'Cheese - St. Andre', 'Nam ultrices, libero non mattis pulvinar, nulla pede ullamcorper augue, a suscipit nulla elit ac nulla. Sed vel enim sit amet nunc viverra dapibus. Nulla suscipit ligula in lacus.', 594, 360, 3);
insert into products (id, name, discription, price, qty, category_id) values (69, 'Eel Fresh', 'Cras non velit nec nisi vulputate nonummy. Maecenas tincidunt lacus at velit. Vivamus vel nulla eget eros elementum pellentesque.', 450, 264, 2);
insert into products (id, name, discription, price, qty, category_id) values (70, 'Cotton Wet Mop 16 Oz', 'Fusce posuere felis sed lacus. Morbi sem mauris, laoreet ut, rhoncus aliquet, pulvinar sed, nisl. Nunc rhoncus dui vel sem.', 878, 134, 4);
insert into products (id, name, discription, price, qty, category_id) values (71, 'Stock - Veal, White', 'Cum sociis natoque penatibus et magnis dis parturient montes, nascetur ridiculus mus. Vivamus vestibulum sagittis sapien. Cum sociis natoque penatibus et magnis dis parturient montes, nascetur ridiculus mus.', 674, 256, 7);
insert into products (id, name, discription, price, qty, category_id) values (72, 'Tomato - Peeled Italian Canned', 'Duis bibendum. Morbi non quam nec dui luctus rutrum. Nulla tellus.', 1039, 342, 5);
insert into products (id, name, discription, price, qty, category_id) values (73, 'Pur Value', 'Integer ac leo. Pellentesque ultrices mattis odio. Donec vitae nisi.', 842, 247, 2);
insert into products (id, name, discription, price, qty, category_id) values (74, 'Cleaner - Bleach', 'Praesent blandit. Nam nulla. Integer pede justo, lacinia eget, tincidunt eget, tempus vel, pede.', 247, 120, 8);
insert into products (id, name, discription, price, qty, category_id) values (75, 'Beans - Navy, Dry', 'Duis bibendum, felis sed interdum venenatis, turpis enim blandit mi, in porttitor pede justo eu massa. Donec dapibus. Duis at velit eu est congue elementum.', 1260, 367, 10);
insert into products (id, name, discription, price, qty, category_id) values (76, 'Stock - Veal, Brown', 'Curabitur gravida nisi at nibh. In hac habitasse platea dictumst. Aliquam augue quam, sollicitudin vitae, consectetuer eget, rutrum at, lorem.', 1303, 237, 2);
insert into products (id, name, discription, price, qty, category_id) values (77, 'Wine - Masi Valpolocell', 'Duis bibendum. Morbi non quam nec dui luctus rutrum. Nulla tellus.', 681, 356, 1);
insert into products (id, name, discription, price, qty, category_id) values (78, 'Pail For Lid 1537', 'Duis bibendum. Morbi non quam nec dui luctus rutrum. Nulla tellus.', 1235, 338, 4);
insert into products (id, name, discription, price, qty, category_id) values (79, 'Chocolate - Liqueur Cups With Foil', 'In congue. Etiam justo. Etiam pretium iaculis justo.', 431, 318, 2);
insert into products (id, name, discription, price, qty, category_id) values (80, 'Nantucket Pine Orangebanana', 'Duis aliquam convallis nunc. Proin at turpis a pede posuere nonummy. Integer non velit.', 578, 179, 2);
insert into products (id, name, discription, price, qty, category_id) values (81, 'Coffee - Dark Roast', 'Curabitur at ipsum ac tellus semper interdum. Mauris ullamcorper purus sit amet nulla. Quisque arcu libero, rutrum ac, lobortis vel, dapibus at, diam.', 941, 91, 2);
insert into products (id, name, discription, price, qty, category_id) values (82, 'Bar Mix - Pina Colada, 355 Ml', 'Maecenas ut massa quis augue luctus tincidunt. Nulla mollis molestie lorem. Quisque ut erat.', 702, 249, 2);
insert into products (id, name, discription, price, qty, category_id) values (83, 'Chicken - Ground', 'Integer ac leo. Pellentesque ultrices mattis odio. Donec vitae nisi.', 841, 387, 5);
insert into products (id, name, discription, price, qty, category_id) values (84, 'Quiche Assorted', 'Duis bibendum. Morbi non quam nec dui luctus rutrum. Nulla tellus.', 822, 135, 1);
insert into products (id, name, discription, price, qty, category_id) values (85, 'Pastry - Raisin Muffin - Mini', 'Fusce posuere felis sed lacus. Morbi sem mauris, laoreet ut, rhoncus aliquet, pulvinar sed, nisl. Nunc rhoncus dui vel sem.', 1243, 164, 2);
insert into products (id, name, discription, price, qty, category_id) values (86, 'Corn - Mini', 'Sed ante. Vivamus tortor. Duis mattis egestas metus.', 304, 259, 8);
insert into products (id, name, discription, price, qty, category_id) values (87, 'Lettuce - Romaine, Heart', 'Maecenas ut massa quis augue luctus tincidunt. Nulla mollis molestie lorem. Quisque ut erat.', 610, 133, 9);
insert into products (id, name, discription, price, qty, category_id) values (88, 'Cheese - Havarti, Roasted Garlic', 'Aenean lectus. Pellentesque eget nunc. Donec quis orci eget orci vehicula condimentum.', 534, 325, 2);
insert into products (id, name, discription, price, qty, category_id) values (89, 'Nutmeg - Ground', 'In congue. Etiam justo. Etiam pretium iaculis justo.', 1277, 359, 5);
insert into products (id, name, discription, price, qty, category_id) values (90, 'Crackers - Water', 'Sed ante. Vivamus tortor. Duis mattis egestas metus.', 655, 138, 8);
insert into products (id, name, discription, price, qty, category_id) values (91, 'Oil - Margarine', 'Morbi non lectus. Aliquam sit amet diam in magna bibendum imperdiet. Nullam orci pede, venenatis non, sodales sed, tincidunt eu, felis.', 1195, 304, 8);
insert into products (id, name, discription, price, qty, category_id) values (92, 'Ice Cream Bar - Drumstick', 'Curabitur at ipsum ac tellus semper interdum. Mauris ullamcorper purus sit amet nulla. Quisque arcu libero, rutrum ac, lobortis vel, dapibus at, diam.', 1319, 187, 2);
insert into products (id, name, discription, price, qty, category_id) values (93, 'Wine - Sauvignon Blanc', 'Morbi porttitor lorem id ligula. Suspendisse ornare consequat lectus. In est risus, auctor sed, tristique in, tempus sit amet, sem.', 572, 198, 5);
insert into products (id, name, discription, price, qty, category_id) values (94, 'Star Anise, Whole', 'Donec diam neque, vestibulum eget, vulputate ut, ultrices vel, augue. Vestibulum ante ipsum primis in faucibus orci luctus et ultrices posuere cubilia Curae; Donec pharetra, magna vestibulum aliquet ultrices, erat tortor sollicitudin mi, sit amet lobortis sapien sapien non mi. Integer ac neque.', 545, 320, 1);
insert into products (id, name, discription, price, qty, category_id) values (95, 'Island Oasis - Strawberry', 'Maecenas ut massa quis augue luctus tincidunt. Nulla mollis molestie lorem. Quisque ut erat.', 1035, 221, 1);
insert into products (id, name, discription, price, qty, category_id) values (96, 'Wine - Montecillo Rioja Crianza', 'In sagittis dui vel nisl. Duis ac nibh. Fusce lacus purus, aliquet at, feugiat non, pretium quis, lectus.', 1226, 310, 10);
insert into products (id, name, discription, price, qty, category_id) values (97, 'Syrup - Monin, Swiss Choclate', 'Aenean fermentum. Donec ut mauris eget massa tempor convallis. Nulla neque libero, convallis eget, eleifend luctus, ultricies eu, nibh.', 367, 252, 5);
insert into products (id, name, discription, price, qty, category_id) values (98, 'Bread - Roll, Canadian Dinner', 'Nullam porttitor lacus at turpis. Donec posuere metus vitae ipsum. Aliquam non mauris.', 1310, 194, 7);
insert into products (id, name, discription, price, qty, category_id) values (99, 'Wanton Wrap', 'Etiam vel augue. Vestibulum rutrum rutrum neque. Aenean auctor gravida sem.', 1199, 392, 8);
insert into products (id, name, discription, price, qty, category_id) values (100, 'Ice Cream Bar - Oreo Cone', 'Fusce posuere felis sed lacus. Morbi sem mauris, laoreet ut, rhoncus aliquet, pulvinar sed, nisl. Nunc rhoncus dui vel sem.', 1394, 274, 5);
insert into products (id, name, discription, price, qty, category_id) values (101, 'Milk - 1%', 'Maecenas leo odio, condimentum id, luctus nec, molestie sed, justo. Pellentesque viverra pede ac diam. Cras pellentesque volutpat dui.', 1010, 231, 3);
insert into products (id, name, discription, price, qty, category_id) values (102, 'Wine - Sogrape Mateus Rose', 'Proin interdum mauris non ligula pellentesque ultrices. Phasellus id sapien in sapien iaculis congue. Vivamus metus arcu, adipiscing molestie, hendrerit at, vulputate vitae, nisl.', 821, 136, 3);
insert into products (id, name, discription, price, qty, category_id) values (103, 'Venison - Denver Leg Boneless', 'In congue. Etiam justo. Etiam pretium iaculis justo.', 1338, 176, 3);
insert into products (id, name, discription, price, qty, category_id) values (104, 'Duck - Legs', 'Nullam porttitor lacus at turpis. Donec posuere metus vitae ipsum. Aliquam non mauris.', 835, 250, 6);
insert into products (id, name, discription, price, qty, category_id) values (105, 'Cup Translucent 9 Oz', 'Praesent blandit. Nam nulla. Integer pede justo, lacinia eget, tincidunt eget, tempus vel, pede.', 870, 287, 3);
insert into products (id, name, discription, price, qty, category_id) values (106, 'Wine - Sake', 'Pellentesque at nulla. Suspendisse potenti. Cras in purus eu magna vulputate luctus.', 430, 344, 7);
insert into products (id, name, discription, price, qty, category_id) values (107, 'Wine - Rosso Del Veronese Igt', 'Etiam vel augue. Vestibulum rutrum rutrum neque. Aenean auctor gravida sem.', 1374, 223, 9);
insert into products (id, name, discription, price, qty, category_id) values (108, 'Beans - Navy, Dry', 'In congue. Etiam justo. Etiam pretium iaculis justo.', 669, 328, 9);
insert into products (id, name, discription, price, qty, category_id) values (109, 'Glucose', 'Etiam vel augue. Vestibulum rutrum rutrum neque. Aenean auctor gravida sem.', 223, 212, 6);
insert into products (id, name, discription, price, qty, category_id) values (110, 'Pepsi - 600ml', 'In congue. Etiam justo. Etiam pretium iaculis justo.', 862, 187, 9);
insert into products (id, name, discription, price, qty, category_id) values (111, 'Wine - Piper Heidsieck Brut', 'Nulla ut erat id mauris vulputate elementum. Nullam varius. Nulla facilisi.', 170, 289, 5);
insert into products (id, name, discription, price, qty, category_id) values (112, 'Sultanas', 'Morbi porttitor lorem id ligula. Suspendisse ornare consequat lectus. In est risus, auctor sed, tristique in, tempus sit amet, sem.', 750, 361, 8);
insert into products (id, name, discription, price, qty, category_id) values (113, 'Foil Wrap', 'Curabitur at ipsum ac tellus semper interdum. Mauris ullamcorper purus sit amet nulla. Quisque arcu libero, rutrum ac, lobortis vel, dapibus at, diam.', 1142, 400, 4);
insert into products (id, name, discription, price, qty, category_id) values (114, 'Milk - Skim', 'Proin eu mi. Nulla ac enim. In tempor, turpis nec euismod scelerisque, quam turpis adipiscing lorem, vitae mattis nibh ligula nec sem.', 194, 231, 6);
insert into products (id, name, discription, price, qty, category_id) values (115, 'Flower - Commercial Spider', 'Duis consequat dui nec nisi volutpat eleifend. Donec ut dolor. Morbi vel lectus in quam fringilla rhoncus.', 207, 105, 7);
insert into products (id, name, discription, price, qty, category_id) values (116, 'Beef - Tongue, Cooked', 'Maecenas ut massa quis augue luctus tincidunt. Nulla mollis molestie lorem. Quisque ut erat.', 294, 173, 9);
insert into products (id, name, discription, price, qty, category_id) values (117, 'Tart - Lemon', 'Nullam porttitor lacus at turpis. Donec posuere metus vitae ipsum. Aliquam non mauris.', 1434, 380, 8);
insert into products (id, name, discription, price, qty, category_id) values (118, 'Cheese - Taleggio D.o.p.', 'In hac habitasse platea dictumst. Morbi vestibulum, velit id pretium iaculis, diam erat fermentum justo, nec condimentum neque sapien placerat ante. Nulla justo.', 538, 279, 3);
insert into products (id, name, discription, price, qty, category_id) values (119, 'Artichokes - Knobless, White', 'Cum sociis natoque penatibus et magnis dis parturient montes, nascetur ridiculus mus. Vivamus vestibulum sagittis sapien. Cum sociis natoque penatibus et magnis dis parturient montes, nascetur ridiculus mus.', 479, 92, 3);
insert into products (id, name, discription, price, qty, category_id) values (120, 'Rolled Oats', 'In hac habitasse platea dictumst. Etiam faucibus cursus urna. Ut tellus.', 1434, 282, 3);
insert into products (id, name, discription, price, qty, category_id) values (121, 'Nut - Hazelnut, Ground, Natural', 'Cras non velit nec nisi vulputate nonummy. Maecenas tincidunt lacus at velit. Vivamus vel nulla eget eros elementum pellentesque.', 1043, 118, 8);
insert into products (id, name, discription, price, qty, category_id) values (122, 'Longos - Chicken Cordon Bleu', 'Curabitur gravida nisi at nibh. In hac habitasse platea dictumst. Aliquam augue quam, sollicitudin vitae, consectetuer eget, rutrum at, lorem.', 378, 144, 2);
insert into products (id, name, discription, price, qty, category_id) values (123, 'Beer - Camerons Cream Ale', 'Duis consequat dui nec nisi volutpat eleifend. Donec ut dolor. Morbi vel lectus in quam fringilla rhoncus.', 304, 83, 2);
insert into products (id, name, discription, price, qty, category_id) values (124, 'Capers - Ox Eye Daisy', 'Vestibulum quam sapien, varius ut, blandit non, interdum in, ante. Vestibulum ante ipsum primis in faucibus orci luctus et ultrices posuere cubilia Curae; Duis faucibus accumsan odio. Curabitur convallis.', 1085, 120, 1);
insert into products (id, name, discription, price, qty, category_id) values (125, 'Oneshot Automatic Soap System', 'In hac habitasse platea dictumst. Morbi vestibulum, velit id pretium iaculis, diam erat fermentum justo, nec condimentum neque sapien placerat ante. Nulla justo.', 736, 53, 3);
insert into products (id, name, discription, price, qty, category_id) values (126, 'Cake - Lemon Chiffon', 'Suspendisse potenti. In eleifend quam a odio. In hac habitasse platea dictumst.', 555, 164, 4);
insert into products (id, name, discription, price, qty, category_id) values (127, 'Food Colouring - Red', 'Lorem ipsum dolor sit amet, consectetuer adipiscing elit. Proin risus. Praesent lectus.', 1094, 334, 10);
insert into products (id, name, discription, price, qty, category_id) values (128, 'Cheese - Brie', 'Fusce consequat. Nulla nisl. Nunc nisl.', 1144, 213, 6);
insert into products (id, name, discription, price, qty, category_id) values (129, 'Icecream Bar - Del Monte', 'Sed sagittis. Nam congue, risus semper porta volutpat, quam pede lobortis ligula, sit amet eleifend pede libero quis orci. Nullam molestie nibh in lectus.', 429, 200, 7);
insert into products (id, name, discription, price, qty, category_id) values (130, 'Pepper - Jalapeno', 'Maecenas tristique, est et tempus semper, est quam pharetra magna, ac consequat metus sapien ut nunc. Vestibulum ante ipsum primis in faucibus orci luctus et ultrices posuere cubilia Curae; Mauris viverra diam vitae quam. Suspendisse potenti.', 497, 180, 9);
insert into products (id, name, discription, price, qty, category_id) values (131, 'Dried Figs', 'Aenean fermentum. Donec ut mauris eget massa tempor convallis. Nulla neque libero, convallis eget, eleifend luctus, ultricies eu, nibh.', 729, 129, 4);
insert into products (id, name, discription, price, qty, category_id) values (132, 'Tea - Decaf Lipton', 'Cras non velit nec nisi vulputate nonummy. Maecenas tincidunt lacus at velit. Vivamus vel nulla eget eros elementum pellentesque.', 817, 319, 7);
insert into products (id, name, discription, price, qty, category_id) values (133, 'Rabbit - Legs', 'Sed sagittis. Nam congue, risus semper porta volutpat, quam pede lobortis ligula, sit amet eleifend pede libero quis orci. Nullam molestie nibh in lectus.', 878, 153, 5);
insert into products (id, name, discription, price, qty, category_id) values (134, 'Gelatine Powder', 'Fusce consequat. Nulla nisl. Nunc nisl.', 816, 283, 5);
insert into products (id, name, discription, price, qty, category_id) values (135, 'Cheese - Gouda', 'Phasellus in felis. Donec semper sapien a libero. Nam dui.', 1370, 212, 2);
insert into products (id, name, discription, price, qty, category_id) values (136, 'Lady Fingers', 'Praesent blandit. Nam nulla. Integer pede justo, lacinia eget, tincidunt eget, tempus vel, pede.', 281, 221, 10);
insert into products (id, name, discription, price, qty, category_id) values (137, 'Steam Pan - Half Size Deep', 'Cras non velit nec nisi vulputate nonummy. Maecenas tincidunt lacus at velit. Vivamus vel nulla eget eros elementum pellentesque.', 1339, 118, 5);
insert into products (id, name, discription, price, qty, category_id) values (138, 'Rum - Dark, Bacardi, Black', 'Maecenas leo odio, condimentum id, luctus nec, molestie sed, justo. Pellentesque viverra pede ac diam. Cras pellentesque volutpat dui.', 1336, 191, 3);
insert into products (id, name, discription, price, qty, category_id) values (139, 'Muffin Orange Individual', 'Mauris enim leo, rhoncus sed, vestibulum sit amet, cursus id, turpis. Integer aliquet, massa id lobortis convallis, tortor risus dapibus augue, vel accumsan tellus nisi eu orci. Mauris lacinia sapien quis libero.', 1253, 294, 1);
insert into products (id, name, discription, price, qty, category_id) values (140, 'Lotus Rootlets - Canned', 'Maecenas tristique, est et tempus semper, est quam pharetra magna, ac consequat metus sapien ut nunc. Vestibulum ante ipsum primis in faucibus orci luctus et ultrices posuere cubilia Curae; Mauris viverra diam vitae quam. Suspendisse potenti.', 851, 390, 2);
insert into products (id, name, discription, price, qty, category_id) values (141, 'Cookie Dough - Oatmeal Rasin', 'Quisque porta volutpat erat. Quisque erat eros, viverra eget, congue eget, semper rutrum, nulla. Nunc purus.', 1095, 70, 3);
insert into products (id, name, discription, price, qty, category_id) values (142, 'Tomatoes Tear Drop Yellow', 'Cras mi pede, malesuada in, imperdiet et, commodo vulputate, justo. In blandit ultrices enim. Lorem ipsum dolor sit amet, consectetuer adipiscing elit.', 388, 142, 10);
insert into products (id, name, discription, price, qty, category_id) values (143, 'Garlic - Elephant', 'Proin interdum mauris non ligula pellentesque ultrices. Phasellus id sapien in sapien iaculis congue. Vivamus metus arcu, adipiscing molestie, hendrerit at, vulputate vitae, nisl.', 447, 367, 7);
insert into products (id, name, discription, price, qty, category_id) values (144, 'Loquat', 'Fusce posuere felis sed lacus. Morbi sem mauris, laoreet ut, rhoncus aliquet, pulvinar sed, nisl. Nunc rhoncus dui vel sem.', 522, 156, 9);
insert into products (id, name, discription, price, qty, category_id) values (145, 'Dill Weed - Fresh', 'Cum sociis natoque penatibus et magnis dis parturient montes, nascetur ridiculus mus. Vivamus vestibulum sagittis sapien. Cum sociis natoque penatibus et magnis dis parturient montes, nascetur ridiculus mus.', 1227, 335, 3);
insert into products (id, name, discription, price, qty, category_id) values (146, 'Steampan Lid', 'Suspendisse potenti. In eleifend quam a odio. In hac habitasse platea dictumst.', 818, 356, 2);
insert into products (id, name, discription, price, qty, category_id) values (147, 'Salt - Rock, Course', 'Nulla ut erat id mauris vulputate elementum. Nullam varius. Nulla facilisi.', 1456, 292, 4);
insert into products (id, name, discription, price, qty, category_id) values (148, 'Flavouring - Rum', 'Maecenas leo odio, condimentum id, luctus nec, molestie sed, justo. Pellentesque viverra pede ac diam. Cras pellentesque volutpat dui.', 442, 128, 2);
insert into products (id, name, discription, price, qty, category_id) values (149, 'Squid - Breaded', 'Fusce posuere felis sed lacus. Morbi sem mauris, laoreet ut, rhoncus aliquet, pulvinar sed, nisl. Nunc rhoncus dui vel sem.', 1225, 304, 4);
insert into products (id, name, discription, price, qty, category_id) values (150, 'Turkey - Ground. Lean', 'Curabitur at ipsum ac tellus semper interdum. Mauris ullamcorper purus sit amet nulla. Quisque arcu libero, rutrum ac, lobortis vel, dapibus at, diam.', 844, 240, 4);

-- Данные для customer
insert into customer (id, company_name, headquarter_city, email, phone, employ_qty, manager_id, contact_id, pc_qty, company_birthday, company_type, created_at) values (1, 'Linkbridge', 'Lahishyn', 'rluety0@jimdo.com', '5034225842', 412, 17, 8, 479, '2020-01-11 16:10:30', 'Distribution', '2020-09-16 18:46:18');
insert into customer (id, company_name, headquarter_city, email, phone, employ_qty, manager_id, contact_id, pc_qty, company_birthday, company_type, created_at) values (2, 'Oodoo', 'Qindu', 'lfolliss1@eepurl.com', '9943648505', 368, 18, 3, 660, '2020-03-14 01:48:08', 'Services', '2019-05-01 20:11:36');
insert into customer (id, company_name, headquarter_city, email, phone, employ_qty, manager_id, contact_id, pc_qty, company_birthday, company_type, created_at) values (3, 'Voomm', 'Phước An', 'ablazdell2@xing.com', '3777506897', 898, 8, 71, 128, '2020-04-02 17:15:49', 'IT', '2019-11-19 21:30:53');
insert into customer (id, company_name, headquarter_city, email, phone, employ_qty, manager_id, contact_id, pc_qty, company_birthday, company_type, created_at) values (4, 'Cogidoo', 'Deqing', 'pslark3@google.de', '8275775439', 392, 7, 83, 20, '2020-10-19 05:17:23', 'Distribution', '2019-11-12 20:16:07');
insert into customer (id, company_name, headquarter_city, email, phone, employ_qty, manager_id, contact_id, pc_qty, company_birthday, company_type, created_at) values (5, 'Wordware', 'Cherëmukhovo', 'bbangham4@samsung.com', '6344131675', 205, 19, 129, 872, '2020-04-30 17:12:07', 'Manufacturer', '2019-03-20 01:26:37');
insert into customer (id, company_name, headquarter_city, email, phone, employ_qty, manager_id, contact_id, pc_qty, company_birthday, company_type, created_at) values (6, 'Cogibox', 'Atami', 'bburlingham5@bandcamp.com', '6978036403', 802, 17, 161, 783, '2020-02-29 12:58:02', 'Manufacturer', '2020-08-16 21:01:22');
insert into customer (id, company_name, headquarter_city, email, phone, employ_qty, manager_id, contact_id, pc_qty, company_birthday, company_type, created_at) values (7, 'Snaptags', 'Kamenjane', 'boffner6@apple.com', '6577415481', 676, 5, 191, 708, '2020-10-04 13:16:33', 'FMCG', '2020-07-08 02:55:26');
insert into customer (id, company_name, headquarter_city, email, phone, employ_qty, manager_id, contact_id, pc_qty, company_birthday, company_type, created_at) values (8, 'Jabbertype', 'Chenda', 'hnellen7@bbb.org', '3115744553', 130, 13, 79, 379, '2020-09-07 10:11:54', 'Bank', '2020-07-08 19:36:32');
insert into customer (id, company_name, headquarter_city, email, phone, employ_qty, manager_id, contact_id, pc_qty, company_birthday, company_type, created_at) values (9, 'Skimia', 'Folques', 'azienkiewicz8@google.es', '3061056317', 56, 16, 71, 575, '2020-10-02 08:18:57', 'Bank', '2020-09-04 14:02:33');
insert into customer (id, company_name, headquarter_city, email, phone, employ_qty, manager_id, contact_id, pc_qty, company_birthday, company_type, created_at) values (10, 'Meezzy', 'Trondheim', 'rbartlosz9@amazon.de', '2775405834', 922, 12, 97, 111, '2020-09-17 02:28:28', 'Manufacturer', '2019-01-13 16:28:22');
insert into customer (id, company_name, headquarter_city, email, phone, employ_qty, manager_id, contact_id, pc_qty, company_birthday, company_type, created_at) values (11, 'Ooba', 'Arinos', 'kpretswella@dailymail.co.uk', '1049504188', 37, 10, 181, 797, '2019-11-05 01:30:59', 'Manufacturer', '2019-03-07 17:04:20');
insert into customer (id, company_name, headquarter_city, email, phone, employ_qty, manager_id, contact_id, pc_qty, company_birthday, company_type, created_at) values (12, 'Rhycero', 'Masaran', 'lspaduccib@amazon.de', '5479579872', 929, 9, 53, 944, '2019-10-31 05:13:05', 'Energy supply', '2019-05-05 11:50:54');
insert into customer (id, company_name, headquarter_city, email, phone, employ_qty, manager_id, contact_id, pc_qty, company_birthday, company_type, created_at) values (13, 'Chatterbridge', 'Qala i Naw', 'gwhenmanc@who.int', '3961160254', 191, 18, 144, 157, '2020-05-05 23:26:09', 'FMCG', '2019-10-21 15:01:12');
insert into customer (id, company_name, headquarter_city, email, phone, employ_qty, manager_id, contact_id, pc_qty, company_birthday, company_type, created_at) values (14, 'Janyx', 'Noisy-le-Grand', 'afrendd@bing.com', '4853564760', 421, 4, 120, 218, '2020-02-12 14:35:35', 'Energy supply', '2019-06-09 22:14:22');
insert into customer (id, company_name, headquarter_city, email, phone, employ_qty, manager_id, contact_id, pc_qty, company_birthday, company_type, created_at) values (15, 'Youtags', 'Mezhevoy', 'jcutforthe@ifeng.com', '9191165819', 4, 10, 71, 573, '2020-10-11 09:08:57', 'IT', '2019-05-07 00:40:47');
insert into customer (id, company_name, headquarter_city, email, phone, employ_qty, manager_id, contact_id, pc_qty, company_birthday, company_type, created_at) values (16, 'Photolist', 'Galatás', 'mmepstedf@prlog.org', '5179858365', 864, 2, 199, 622, '2020-09-14 14:35:48', 'FMCG', '2019-07-10 16:15:06');
insert into customer (id, company_name, headquarter_city, email, phone, employ_qty, manager_id, contact_id, pc_qty, company_birthday, company_type, created_at) values (17, 'Dabshots', 'Klapagada', 'dbrichamg@slideshare.net', '2504192561', 506, 4, 176, 304, '2020-09-08 15:19:21', 'Bank', '2019-04-28 06:45:33');
insert into customer (id, company_name, headquarter_city, email, phone, employ_qty, manager_id, contact_id, pc_qty, company_birthday, company_type, created_at) values (18, 'Yodo', 'Niort', 'awollardh@geocities.com', '3518933791', 336, 7, 168, 727, '2020-01-05 18:43:08', 'Manufacturer', '2019-08-12 01:00:14');
insert into customer (id, company_name, headquarter_city, email, phone, employ_qty, manager_id, contact_id, pc_qty, company_birthday, company_type, created_at) values (19, 'Oyoyo', 'Qingshui', 'bkapelhoffi@goodreads.com', '5193142083', 971, 20, 31, 252, '2020-05-06 02:54:55', 'Services', '2019-07-05 02:09:45');
insert into customer (id, company_name, headquarter_city, email, phone, employ_qty, manager_id, contact_id, pc_qty, company_birthday, company_type, created_at) values (20, 'Midel', 'Kandava', 'gkingslandj@infoseek.co.jp', '9347550633', 413, 6, 80, 186, '2019-11-22 04:02:57', 'Services', '2020-01-31 20:16:13');
insert into customer (id, company_name, headquarter_city, email, phone, employ_qty, manager_id, contact_id, pc_qty, company_birthday, company_type, created_at) values (21, 'Oyondu', 'Shin’ichi', 'lchumleyk@jugem.jp', '6363654650', 317, 14, 40, 65, '2020-06-27 08:56:09', 'Distribution', '2019-01-04 02:39:25');
insert into customer (id, company_name, headquarter_city, email, phone, employ_qty, manager_id, contact_id, pc_qty, company_birthday, company_type, created_at) values (22, 'Shuffletag', 'Nguigmi', 'emurkusl@google.de', '3041276037', 136, 14, 56, 458, '2020-10-05 02:09:33', 'Distribution', '2019-10-05 01:43:19');
insert into customer (id, company_name, headquarter_city, email, phone, employ_qty, manager_id, contact_id, pc_qty, company_birthday, company_type, created_at) values (23, 'Yamia', 'Kwali', 'jbalsomm@myspace.com', '2725789925', 410, 14, 59, 966, '2020-06-15 17:07:22', 'Services', '2019-10-19 04:57:16');
insert into customer (id, company_name, headquarter_city, email, phone, employ_qty, manager_id, contact_id, pc_qty, company_birthday, company_type, created_at) values (24, 'Voonte', 'Malax', 'jwhinesn@issuu.com', '1604574549', 286, 2, 13, 101, '2020-07-07 04:13:31', 'FMCG', '2020-09-20 16:02:38');
insert into customer (id, company_name, headquarter_city, email, phone, employ_qty, manager_id, contact_id, pc_qty, company_birthday, company_type, created_at) values (25, 'Oyondu', 'Medvedovskaya', 'aveallo@shop-pro.jp', '4577696807', 845, 12, 81, 938, '2020-10-14 08:43:41', 'Distribution', '2019-08-27 06:54:16');
insert into customer (id, company_name, headquarter_city, email, phone, employ_qty, manager_id, contact_id, pc_qty, company_birthday, company_type, created_at) values (26, 'Wikido', 'Baoyang', 'cmushartp@ebay.com', '3916455154', 1, 13, 198, 970, '2020-08-28 10:39:25', 'FMCG', '2019-03-23 13:23:41');
insert into customer (id, company_name, headquarter_city, email, phone, employ_qty, manager_id, contact_id, pc_qty, company_birthday, company_type, created_at) values (27, 'Voonyx', 'Borzęta', 'aivanq@slideshare.net', '5868679595', 12, 3, 101, 519, '2020-09-26 01:32:13', 'FMCG', '2020-01-09 06:40:10');
insert into customer (id, company_name, headquarter_city, email, phone, employ_qty, manager_id, contact_id, pc_qty, company_birthday, company_type, created_at) values (28, 'Shufflebeat', 'Yotsukaidō', 'cdabornr@merriam-webster.com', '7274467699', 71, 4, 77, 464, '2020-10-20 22:38:59', 'Distribution', '2019-04-20 19:55:58');
insert into customer (id, company_name, headquarter_city, email, phone, employ_qty, manager_id, contact_id, pc_qty, company_birthday, company_type, created_at) values (29, 'Ainyx', 'Villa Alemana', 'critellis@europa.eu', '1532621633', 164, 8, 169, 734, '2020-07-25 19:55:37', 'FMCG', '2019-05-26 18:21:13');
insert into customer (id, company_name, headquarter_city, email, phone, employ_qty, manager_id, contact_id, pc_qty, company_birthday, company_type, created_at) values (30, 'Zoonder', 'Corbeil-Essonnes', 'dforstert@cmu.edu', '9669034782', 579, 11, 7, 519, '2019-11-22 20:04:42', 'Bank', '2020-01-25 18:04:45');
insert into customer (id, company_name, headquarter_city, email, phone, employ_qty, manager_id, contact_id, pc_qty, company_birthday, company_type, created_at) values (31, 'Fivespan', 'Água Preta', 'ltubbleu@photobucket.com', '6598210879', 817, 3, 2, 764, '2020-01-04 02:22:42', 'Distribution', '2020-02-04 17:45:00');
insert into customer (id, company_name, headquarter_city, email, phone, employ_qty, manager_id, contact_id, pc_qty, company_birthday, company_type, created_at) values (32, 'Abatz', 'Opi', 'bstanyforthv@adobe.com', '8348697192', 591, 5, 98, 834, '2020-08-13 12:44:55', 'Distribution', '2019-04-04 18:34:34');
insert into customer (id, company_name, headquarter_city, email, phone, employ_qty, manager_id, contact_id, pc_qty, company_birthday, company_type, created_at) values (33, 'Skidoo', 'Paobulan', 'mjoyesw@va.gov', '4737678598', 964, 2, 5, 840, '2020-05-04 22:37:44', 'FMCG', '2019-11-23 07:48:35');
insert into customer (id, company_name, headquarter_city, email, phone, employ_qty, manager_id, contact_id, pc_qty, company_birthday, company_type, created_at) values (34, 'Dynabox', 'Qingdao', 'bseivwrightx@rediff.com', '1055852548', 20, 9, 56, 80, '2020-09-22 07:01:08', 'Bank', '2020-07-22 12:00:17');
insert into customer (id, company_name, headquarter_city, email, phone, employ_qty, manager_id, contact_id, pc_qty, company_birthday, company_type, created_at) values (35, 'Thoughtblab', 'Stockholm', 'fdegliantoniy@parallels.com', '8733875765', 43, 6, 94, 824, '2019-11-11 04:39:09', 'IT', '2018-12-10 15:49:00');
insert into customer (id, company_name, headquarter_city, email, phone, employ_qty, manager_id, contact_id, pc_qty, company_birthday, company_type, created_at) values (36, 'Yamia', 'Kastsyukowka', 'fmilthorpez@imageshack.us', '8928765622', 188, 4, 180, 609, '2020-01-08 15:26:56', 'FMCG', '2018-11-26 19:19:32');
insert into customer (id, company_name, headquarter_city, email, phone, employ_qty, manager_id, contact_id, pc_qty, company_birthday, company_type, created_at) values (37, 'Mydo', 'Zel’va', 'hdaynter10@state.tx.us', '2517364128', 31, 15, 158, 554, '2020-07-21 20:15:00', 'Energy supply', '2020-07-14 22:46:58');
insert into customer (id, company_name, headquarter_city, email, phone, employ_qty, manager_id, contact_id, pc_qty, company_birthday, company_type, created_at) values (38, 'Fliptune', 'Harstad', 'echadwen11@yellowbook.com', '8977944625', 400, 6, 89, 325, '2020-05-14 11:58:07', 'Energy supply', '2020-07-18 10:45:29');
insert into customer (id, company_name, headquarter_city, email, phone, employ_qty, manager_id, contact_id, pc_qty, company_birthday, company_type, created_at) values (39, 'Livefish', 'Kedungwringin', 'ngatecliffe12@nature.com', '8401330956', 936, 17, 88, 558, '2020-04-21 09:02:26', 'FMCG', '2020-03-27 18:52:37');
insert into customer (id, company_name, headquarter_city, email, phone, employ_qty, manager_id, contact_id, pc_qty, company_birthday, company_type, created_at) values (40, 'Fatz', 'Janaúba', 'cleban13@dmoz.org', '1373298832', 256, 14, 110, 993, '2020-04-16 11:23:05', 'Distribution', '2019-12-11 12:49:15');
insert into customer (id, company_name, headquarter_city, email, phone, employ_qty, manager_id, contact_id, pc_qty, company_birthday, company_type, created_at) values (41, 'Centimia', 'Tongzha', 'rreyna14@ehow.com', '7316694040', 634, 6, 8, 550, '2020-05-15 17:02:26', 'Energy supply', '2019-09-08 16:49:31');
insert into customer (id, company_name, headquarter_city, email, phone, employ_qty, manager_id, contact_id, pc_qty, company_birthday, company_type, created_at) values (42, 'Aibox', 'Ivanivka', 'dbanbrigge15@foxnews.com', '5829551521', 912, 20, 186, 926, '2020-07-09 21:02:42', 'IT', '2018-12-28 02:17:01');
insert into customer (id, company_name, headquarter_city, email, phone, employ_qty, manager_id, contact_id, pc_qty, company_birthday, company_type, created_at) values (43, 'Photobug', 'Wujia', 'kpoker16@ca.gov', '1733141134', 826, 16, 169, 233, '2020-01-06 11:25:23', 'Manufacturer', '2020-10-03 06:54:40');
insert into customer (id, company_name, headquarter_city, email, phone, employ_qty, manager_id, contact_id, pc_qty, company_birthday, company_type, created_at) values (44, 'LiveZ', 'Martyush', 'arosander17@wunderground.com', '4159419176', 957, 4, 96, 768, '2019-10-25 08:51:33', 'Services', '2020-04-17 15:54:20');
insert into customer (id, company_name, headquarter_city, email, phone, employ_qty, manager_id, contact_id, pc_qty, company_birthday, company_type, created_at) values (45, 'Bubbletube', 'Yongjiahe', 'tmattam18@t.co', '2733435855', 474, 6, 52, 667, '2020-02-16 19:53:26', 'Distribution', '2020-08-10 23:21:25');
insert into customer (id, company_name, headquarter_city, email, phone, employ_qty, manager_id, contact_id, pc_qty, company_birthday, company_type, created_at) values (46, 'Photobug', 'Rangah', 'jprobert19@ifeng.com', '2859935859', 863, 13, 43, 96, '2019-12-19 02:28:57', 'Services', '2019-11-02 18:32:54');
insert into customer (id, company_name, headquarter_city, email, phone, employ_qty, manager_id, contact_id, pc_qty, company_birthday, company_type, created_at) values (47, 'Zoomdog', 'Yablochnyy', 'jmackessock1a@cdc.gov', '9629632460', 912, 15, 163, 562, '2020-10-06 15:33:40', 'FMCG', '2018-12-03 11:10:05');
insert into customer (id, company_name, headquarter_city, email, phone, employ_qty, manager_id, contact_id, pc_qty, company_birthday, company_type, created_at) values (48, 'Oyonder', 'Picos', 'rdysart1b@uol.com.br', '5774993136', 957, 2, 59, 252, '2020-07-02 22:48:54', 'Energy supply', '2020-01-15 02:05:59');
insert into customer (id, company_name, headquarter_city, email, phone, employ_qty, manager_id, contact_id, pc_qty, company_birthday, company_type, created_at) values (49, 'Jabbersphere', 'Segezha', 'vmawhinney1c@msn.com', '5688325560', 580, 9, 143, 643, '2020-06-01 05:59:33', 'FMCG', '2020-05-02 16:16:38');
insert into customer (id, company_name, headquarter_city, email, phone, employ_qty, manager_id, contact_id, pc_qty, company_birthday, company_type, created_at) values (50, 'Realcube', 'Żórawina', 'mweippert1d@accuweather.com', '4312703554', 771, 11, 10, 37, '2019-12-24 18:46:23', 'Manufacturer', '2020-08-07 21:54:18');
insert into customer (id, company_name, headquarter_city, email, phone, employ_qty, manager_id, contact_id, pc_qty, company_birthday, company_type, created_at) values (51, 'Yodoo', 'Zagazig', 'ypiatto1e@weather.com', '5796019946', 513, 7, 87, 629, '2019-11-25 23:01:48', 'Bank', '2019-08-20 06:48:19');
insert into customer (id, company_name, headquarter_city, email, phone, employ_qty, manager_id, contact_id, pc_qty, company_birthday, company_type, created_at) values (52, 'Oyoyo', 'Châtellerault', 'vdaguanno1f@google.ru', '1652556485', 905, 20, 178, 956, '2020-04-23 07:12:56', 'FMCG', '2019-08-10 18:27:54');
insert into customer (id, company_name, headquarter_city, email, phone, employ_qty, manager_id, contact_id, pc_qty, company_birthday, company_type, created_at) values (53, 'Meedoo', 'Solna', 'sgionettitti1g@soup.io', '5318077093', 667, 9, 21, 153, '2020-07-25 19:07:22', 'Distribution', '2019-10-03 16:51:50');
insert into customer (id, company_name, headquarter_city, email, phone, employ_qty, manager_id, contact_id, pc_qty, company_birthday, company_type, created_at) values (54, 'Devbug', 'Firavitoba', 'hpittendreigh1h@mlb.com', '1797742880', 873, 15, 162, 354, '2020-07-26 20:51:46', 'Energy supply', '2019-08-12 11:34:33');
insert into customer (id, company_name, headquarter_city, email, phone, employ_qty, manager_id, contact_id, pc_qty, company_birthday, company_type, created_at) values (55, 'Ntag', 'Kaem', 'clangstaff1i@google.ca', '6124625062', 92, 6, 4, 315, '2020-10-17 00:53:01', 'IT', '2019-09-30 18:57:41');
insert into customer (id, company_name, headquarter_city, email, phone, employ_qty, manager_id, contact_id, pc_qty, company_birthday, company_type, created_at) values (56, 'Wikido', 'Taposan', 'acrowley1j@baidu.com', '1589401521', 930, 16, 191, 694, '2019-12-18 23:12:04', 'Energy supply', '2019-08-03 04:13:02');
insert into customer (id, company_name, headquarter_city, email, phone, employ_qty, manager_id, contact_id, pc_qty, company_birthday, company_type, created_at) values (57, 'Quamba', 'Glencoe', 'dprati1k@chicagotribune.com', '9113902239', 817, 4, 179, 764, '2019-11-22 03:31:30', 'FMCG', '2019-09-01 03:35:20');
insert into customer (id, company_name, headquarter_city, email, phone, employ_qty, manager_id, contact_id, pc_qty, company_birthday, company_type, created_at) values (58, 'Camimbo', 'Gegernoong', 'jkeyte1l@foxnews.com', '2893243898', 27, 3, 139, 332, '2020-04-29 09:37:59', 'Bank', '2020-10-09 05:55:28');
insert into customer (id, company_name, headquarter_city, email, phone, employ_qty, manager_id, contact_id, pc_qty, company_birthday, company_type, created_at) values (59, 'Skajo', 'Belgorod', 'hslate1m@themeforest.net', '5818606924', 971, 7, 162, 270, '2019-12-16 08:22:56', 'FMCG', '2020-08-04 05:23:56');
insert into customer (id, company_name, headquarter_city, email, phone, employ_qty, manager_id, contact_id, pc_qty, company_birthday, company_type, created_at) values (60, 'Kwimbee', 'Amsterdam Westpoort', 'blapadula1n@amazon.com', '6037440290', 343, 18, 26, 430, '2020-03-25 01:28:58', 'Services', '2020-08-05 04:27:33');
insert into customer (id, company_name, headquarter_city, email, phone, employ_qty, manager_id, contact_id, pc_qty, company_birthday, company_type, created_at) values (61, 'Fliptune', 'Anniston', 'lgoldsbury1o@nih.gov', '2564813109', 783, 16, 90, 656, '2020-06-29 02:59:29', 'Distribution', '2019-01-18 08:32:58');
insert into customer (id, company_name, headquarter_city, email, phone, employ_qty, manager_id, contact_id, pc_qty, company_birthday, company_type, created_at) values (62, 'Pixonyx', 'Abang', 'ieschalette1p@go.com', '7362738930', 252, 16, 117, 298, '2020-01-22 08:38:52', 'FMCG', '2020-03-06 06:53:10');
insert into customer (id, company_name, headquarter_city, email, phone, employ_qty, manager_id, contact_id, pc_qty, company_birthday, company_type, created_at) values (63, 'Jabberbean', 'Elena', 'ffranzelini1q@ihg.com', '9472574317', 745, 1, 89, 588, '2020-08-03 16:22:05', 'FMCG', '2019-10-31 05:42:23');
insert into customer (id, company_name, headquarter_city, email, phone, employ_qty, manager_id, contact_id, pc_qty, company_birthday, company_type, created_at) values (64, 'Edgeify', 'Cần Giờ', 'loliddy1r@tripod.com', '5254440396', 469, 12, 124, 300, '2019-11-16 10:57:52', 'Manufacturer', '2020-06-03 05:13:32');
insert into customer (id, company_name, headquarter_city, email, phone, employ_qty, manager_id, contact_id, pc_qty, company_birthday, company_type, created_at) values (65, 'Twitternation', 'Akademicheskoe', 'ademcik1s@jiathis.com', '3097293605', 531, 3, 50, 402, '2020-08-30 01:28:25', 'Distribution', '2019-03-25 21:26:59');
insert into customer (id, company_name, headquarter_city, email, phone, employ_qty, manager_id, contact_id, pc_qty, company_birthday, company_type, created_at) values (66, 'DabZ', 'Huanshan', 'agounet1t@blogger.com', '2809465681', 503, 12, 61, 680, '2020-10-06 08:38:27', 'FMCG', '2019-07-08 10:32:30');
insert into customer (id, company_name, headquarter_city, email, phone, employ_qty, manager_id, contact_id, pc_qty, company_birthday, company_type, created_at) values (67, 'Quinu', 'Aleg', 'apetegrew1u@ed.gov', '5316558834', 900, 11, 53, 740, '2020-09-06 00:03:40', 'Services', '2019-06-27 12:13:15');
insert into customer (id, company_name, headquarter_city, email, phone, employ_qty, manager_id, contact_id, pc_qty, company_birthday, company_type, created_at) values (68, 'Twinder', 'Jianqiao', 'rgeake1v@livejournal.com', '3877253933', 319, 17, 182, 270, '2019-12-24 12:12:19', 'Distribution', '2020-08-07 13:01:22');
insert into customer (id, company_name, headquarter_city, email, phone, employ_qty, manager_id, contact_id, pc_qty, company_birthday, company_type, created_at) values (69, 'Zava', 'Madrid', 'cbendon1w@ca.gov', '1165530086', 71, 4, 71, 26, '2020-05-29 12:43:23', 'Distribution', '2019-10-19 10:10:11');
insert into customer (id, company_name, headquarter_city, email, phone, employ_qty, manager_id, contact_id, pc_qty, company_birthday, company_type, created_at) values (70, 'Flashpoint', 'Baghlān', 'kfiggess1x@artisteer.com', '2795380885', 765, 14, 186, 357, '2020-10-07 02:10:17', 'Energy supply', '2020-09-06 19:37:39');
insert into customer (id, company_name, headquarter_city, email, phone, employ_qty, manager_id, contact_id, pc_qty, company_birthday, company_type, created_at) values (71, 'Digitube', 'Boneng', 'cschrieves1y@washington.edu', '2809891763', 288, 17, 103, 360, '2020-05-20 18:25:01', 'FMCG', '2019-07-22 08:57:12');
insert into customer (id, company_name, headquarter_city, email, phone, employ_qty, manager_id, contact_id, pc_qty, company_birthday, company_type, created_at) values (72, 'Kanoodle', 'San Francisco', 'sbloxham1z@bravesites.com', '1919375236', 405, 6, 7, 566, '2020-02-11 20:02:07', 'IT', '2019-06-06 17:39:22');
insert into customer (id, company_name, headquarter_city, email, phone, employ_qty, manager_id, contact_id, pc_qty, company_birthday, company_type, created_at) values (73, 'Skyba', 'Tengrela', 'nwoodard20@pagesperso-orange.fr', '8034294877', 792, 14, 182, 359, '2020-01-10 12:41:09', 'Manufacturer', '2020-05-22 17:30:29');
insert into customer (id, company_name, headquarter_city, email, phone, employ_qty, manager_id, contact_id, pc_qty, company_birthday, company_type, created_at) values (74, 'Flipstorm', 'Aleysk', 'ooroan21@webmd.com', '4958948068', 41, 12, 183, 115, '2020-02-22 12:07:30', 'FMCG', '2019-10-19 06:23:52');
insert into customer (id, company_name, headquarter_city, email, phone, employ_qty, manager_id, contact_id, pc_qty, company_birthday, company_type, created_at) values (75, 'Latz', 'Thanatpin', 'nadamkiewicz22@yahoo.com', '2067303511', 303, 7, 13, 773, '2020-04-30 22:07:31', 'Distribution', '2020-04-17 01:41:49');
insert into customer (id, company_name, headquarter_city, email, phone, employ_qty, manager_id, contact_id, pc_qty, company_birthday, company_type, created_at) values (76, 'Skiba', 'Chenghe', 'edanzig23@furl.net', '5607172918', 292, 6, 138, 664, '2020-01-15 19:03:10', 'Manufacturer', '2020-08-19 18:54:20');
insert into customer (id, company_name, headquarter_city, email, phone, employ_qty, manager_id, contact_id, pc_qty, company_birthday, company_type, created_at) values (77, 'Tagopia', 'Zbytków', 'bbransby24@sitemeter.com', '4766122542', 262, 20, 67, 561, '2020-04-26 22:35:45', 'Manufacturer', '2019-02-07 10:13:27');
insert into customer (id, company_name, headquarter_city, email, phone, employ_qty, manager_id, contact_id, pc_qty, company_birthday, company_type, created_at) values (78, 'Jaxnation', 'Tatuí', 'gkop25@tiny.cc', '6275493583', 335, 2, 80, 441, '2020-04-10 13:27:05', 'Manufacturer', '2019-09-19 04:34:53');
insert into customer (id, company_name, headquarter_city, email, phone, employ_qty, manager_id, contact_id, pc_qty, company_birthday, company_type, created_at) values (79, 'JumpXS', 'Yaogou', 'dzylbermann26@wired.com', '5746730989', 777, 13, 119, 367, '2020-02-08 16:36:39', 'IT', '2019-02-16 17:05:17');
insert into customer (id, company_name, headquarter_city, email, phone, employ_qty, manager_id, contact_id, pc_qty, company_birthday, company_type, created_at) values (80, 'Avaveo', 'Sihe', 'fantunez27@who.int', '1581703672', 225, 13, 132, 362, '2020-03-11 07:21:29', 'Energy supply', '2019-10-08 19:20:14');
insert into customer (id, company_name, headquarter_city, email, phone, employ_qty, manager_id, contact_id, pc_qty, company_birthday, company_type, created_at) values (81, 'Aibox', 'Marka', 'kassad28@unblog.fr', '5959181575', 850, 8, 51, 882, '2020-09-14 06:52:47', 'Bank', '2019-05-05 17:35:25');
insert into customer (id, company_name, headquarter_city, email, phone, employ_qty, manager_id, contact_id, pc_qty, company_birthday, company_type, created_at) values (82, 'Realcube', 'Kanália', 'ispore29@prnewswire.com', '7844485258', 775, 5, 100, 723, '2020-07-25 01:16:38', 'Services', '2020-03-25 05:54:45');
insert into customer (id, company_name, headquarter_city, email, phone, employ_qty, manager_id, contact_id, pc_qty, company_birthday, company_type, created_at) values (83, 'Flipstorm', 'Mafra', 'ibudgen2a@toplist.cz', '9282285547', 49, 19, 58, 328, '2019-11-21 14:04:50', 'Distribution', '2019-05-14 10:12:46');
insert into customer (id, company_name, headquarter_city, email, phone, employ_qty, manager_id, contact_id, pc_qty, company_birthday, company_type, created_at) values (84, 'Oyoloo', 'Wakayama-shi', 'dvautrey2b@dion.ne.jp', '8856572989', 298, 7, 142, 531, '2020-04-22 19:46:38', 'Distribution', '2020-09-18 16:41:44');
insert into customer (id, company_name, headquarter_city, email, phone, employ_qty, manager_id, contact_id, pc_qty, company_birthday, company_type, created_at) values (85, 'Skippad', 'Błędów', 'rguye2c@xing.com', '9963366840', 707, 6, 106, 197, '2020-08-23 07:14:36', 'Bank', '2020-08-03 14:58:42');
insert into customer (id, company_name, headquarter_city, email, phone, employ_qty, manager_id, contact_id, pc_qty, company_birthday, company_type, created_at) values (86, 'Wordtune', 'Zarechnyy', 'erayner2d@admin.ch', '1104340580', 510, 17, 130, 275, '2020-08-19 05:49:17', 'Distribution', '2018-12-07 12:10:56');
insert into customer (id, company_name, headquarter_city, email, phone, employ_qty, manager_id, contact_id, pc_qty, company_birthday, company_type, created_at) values (87, 'Roodel', 'Dar Chabanne', 'pchapier2e@umich.edu', '5868774590', 869, 3, 91, 100, '2020-01-21 17:14:44', 'Services', '2020-07-05 03:15:16');
insert into customer (id, company_name, headquarter_city, email, phone, employ_qty, manager_id, contact_id, pc_qty, company_birthday, company_type, created_at) values (88, 'Centidel', 'Jajar', 'gmurton2f@icio.us', '2388687991', 724, 16, 69, 73, '2020-08-18 01:31:33', 'Manufacturer', '2020-02-19 19:59:47');
insert into customer (id, company_name, headquarter_city, email, phone, employ_qty, manager_id, contact_id, pc_qty, company_birthday, company_type, created_at) values (89, 'Dabfeed', 'España', 'linnocent2g@ebay.com', '6065737626', 810, 14, 178, 604, '2020-08-28 18:53:07', 'Bank', '2020-08-24 19:08:57');
insert into customer (id, company_name, headquarter_city, email, phone, employ_qty, manager_id, contact_id, pc_qty, company_birthday, company_type, created_at) values (90, 'Ooba', 'Sonina', 'aerskine2h@studiopress.com', '5605203731', 692, 15, 132, 849, '2020-02-06 22:59:18', 'Manufacturer', '2020-04-09 06:14:04');
insert into customer (id, company_name, headquarter_city, email, phone, employ_qty, manager_id, contact_id, pc_qty, company_birthday, company_type, created_at) values (91, 'Buzzster', 'Jindu', 'cainscough2i@guardian.co.uk', '1511304846', 379, 15, 26, 176, '2019-10-29 12:13:26', 'Services', '2019-06-03 01:47:55');
insert into customer (id, company_name, headquarter_city, email, phone, employ_qty, manager_id, contact_id, pc_qty, company_birthday, company_type, created_at) values (92, 'Mynte', 'Edsbyn', 'acarrivick2j@oakley.com', '4962036758', 785, 4, 29, 902, '2020-10-17 20:21:52', 'FMCG', '2019-01-26 05:46:41');
insert into customer (id, company_name, headquarter_city, email, phone, employ_qty, manager_id, contact_id, pc_qty, company_birthday, company_type, created_at) values (93, 'Demimbu', 'Washington', 'athaw2k@cmu.edu', '2026887171', 959, 17, 197, 285, '2019-11-17 16:34:08', 'Energy supply', '2019-07-14 05:47:14');
insert into customer (id, company_name, headquarter_city, email, phone, employ_qty, manager_id, contact_id, pc_qty, company_birthday, company_type, created_at) values (94, 'Yodel', 'Porirua', 'lmatyukon2l@reverbnation.com', '8136838279', 532, 17, 96, 456, '2020-08-01 10:22:37', 'Energy supply', '2019-04-08 04:06:34');
insert into customer (id, company_name, headquarter_city, email, phone, employ_qty, manager_id, contact_id, pc_qty, company_birthday, company_type, created_at) values (95, 'Youspan', 'Metapán', 'grudsdell2m@slashdot.org', '5915151961', 715, 13, 169, 110, '2020-07-04 23:40:26', 'Distribution', '2019-05-26 21:29:49');
insert into customer (id, company_name, headquarter_city, email, phone, employ_qty, manager_id, contact_id, pc_qty, company_birthday, company_type, created_at) values (96, 'Mydo', 'Lisewo', 'wtole2n@cornell.edu', '2716140953', 156, 18, 105, 16, '2020-01-31 00:46:47', 'Services', '2020-10-19 05:52:07');
insert into customer (id, company_name, headquarter_city, email, phone, employ_qty, manager_id, contact_id, pc_qty, company_birthday, company_type, created_at) values (97, 'Latz', 'Stari Kuty', 'spaviour2o@walmart.com', '9306511147', 385, 3, 96, 463, '2020-10-10 06:16:41', 'FMCG', '2020-09-07 11:28:47');
insert into customer (id, company_name, headquarter_city, email, phone, employ_qty, manager_id, contact_id, pc_qty, company_birthday, company_type, created_at) values (98, 'Photobug', 'Grenoble', 'buttley2p@sourceforge.net', '5526092854', 522, 12, 47, 730, '2020-07-16 05:58:41', 'Energy supply', '2020-05-25 11:08:52');
insert into customer (id, company_name, headquarter_city, email, phone, employ_qty, manager_id, contact_id, pc_qty, company_birthday, company_type, created_at) values (99, 'Pixope', 'Shahbā', 'orook2q@jiathis.com', '6933801910', 326, 11, 30, 958, '2020-09-19 09:28:22', 'Manufacturer', '2018-11-30 03:13:07');
insert into customer (id, company_name, headquarter_city, email, phone, employ_qty, manager_id, contact_id, pc_qty, company_birthday, company_type, created_at) values (100, 'Devshare', 'Poxi', 'pdegregoli2r@furl.net', '4896685939', 208, 15, 180, 666, '2020-10-14 23:31:19', 'Distribution', '2019-01-15 21:54:02');
insert into customer (id, company_name, headquarter_city, email, phone, employ_qty, manager_id, contact_id, pc_qty, company_birthday, company_type, created_at) values (101, 'Skalith', 'Fengyang Fuchengzhen', 'ibloomfield2s@google.com.au', '5461196114', 454, 19, 71, 505, '2020-02-16 15:08:10', 'FMCG', '2019-04-30 21:01:07');
insert into customer (id, company_name, headquarter_city, email, phone, employ_qty, manager_id, contact_id, pc_qty, company_birthday, company_type, created_at) values (102, 'Skilith', 'Ourentã', 'dwyld2t@shutterfly.com', '3356196516', 991, 4, 178, 232, '2020-03-26 07:46:17', 'Services', '2020-05-23 00:24:18');
insert into customer (id, company_name, headquarter_city, email, phone, employ_qty, manager_id, contact_id, pc_qty, company_birthday, company_type, created_at) values (103, 'Skinder', 'Lugulu', 'rsilburn2u@hexun.com', '2943854064', 530, 10, 23, 431, '2020-03-15 08:17:58', 'Distribution', '2020-03-19 04:19:16');
insert into customer (id, company_name, headquarter_city, email, phone, employ_qty, manager_id, contact_id, pc_qty, company_birthday, company_type, created_at) values (104, 'JumpXS', 'Huazhai', 'lbillows2v@lulu.com', '5683043045', 857, 15, 38, 48, '2020-01-24 20:41:56', 'Services', '2019-09-25 22:20:46');
insert into customer (id, company_name, headquarter_city, email, phone, employ_qty, manager_id, contact_id, pc_qty, company_birthday, company_type, created_at) values (105, 'Quamba', 'Duanjia', 'cpitcock2w@intel.com', '6617735464', 708, 13, 121, 525, '2020-08-09 09:40:03', 'Services', '2020-09-04 12:45:53');
insert into customer (id, company_name, headquarter_city, email, phone, employ_qty, manager_id, contact_id, pc_qty, company_birthday, company_type, created_at) values (106, 'Kwilith', 'Vidnoye', 'tbeldum2x@independent.co.uk', '6368952746', 939, 1, 164, 162, '2019-12-20 09:10:43', 'Distribution', '2019-05-24 17:06:06');
insert into customer (id, company_name, headquarter_city, email, phone, employ_qty, manager_id, contact_id, pc_qty, company_birthday, company_type, created_at) values (107, 'Trilith', 'Vilque Chico', 'kwoodrough2y@techcrunch.com', '1525750214', 72, 20, 20, 835, '2020-08-22 18:22:28', 'FMCG', '2018-12-23 04:16:56');
insert into customer (id, company_name, headquarter_city, email, phone, employ_qty, manager_id, contact_id, pc_qty, company_birthday, company_type, created_at) values (108, 'Dablist', 'Cikulahan', 'dgirke2z@spiegel.de', '8962050738', 127, 2, 25, 955, '2020-10-01 20:59:27', 'Distribution', '2019-05-07 17:06:26');
insert into customer (id, company_name, headquarter_city, email, phone, employ_qty, manager_id, contact_id, pc_qty, company_birthday, company_type, created_at) values (109, 'Eimbee', 'Kafr Baţnā', 'rdebrett30@cyberchimps.com', '4219411594', 167, 9, 79, 252, '2020-05-19 18:27:16', 'FMCG', '2020-01-15 22:04:11');
insert into customer (id, company_name, headquarter_city, email, phone, employ_qty, manager_id, contact_id, pc_qty, company_birthday, company_type, created_at) values (110, 'Oyoyo', 'Cilolongokan', 'ggorries31@163.com', '9197948185', 506, 4, 189, 998, '2020-02-15 21:44:18', 'IT', '2019-09-23 05:51:22');
insert into customer (id, company_name, headquarter_city, email, phone, employ_qty, manager_id, contact_id, pc_qty, company_birthday, company_type, created_at) values (111, 'Talane', 'Longquan', 'zcunnah32@deliciousdays.com', '5515845491', 975, 19, 175, 817, '2020-06-09 00:05:12', 'Distribution', '2019-05-23 09:02:48');
insert into customer (id, company_name, headquarter_city, email, phone, employ_qty, manager_id, contact_id, pc_qty, company_birthday, company_type, created_at) values (112, 'Aimbo', 'Gualeguay', 'bferries33@bandcamp.com', '9624845845', 561, 7, 45, 217, '2020-03-25 16:30:22', 'Manufacturer', '2020-06-02 20:01:03');
insert into customer (id, company_name, headquarter_city, email, phone, employ_qty, manager_id, contact_id, pc_qty, company_birthday, company_type, created_at) values (113, 'Eamia', 'Wentai', 'rphizakarley34@cnn.com', '6409833762', 381, 4, 83, 959, '2020-02-20 07:44:03', 'Manufacturer', '2020-07-30 03:06:18');
insert into customer (id, company_name, headquarter_city, email, phone, employ_qty, manager_id, contact_id, pc_qty, company_birthday, company_type, created_at) values (114, 'Kamba', 'Gabi', 'djenicek35@macromedia.com', '8931579052', 2, 2, 186, 373, '2020-09-24 04:59:14', 'IT', '2019-11-02 05:59:52');
insert into customer (id, company_name, headquarter_city, email, phone, employ_qty, manager_id, contact_id, pc_qty, company_birthday, company_type, created_at) values (115, 'Topiclounge', 'Trai Ngau', 'ffloch36@goo.ne.jp', '3798758087', 180, 4, 140, 798, '2020-06-08 04:03:20', 'Distribution', '2020-09-09 10:15:09');
insert into customer (id, company_name, headquarter_city, email, phone, employ_qty, manager_id, contact_id, pc_qty, company_birthday, company_type, created_at) values (116, 'Meemm', 'Goléré', 'cbielby37@1und1.de', '8694634199', 10, 3, 172, 638, '2019-11-14 14:19:56', 'Energy supply', '2019-11-04 04:58:43');
insert into customer (id, company_name, headquarter_city, email, phone, employ_qty, manager_id, contact_id, pc_qty, company_birthday, company_type, created_at) values (117, 'Lajo', 'Nagasaki-shi', 'aalthrope38@google.fr', '8804221707', 718, 20, 191, 740, '2019-10-25 15:59:20', 'Bank', '2019-08-08 03:34:13');
insert into customer (id, company_name, headquarter_city, email, phone, employ_qty, manager_id, contact_id, pc_qty, company_birthday, company_type, created_at) values (118, 'Skyba', 'Borbon', 'tcrumbleholme39@liveinternet.ru', '5131222545', 655, 3, 80, 715, '2019-11-30 19:19:48', 'Energy supply', '2019-03-08 13:43:23');
insert into customer (id, company_name, headquarter_city, email, phone, employ_qty, manager_id, contact_id, pc_qty, company_birthday, company_type, created_at) values (119, 'Kimia', 'Silikatnyy', 'amapowder3a@photobucket.com', '7461068463', 899, 17, 32, 556, '2019-11-13 15:56:29', 'Manufacturer', '2019-09-22 20:25:45');
insert into customer (id, company_name, headquarter_city, email, phone, employ_qty, manager_id, contact_id, pc_qty, company_birthday, company_type, created_at) values (120, 'Brightbean', 'Huangtang', 'jellit3b@icq.com', '2074168433', 704, 3, 192, 926, '2019-10-26 20:27:55', 'Bank', '2020-01-31 12:27:51');
insert into customer (id, company_name, headquarter_city, email, phone, employ_qty, manager_id, contact_id, pc_qty, company_birthday, company_type, created_at) values (121, 'Eazzy', 'Lemende', 'vslimmon3c@mapy.cz', '5862071305', 933, 13, 186, 58, '2020-09-02 19:36:36', 'Bank', '2020-10-02 01:35:13');
insert into customer (id, company_name, headquarter_city, email, phone, employ_qty, manager_id, contact_id, pc_qty, company_birthday, company_type, created_at) values (122, 'Quatz', 'Liperi', 'tlope3d@printfriendly.com', '5662883491', 213, 12, 92, 723, '2020-06-02 04:36:20', 'Distribution', '2020-09-17 19:19:40');
insert into customer (id, company_name, headquarter_city, email, phone, employ_qty, manager_id, contact_id, pc_qty, company_birthday, company_type, created_at) values (123, 'Wikizz', 'Liangkou', 'sandreia3e@redcross.org', '5641830009', 582, 1, 184, 286, '2020-07-10 04:24:44', 'FMCG', '2020-04-25 01:21:33');
insert into customer (id, company_name, headquarter_city, email, phone, employ_qty, manager_id, contact_id, pc_qty, company_birthday, company_type, created_at) values (124, 'Innotype', 'Isdalstø', 'asleightholme3f@phoca.cz', '9962315189', 560, 10, 6, 734, '2020-10-15 12:50:37', 'FMCG', '2019-08-21 18:33:15');
insert into customer (id, company_name, headquarter_city, email, phone, employ_qty, manager_id, contact_id, pc_qty, company_birthday, company_type, created_at) values (125, 'Dabfeed', 'Bromma', 'wjuschka3g@miibeian.gov.cn', '7919840701', 743, 7, 199, 149, '2020-04-01 15:09:12', 'Services', '2019-01-10 21:02:51');
insert into customer (id, company_name, headquarter_city, email, phone, employ_qty, manager_id, contact_id, pc_qty, company_birthday, company_type, created_at) values (126, 'JumpXS', 'Tuquan', 'ndaniellot3h@ask.com', '2625279409', 832, 11, 19, 361, '2020-05-21 09:52:38', 'Services', '2019-07-07 12:47:13');
insert into customer (id, company_name, headquarter_city, email, phone, employ_qty, manager_id, contact_id, pc_qty, company_birthday, company_type, created_at) values (127, 'Trilia', 'Al Miqdādīyah', 'dbleier3i@nps.gov', '5848070350', 356, 9, 164, 554, '2020-05-08 15:11:46', 'FMCG', '2020-09-16 01:03:43');
insert into customer (id, company_name, headquarter_city, email, phone, employ_qty, manager_id, contact_id, pc_qty, company_birthday, company_type, created_at) values (128, 'Linkbuzz', 'Meliau', 'mparslow3j@google.com.hk', '6094500831', 333, 14, 137, 969, '2019-12-20 15:22:40', 'Manufacturer', '2019-04-12 04:21:54');
insert into customer (id, company_name, headquarter_city, email, phone, employ_qty, manager_id, contact_id, pc_qty, company_birthday, company_type, created_at) values (129, 'Skipstorm', 'Puerto Morazán', 'aloakes3k@state.gov', '7139522000', 140, 20, 166, 733, '2020-02-10 09:33:00', 'Energy supply', '2019-10-22 03:07:35');
insert into customer (id, company_name, headquarter_city, email, phone, employ_qty, manager_id, contact_id, pc_qty, company_birthday, company_type, created_at) values (130, 'Oyope', 'Bunawan', 'mnial3l@google.com.hk', '4829217161', 24, 7, 53, 920, '2020-10-12 06:06:05', 'IT', '2019-01-06 08:23:48');
insert into customer (id, company_name, headquarter_city, email, phone, employ_qty, manager_id, contact_id, pc_qty, company_birthday, company_type, created_at) values (131, 'Tekfly', 'Cikadu', 'psutcliffe3m@unblog.fr', '7655019837', 800, 17, 78, 181, '2020-10-02 13:49:55', 'Manufacturer', '2020-01-23 23:00:54');
insert into customer (id, company_name, headquarter_city, email, phone, employ_qty, manager_id, contact_id, pc_qty, company_birthday, company_type, created_at) values (132, 'Thoughtmix', 'Plan de Ayala', 'dpithcock3n@eepurl.com', '7235208777', 166, 8, 101, 467, '2020-01-30 08:22:03', 'Services', '2019-07-16 17:39:51');
insert into customer (id, company_name, headquarter_city, email, phone, employ_qty, manager_id, contact_id, pc_qty, company_birthday, company_type, created_at) values (133, 'Aivee', 'Psary', 'rmctaggart3o@phoca.cz', '1939430159', 367, 5, 84, 464, '2020-10-11 13:23:04', 'Bank', '2020-03-10 01:35:21');
insert into customer (id, company_name, headquarter_city, email, phone, employ_qty, manager_id, contact_id, pc_qty, company_birthday, company_type, created_at) values (134, 'Browsedrive', 'Vishnyeva', 'wflement3p@pbs.org', '1862836007', 340, 20, 25, 36, '2019-10-28 22:45:50', 'IT', '2018-12-16 20:17:03');
insert into customer (id, company_name, headquarter_city, email, phone, employ_qty, manager_id, contact_id, pc_qty, company_birthday, company_type, created_at) values (135, 'Skimia', 'Bantul', 'rtremmil3q@independent.co.uk', '1071254200', 983, 7, 116, 404, '2020-03-06 23:09:40', 'FMCG', '2019-07-12 12:54:59');
insert into customer (id, company_name, headquarter_city, email, phone, employ_qty, manager_id, contact_id, pc_qty, company_birthday, company_type, created_at) values (136, 'Centidel', 'Rafaḩ', 'pborsi3r@addtoany.com', '5448992831', 965, 3, 60, 256, '2020-01-13 00:59:23', 'Bank', '2019-09-12 14:06:29');
insert into customer (id, company_name, headquarter_city, email, phone, employ_qty, manager_id, contact_id, pc_qty, company_birthday, company_type, created_at) values (137, 'Twinte', 'Bokkos', 'ogallally3s@sourceforge.net', '3674736876', 725, 19, 147, 628, '2019-11-15 11:49:07', 'Energy supply', '2020-05-30 17:52:23');
insert into customer (id, company_name, headquarter_city, email, phone, employ_qty, manager_id, contact_id, pc_qty, company_birthday, company_type, created_at) values (138, 'Voomm', 'Ngenden', 'hcay3t@acquirethisname.com', '3152032263', 304, 10, 15, 646, '2020-07-17 18:02:16', 'Services', '2020-03-02 17:28:59');
insert into customer (id, company_name, headquarter_city, email, phone, employ_qty, manager_id, contact_id, pc_qty, company_birthday, company_type, created_at) values (139, 'Photolist', 'Houba', 'kpavett3u@fastcompany.com', '1286230790', 310, 15, 117, 632, '2020-06-29 07:57:38', 'Bank', '2019-10-04 07:33:58');
insert into customer (id, company_name, headquarter_city, email, phone, employ_qty, manager_id, contact_id, pc_qty, company_birthday, company_type, created_at) values (140, 'Jaxspan', '‘Ibrī', 'kmellonby3v@google.com.hk', '4657702757', 524, 20, 56, 118, '2019-12-22 10:56:57', 'Manufacturer', '2019-03-02 09:18:47');
insert into customer (id, company_name, headquarter_city, email, phone, employ_qty, manager_id, contact_id, pc_qty, company_birthday, company_type, created_at) values (141, 'Einti', 'Al Muharraq', 'thanvey3w@epa.gov', '3131001847', 598, 5, 8, 713, '2020-02-19 10:14:39', 'Services', '2020-04-08 17:00:20');
insert into customer (id, company_name, headquarter_city, email, phone, employ_qty, manager_id, contact_id, pc_qty, company_birthday, company_type, created_at) values (142, 'Photospace', 'Guantun', 'ckemmish3x@meetup.com', '6971848690', 124, 6, 147, 834, '2020-02-16 17:47:43', 'IT', '2019-12-01 23:41:51');
insert into customer (id, company_name, headquarter_city, email, phone, employ_qty, manager_id, contact_id, pc_qty, company_birthday, company_type, created_at) values (143, 'Plambee', 'Garibaldi', 'tguion3y@ca.gov', '9501918238', 59, 3, 113, 705, '2019-10-29 15:38:42', 'Distribution', '2019-07-09 13:31:50');
insert into customer (id, company_name, headquarter_city, email, phone, employ_qty, manager_id, contact_id, pc_qty, company_birthday, company_type, created_at) values (144, 'Zava', 'Tahilt', 'mredferne3z@ox.ac.uk', '4291600068', 262, 17, 139, 418, '2019-11-21 05:14:05', 'Energy supply', '2020-03-05 21:22:13');
insert into customer (id, company_name, headquarter_city, email, phone, employ_qty, manager_id, contact_id, pc_qty, company_birthday, company_type, created_at) values (145, 'Browseblab', 'Yao’an', 'acannan40@slate.com', '8608313839', 11, 11, 180, 774, '2020-05-02 23:19:22', 'Manufacturer', '2020-04-08 07:31:06');
insert into customer (id, company_name, headquarter_city, email, phone, employ_qty, manager_id, contact_id, pc_qty, company_birthday, company_type, created_at) values (146, 'Yodel', 'Thị Trấn Hát Lót', 'vlangton41@yellowpages.com', '7803296162', 868, 3, 14, 222, '2020-06-14 19:54:16', 'Services', '2019-04-14 13:45:16');
insert into customer (id, company_name, headquarter_city, email, phone, employ_qty, manager_id, contact_id, pc_qty, company_birthday, company_type, created_at) values (147, 'Nlounge', 'Shunde', 'jgetsham42@blog.com', '1198395987', 261, 5, 86, 814, '2020-01-07 22:55:59', 'Services', '2020-10-06 23:44:45');
insert into customer (id, company_name, headquarter_city, email, phone, employ_qty, manager_id, contact_id, pc_qty, company_birthday, company_type, created_at) values (148, 'Reallinks', 'Nova Viçosa', 'lblue43@behance.net', '3175060448', 802, 8, 126, 360, '2020-07-01 18:37:21', 'Energy supply', '2020-02-15 01:32:31');
insert into customer (id, company_name, headquarter_city, email, phone, employ_qty, manager_id, contact_id, pc_qty, company_birthday, company_type, created_at) values (149, 'Gigashots', 'Kanugrahan', 'gtysack44@mapquest.com', '5733940127', 822, 9, 147, 279, '2019-12-10 12:15:01', 'IT', '2018-12-22 16:07:54');
insert into customer (id, company_name, headquarter_city, email, phone, employ_qty, manager_id, contact_id, pc_qty, company_birthday, company_type, created_at) values (150, 'Centimia', 'Hake', 'ldietmar45@cisco.com', '9876870160', 536, 19, 162, 303, '2020-09-29 21:33:53', 'IT', '2018-11-28 02:57:18');

-- данные для contacts
insert into contacts (id, name, surname, email, phone, birthday, company_id, manager_id, contact_role, created_at) values (1, 'Lesly', 'Lomis', 'llomis0@surveymonkey.com', '1241908172', '1981-11-01 13:05:15', 133, 1, 'CFO', '2020-03-14 23:01:13');
insert into contacts (id, name, surname, email, phone, birthday, company_id, manager_id, contact_role, created_at) values (2, 'Garwin', 'Flecknell', 'gflecknell1@independent.co.uk', '8738020665', '1991-02-08 21:54:54', 2, 13, 'Sales', '2019-11-08 01:32:57');
insert into contacts (id, name, surname, email, phone, birthday, company_id, manager_id, contact_role, created_at) values (3, 'Allister', 'Grolle', 'agrolle2@elpais.com', '6612315403', '1991-04-29 10:02:00', 113, 20, 'Buyers', '2020-10-05 19:56:46');
insert into contacts (id, name, surname, email, phone, birthday, company_id, manager_id, contact_role, created_at) values (4, 'Bary', 'Agronski', 'bagronski3@technorati.com', '1745048625', '1987-10-24 00:04:46', 9, 8, 'CIO', '2020-01-30 16:55:31');
insert into contacts (id, name, surname, email, phone, birthday, company_id, manager_id, contact_role, created_at) values (5, 'Verla', 'Freckelton', 'vfreckelton4@google.com', '1934162682', '1991-08-14 09:02:55', 29, 20, 'Engineer', '2020-02-02 05:22:47');
insert into contacts (id, name, surname, email, phone, birthday, company_id, manager_id, contact_role, created_at) values (6, 'Derby', 'Mee', 'dmee5@economist.com', '3734680492', '1976-03-12 07:15:19', 38, 19, 'CIO', '2020-09-28 17:22:34');
insert into contacts (id, name, surname, email, phone, birthday, company_id, manager_id, contact_role, created_at) values (7, 'Amerigo', 'Ratnage', 'aratnage6@ftc.gov', '8512373308', '1972-05-11 17:38:30', 138, 9, 'Buyers', '2019-11-28 23:41:42');
insert into contacts (id, name, surname, email, phone, birthday, company_id, manager_id, contact_role, created_at) values (8, 'Kittie', 'Callan', 'kcallan7@nbcnews.com', '7823740739', '1981-08-17 08:50:58', 50, 5, 'Buyers', '2019-10-26 04:20:22');
insert into contacts (id, name, surname, email, phone, birthday, company_id, manager_id, contact_role, created_at) values (9, 'Portia', 'Cauldwell', 'pcauldwell8@amazon.co.uk', '5733143159', '1983-12-31 19:19:47', 95, 5, 'Sales', '2020-04-29 22:12:17');
insert into contacts (id, name, surname, email, phone, birthday, company_id, manager_id, contact_role, created_at) values (10, 'Merilee', 'Briston', 'mbriston9@cornell.edu', '6281084531', '1989-11-01 04:17:22', 98, 13, 'Engineer', '2020-06-30 01:38:02');
insert into contacts (id, name, surname, email, phone, birthday, company_id, manager_id, contact_role, created_at) values (11, 'Adela', 'Parkyns', 'aparkynsa@java.com', '6265863843', '1983-12-25 10:26:32', 130, 1, 'Engineer', '2020-03-27 01:01:29');
insert into contacts (id, name, surname, email, phone, birthday, company_id, manager_id, contact_role, created_at) values (12, 'Griffy', 'Monnelly', 'gmonnellyb@opera.com', '7813494392', '1985-11-13 04:06:02', 52, 16, 'CEO', '2020-02-12 07:47:04');
insert into contacts (id, name, surname, email, phone, birthday, company_id, manager_id, contact_role, created_at) values (13, 'Northrup', 'Oliffe', 'noliffec@redcross.org', '9896076710', '2002-01-05 11:15:19', 7, 19, 'CIO', '2020-01-30 16:31:23');
insert into contacts (id, name, surname, email, phone, birthday, company_id, manager_id, contact_role, created_at) values (14, 'Greggory', 'Manchett', 'gmanchettd@bravesites.com', '9647494996', '1989-09-24 16:12:59', 100, 9, 'CIO', '2019-12-14 18:27:56');
insert into contacts (id, name, surname, email, phone, birthday, company_id, manager_id, contact_role, created_at) values (15, 'Drucy', 'Evitt', 'devitte@tinypic.com', '5444538441', '1971-08-13 00:31:03', 87, 8, 'CFO', '2020-02-06 21:22:57');
insert into contacts (id, name, surname, email, phone, birthday, company_id, manager_id, contact_role, created_at) values (16, 'Beatriz', 'Truce', 'btrucef@bing.com', '3371840700', '1974-08-31 00:42:25', 108, 16, 'CFO', '2020-04-11 03:37:50');
insert into contacts (id, name, surname, email, phone, birthday, company_id, manager_id, contact_role, created_at) values (17, 'Yovonnda', 'Manna', 'ymannag@posterous.com', '9536984640', '1989-04-26 07:53:20', 83, 13, 'CEO', '2020-05-13 12:50:07');
insert into contacts (id, name, surname, email, phone, birthday, company_id, manager_id, contact_role, created_at) values (18, 'Hailee', 'Pfeffle', 'hpfeffleh@yandex.ru', '6097526516', '1994-12-26 08:47:38', 1, 20, 'CIO', '2020-07-20 05:20:28');
insert into contacts (id, name, surname, email, phone, birthday, company_id, manager_id, contact_role, created_at) values (19, 'Robenia', 'Robjents', 'rrobjentsi@nydailynews.com', '2027519363', '1992-02-07 18:07:26', 99, 9, 'Sales', '2020-06-30 18:48:25');
insert into contacts (id, name, surname, email, phone, birthday, company_id, manager_id, contact_role, created_at) values (20, 'Karilynn', 'McGonagle', 'kmcgonaglej@dedecms.com', '5919479639', '1975-10-22 21:45:08', 138, 14, 'CFO', '2020-01-21 23:26:01');
insert into contacts (id, name, surname, email, phone, birthday, company_id, manager_id, contact_role, created_at) values (21, 'Wesley', 'Olenikov', 'wolenikovk@reuters.com', '3604392819', '1997-12-26 09:03:01', 107, 7, 'Sales', '2020-07-07 02:43:03');
insert into contacts (id, name, surname, email, phone, birthday, company_id, manager_id, contact_role, created_at) values (22, 'Mirella', 'Pankettman', 'mpankettmanl@blogtalkradio.com', '7873261508', '1998-06-27 16:02:02', 109, 1, 'Engineer', '2020-07-24 17:19:05');
insert into contacts (id, name, surname, email, phone, birthday, company_id, manager_id, contact_role, created_at) values (23, 'Micheline', 'Videler', 'mvidelerm@globo.com', '1645638070', '2000-10-29 01:32:53', 137, 16, 'CFO', '2020-10-21 07:51:01');
insert into contacts (id, name, surname, email, phone, birthday, company_id, manager_id, contact_role, created_at) values (24, 'Othilie', 'Silveston', 'osilvestonn@example.com', '9268322550', '1982-02-13 21:30:39', 66, 19, 'Engineer', '2020-04-09 00:06:03');
insert into contacts (id, name, surname, email, phone, birthday, company_id, manager_id, contact_role, created_at) values (25, 'Terrill', 'Jehaes', 'tjehaeso@drupal.org', '3703492396', '1976-10-01 12:38:53', 41, 16, 'CEO', '2020-03-13 22:39:01');
insert into contacts (id, name, surname, email, phone, birthday, company_id, manager_id, contact_role, created_at) values (26, 'Jerrine', 'Hanalan', 'jhanalanp@virginia.edu', '8705135373', '1998-06-16 13:49:57', 92, 20, 'Sales', '2020-10-18 14:39:04');
insert into contacts (id, name, surname, email, phone, birthday, company_id, manager_id, contact_role, created_at) values (27, 'Kelcey', 'Bartels', 'kbartelsq@cnn.com', '8837316396', '1976-06-25 13:54:18', 65, 8, 'CFO', '2020-05-07 00:06:29');
insert into contacts (id, name, surname, email, phone, birthday, company_id, manager_id, contact_role, created_at) values (28, 'Conrade', 'Colmer', 'ccolmerr@feedburner.com', '2125339268', '1977-11-15 17:20:39', 135, 16, 'CFO', '2020-09-22 21:21:28');
insert into contacts (id, name, surname, email, phone, birthday, company_id, manager_id, contact_role, created_at) values (29, 'Ebba', 'Trowell', 'etrowells@zimbio.com', '1234938967', '1985-02-11 19:26:39', 52, 18, 'Engineer', '2020-06-21 13:10:03');
insert into contacts (id, name, surname, email, phone, birthday, company_id, manager_id, contact_role, created_at) values (30, 'Erv', 'Hazlewood', 'ehazlewoodt@ifeng.com', '1514155185', '1983-02-28 02:54:21', 136, 18, 'CFO', '2020-07-19 11:58:15');
insert into contacts (id, name, surname, email, phone, birthday, company_id, manager_id, contact_role, created_at) values (31, 'Elisha', 'Workman', 'eworkmanu@ameblo.jp', '6502534290', '2001-07-20 13:17:42', 128, 20, 'CIO', '2019-10-27 12:51:05');
insert into contacts (id, name, surname, email, phone, birthday, company_id, manager_id, contact_role, created_at) values (32, 'Keriann', 'Petty', 'kpettyv@ucla.edu', '9088869977', '1989-06-10 23:04:54', 60, 13, 'Sales', '2020-06-22 21:36:13');
insert into contacts (id, name, surname, email, phone, birthday, company_id, manager_id, contact_role, created_at) values (33, 'Padget', 'Dillet', 'pdilletw@ifeng.com', '2431641135', '2001-12-01 04:03:32', 105, 3, 'Sales', '2020-10-18 16:52:24');
insert into contacts (id, name, surname, email, phone, birthday, company_id, manager_id, contact_role, created_at) values (34, 'Glori', 'Danielis', 'gdanielisx@nyu.edu', '9443406603', '1975-06-11 20:08:33', 67, 12, 'CEO', '2020-07-25 21:04:51');
insert into contacts (id, name, surname, email, phone, birthday, company_id, manager_id, contact_role, created_at) values (35, 'Adelheid', 'Grinyakin', 'agrinyakiny@spiegel.de', '6328294136', '1982-12-17 04:31:56', 64, 7, 'Sales', '2020-01-27 01:47:56');
insert into contacts (id, name, surname, email, phone, birthday, company_id, manager_id, contact_role, created_at) values (36, 'Tuck', 'Rosenauer', 'trosenauerz@technorati.com', '8804825220', '1993-09-21 02:35:25', 43, 5, 'Buyers', '2020-09-20 07:23:59');
insert into contacts (id, name, surname, email, phone, birthday, company_id, manager_id, contact_role, created_at) values (37, 'Patricia', 'Brownsmith', 'pbrownsmith10@skype.com', '9696389048', '1989-08-09 11:22:43', 79, 10, 'CFO', '2020-04-09 00:04:49');
insert into contacts (id, name, surname, email, phone, birthday, company_id, manager_id, contact_role, created_at) values (38, 'Alberto', 'Blaisdale', 'ablaisdale11@arstechnica.com', '5235337498', '1976-06-23 18:04:06', 130, 3, 'CFO', '2020-07-17 09:28:16');
insert into contacts (id, name, surname, email, phone, birthday, company_id, manager_id, contact_role, created_at) values (39, 'Bernie', 'Wavell', 'bwavell12@unblog.fr', '4303553146', '1981-12-03 09:05:54', 146, 1, 'Buyers', '2020-03-07 17:05:58');
insert into contacts (id, name, surname, email, phone, birthday, company_id, manager_id, contact_role, created_at) values (40, 'Gale', 'Romayne', 'gromayne13@stanford.edu', '4249596746', '2000-03-11 21:22:30', 117, 19, 'CIO', '2020-03-30 11:24:56');
insert into contacts (id, name, surname, email, phone, birthday, company_id, manager_id, contact_role, created_at) values (41, 'Cos', 'Purton', 'cpurton14@unesco.org', '5496315489', '1980-11-06 04:56:50', 22, 19, 'Engineer', '2019-11-21 12:49:33');
insert into contacts (id, name, surname, email, phone, birthday, company_id, manager_id, contact_role, created_at) values (42, 'Kerk', 'Guerrin', 'kguerrin15@statcounter.com', '6479981728', '1971-04-02 13:56:05', 62, 12, 'Engineer', '2020-04-24 07:46:31');
insert into contacts (id, name, surname, email, phone, birthday, company_id, manager_id, contact_role, created_at) values (43, 'Hardy', 'Worboy', 'hworboy16@sogou.com', '5234044179', '1997-05-08 12:43:35', 81, 3, 'Buyers', '2020-09-30 21:56:37');
insert into contacts (id, name, surname, email, phone, birthday, company_id, manager_id, contact_role, created_at) values (44, 'Victoria', 'Wallenger', 'vwallenger17@facebook.com', '3113186413', '1998-07-28 02:52:54', 83, 11, 'CFO', '2020-01-06 16:03:02');
insert into contacts (id, name, surname, email, phone, birthday, company_id, manager_id, contact_role, created_at) values (45, 'Thatcher', 'Coggon', 'tcoggon18@diigo.com', '3412861098', '1989-05-06 02:42:00', 119, 18, 'CFO', '2019-11-02 23:02:44');
insert into contacts (id, name, surname, email, phone, birthday, company_id, manager_id, contact_role, created_at) values (46, 'Beauregard', 'Provis', 'bprovis19@narod.ru', '4574981101', '1979-01-31 06:17:35', 148, 20, 'Engineer', '2019-12-19 23:42:11');
insert into contacts (id, name, surname, email, phone, birthday, company_id, manager_id, contact_role, created_at) values (47, 'Shawn', 'Branigan', 'sbranigan1a@creativecommons.org', '8371306678', '1983-02-25 03:59:06', 12, 4, 'CIO', '2020-02-03 08:21:48');
insert into contacts (id, name, surname, email, phone, birthday, company_id, manager_id, contact_role, created_at) values (48, 'Lolita', 'Spacie', 'lspacie1b@independent.co.uk', '1002146761', '1989-12-09 20:27:51', 46, 5, 'Buyers', '2020-05-28 08:52:13');
insert into contacts (id, name, surname, email, phone, birthday, company_id, manager_id, contact_role, created_at) values (49, 'Dwain', 'Stratiff', 'dstratiff1c@toplist.cz', '5758792990', '1986-02-21 23:12:28', 146, 17, 'Engineer', '2019-12-25 21:28:09');
insert into contacts (id, name, surname, email, phone, birthday, company_id, manager_id, contact_role, created_at) values (50, 'Buiron', 'Dybald', 'bdybald1d@abc.net.au', '9735557031', '1999-10-19 06:13:04', 109, 1, 'Sales', '2020-09-04 16:59:18');
insert into contacts (id, name, surname, email, phone, birthday, company_id, manager_id, contact_role, created_at) values (51, 'Jasun', 'MacMenemy', 'jmacmenemy1e@google.de', '1781107024', '1971-08-06 12:31:53', 137, 5, 'CIO', '2019-10-25 07:00:24');
insert into contacts (id, name, surname, email, phone, birthday, company_id, manager_id, contact_role, created_at) values (52, 'Thain', 'Rosenbarg', 'trosenbarg1f@nymag.com', '3392387742', '1981-09-18 00:43:24', 74, 11, 'Engineer', '2020-09-13 06:09:59');
insert into contacts (id, name, surname, email, phone, birthday, company_id, manager_id, contact_role, created_at) values (53, 'Penni', 'Loos', 'ploos1g@vistaprint.com', '9704784956', '1983-09-30 23:42:24', 92, 5, 'CIO', '2020-02-03 03:50:25');
insert into contacts (id, name, surname, email, phone, birthday, company_id, manager_id, contact_role, created_at) values (54, 'Iver', 'Wurz', 'iwurz1h@slashdot.org', '2585275169', '1992-07-29 04:40:23', 129, 5, 'Buyers', '2019-12-17 06:40:47');
insert into contacts (id, name, surname, email, phone, birthday, company_id, manager_id, contact_role, created_at) values (55, 'Asia', 'Linnell', 'alinnell1i@ft.com', '2889720781', '1971-08-02 20:24:22', 146, 11, 'CIO', '2020-03-18 23:30:18');
insert into contacts (id, name, surname, email, phone, birthday, company_id, manager_id, contact_role, created_at) values (56, 'Jorrie', 'Dimitrijevic', 'jdimitrijevic1j@dailymotion.com', '5177944883', '1993-08-29 19:55:54', 40, 11, 'Engineer', '2019-12-11 14:14:35');
insert into contacts (id, name, surname, email, phone, birthday, company_id, manager_id, contact_role, created_at) values (57, 'Jakob', 'Ferrotti', 'jferrotti1k@sun.com', '9008596282', '1997-08-19 02:43:53', 108, 1, 'CEO', '2020-10-02 05:36:09');
insert into contacts (id, name, surname, email, phone, birthday, company_id, manager_id, contact_role, created_at) values (58, 'Skelly', 'Ewell', 'sewell1l@lulu.com', '8088400134', '1996-01-19 14:14:18', 134, 5, 'CIO', '2020-09-02 11:44:06');
insert into contacts (id, name, surname, email, phone, birthday, company_id, manager_id, contact_role, created_at) values (59, 'Alfredo', 'Turnor', 'aturnor1m@parallels.com', '2435027566', '1995-10-02 06:27:48', 137, 17, 'Buyers', '2020-07-21 00:44:41');
insert into contacts (id, name, surname, email, phone, birthday, company_id, manager_id, contact_role, created_at) values (60, 'Midge', 'Thomassen', 'mthomassen1n@nba.com', '9151097907', '1975-09-08 06:07:24', 17, 5, 'CEO', '2019-12-27 22:23:58');
insert into contacts (id, name, surname, email, phone, birthday, company_id, manager_id, contact_role, created_at) values (61, 'Franklyn', 'Simoncello', 'fsimoncello1o@japanpost.jp', '9968287137', '1974-06-05 09:42:22', 55, 4, 'Engineer', '2020-04-18 03:26:29');
insert into contacts (id, name, surname, email, phone, birthday, company_id, manager_id, contact_role, created_at) values (62, 'Theodosia', 'Abramovicz', 'tabramovicz1p@skyrock.com', '8896474873', '2000-06-04 00:56:51', 38, 4, 'Sales', '2020-01-21 05:15:25');
insert into contacts (id, name, surname, email, phone, birthday, company_id, manager_id, contact_role, created_at) values (63, 'Guenevere', 'Joscelyne', 'gjoscelyne1q@nih.gov', '4552086081', '1987-09-04 05:00:13', 145, 17, 'Sales', '2020-09-14 22:52:35');
insert into contacts (id, name, surname, email, phone, birthday, company_id, manager_id, contact_role, created_at) values (64, 'Kaila', 'Snelgrove', 'ksnelgrove1r@senate.gov', '9488198740', '1971-08-13 19:31:40', 110, 5, 'CEO', '2020-05-29 09:35:52');
insert into contacts (id, name, surname, email, phone, birthday, company_id, manager_id, contact_role, created_at) values (65, 'Afton', 'Matyatin', 'amatyatin1s@soup.io', '6718885608', '1976-04-14 07:10:37', 82, 16, 'CFO', '2020-08-20 21:35:14');
insert into contacts (id, name, surname, email, phone, birthday, company_id, manager_id, contact_role, created_at) values (66, 'Rockey', 'Haisell', 'rhaisell1t@cloudflare.com', '2059083842', '1997-05-14 02:33:58', 40, 2, 'Engineer', '2020-05-11 09:35:19');
insert into contacts (id, name, surname, email, phone, birthday, company_id, manager_id, contact_role, created_at) values (67, 'Rufus', 'Gommowe', 'rgommowe1u@cnbc.com', '8646946411', '1975-05-06 00:35:50', 113, 14, 'CFO', '2020-06-21 05:44:18');
insert into contacts (id, name, surname, email, phone, birthday, company_id, manager_id, contact_role, created_at) values (68, 'Julianna', 'Roxby', 'jroxby1v@newyorker.com', '1655328673', '1996-03-24 18:21:14', 61, 5, 'Sales', '2020-09-26 08:09:03');
insert into contacts (id, name, surname, email, phone, birthday, company_id, manager_id, contact_role, created_at) values (69, 'Audie', 'Hurley', 'ahurley1w@nydailynews.com', '6947219489', '1973-01-12 18:19:32', 128, 18, 'Engineer', '2020-06-20 12:48:49');
insert into contacts (id, name, surname, email, phone, birthday, company_id, manager_id, contact_role, created_at) values (70, 'Saraann', 'Metcalfe', 'smetcalfe1x@stumbleupon.com', '5408375941', '2001-12-13 03:59:15', 125, 6, 'Engineer', '2020-03-28 22:26:13');
insert into contacts (id, name, surname, email, phone, birthday, company_id, manager_id, contact_role, created_at) values (71, 'Westleigh', 'Bilton', 'wbilton1y@networksolutions.com', '6826137049', '1996-11-29 02:27:18', 149, 10, 'Buyers', '2019-11-07 12:24:08');
insert into contacts (id, name, surname, email, phone, birthday, company_id, manager_id, contact_role, created_at) values (72, 'Shayna', 'Towle', 'stowle1z@go.com', '8407071160', '1985-05-14 10:11:57', 1, 19, 'CIO', '2020-03-18 03:04:27');
insert into contacts (id, name, surname, email, phone, birthday, company_id, manager_id, contact_role, created_at) values (73, 'Clement', 'Acres', 'cacres20@fotki.com', '9924884713', '1975-06-30 12:22:42', 143, 2, 'CEO', '2020-01-23 02:32:14');
insert into contacts (id, name, surname, email, phone, birthday, company_id, manager_id, contact_role, created_at) values (74, 'Grace', 'Cleft', 'gcleft21@deliciousdays.com', '6984286582', '1987-08-15 10:57:12', 142, 3, 'Buyers', '2020-07-12 09:08:33');
insert into contacts (id, name, surname, email, phone, birthday, company_id, manager_id, contact_role, created_at) values (75, 'Hal', 'Bocke', 'hbocke22@stumbleupon.com', '4286682536', '1980-01-27 10:31:50', 89, 16, 'Engineer', '2019-12-23 13:34:07');
insert into contacts (id, name, surname, email, phone, birthday, company_id, manager_id, contact_role, created_at) values (76, 'Brunhilda', 'Rottenbury', 'brottenbury23@chron.com', '1252517150', '1984-10-22 17:37:48', 72, 17, 'CEO', '2020-01-02 17:09:42');
insert into contacts (id, name, surname, email, phone, birthday, company_id, manager_id, contact_role, created_at) values (77, 'Natassia', 'Pinck', 'npinck24@dyndns.org', '8737033735', '1988-09-23 01:35:19', 120, 4, 'Buyers', '2020-09-20 06:26:23');
insert into contacts (id, name, surname, email, phone, birthday, company_id, manager_id, contact_role, created_at) values (78, 'Roze', 'Jemmison', 'rjemmison25@friendfeed.com', '3067205813', '1974-11-05 13:30:13', 129, 18, 'Buyers', '2019-12-01 09:16:40');
insert into contacts (id, name, surname, email, phone, birthday, company_id, manager_id, contact_role, created_at) values (79, 'Reyna', 'Aysh', 'raysh26@plala.or.jp', '9614768666', '1992-06-07 17:26:18', 119, 14, 'Engineer', '2020-06-06 05:06:47');
insert into contacts (id, name, surname, email, phone, birthday, company_id, manager_id, contact_role, created_at) values (80, 'Sonnnie', 'Lemon', 'slemon27@homestead.com', '8371954072', '2001-02-12 01:55:29', 30, 18, 'CIO', '2020-08-19 01:32:00');
insert into contacts (id, name, surname, email, phone, birthday, company_id, manager_id, contact_role, created_at) values (81, 'Zacharie', 'Hamill', 'zhamill28@gravatar.com', '1458485551', '1981-02-24 00:01:03', 134, 14, 'CFO', '2020-01-30 17:15:38');
insert into contacts (id, name, surname, email, phone, birthday, company_id, manager_id, contact_role, created_at) values (82, 'Adams', 'Easlea', 'aeaslea29@wiley.com', '9184968796', '1991-03-23 22:33:16', 91, 10, 'Engineer', '2020-09-04 03:43:28');
insert into contacts (id, name, surname, email, phone, birthday, company_id, manager_id, contact_role, created_at) values (83, 'Kacy', 'Drohan', 'kdrohan2a@tamu.edu', '2295361333', '1983-11-26 20:16:45', 95, 19, 'CEO', '2020-10-19 18:18:23');
insert into contacts (id, name, surname, email, phone, birthday, company_id, manager_id, contact_role, created_at) values (84, 'Clarie', 'Clausius', 'cclausius2b@nbcnews.com', '6181436977', '1989-10-23 02:31:40', 103, 1, 'CFO', '2020-02-21 08:31:08');
insert into contacts (id, name, surname, email, phone, birthday, company_id, manager_id, contact_role, created_at) values (85, 'Constantin', 'Oneile', 'coneile2c@google.ru', '6391075335', '1997-08-04 16:27:55', 30, 17, 'Buyers', '2020-06-17 18:20:09');
insert into contacts (id, name, surname, email, phone, birthday, company_id, manager_id, contact_role, created_at) values (86, 'Timmie', 'Hollibone', 'thollibone2d@symantec.com', '4083550228', '1987-10-12 15:37:14', 8, 4, 'Engineer', '2020-01-30 18:23:55');
insert into contacts (id, name, surname, email, phone, birthday, company_id, manager_id, contact_role, created_at) values (87, 'Aaren', 'Rossborough', 'arossborough2e@imageshack.us', '7295475471', '1993-05-25 21:19:34', 11, 8, 'CEO', '2020-02-20 15:30:32');
insert into contacts (id, name, surname, email, phone, birthday, company_id, manager_id, contact_role, created_at) values (88, 'Allyn', 'Auty', 'aauty2f@4shared.com', '9195902447', '1980-01-30 07:23:11', 12, 12, 'Engineer', '2020-05-26 16:38:55');
insert into contacts (id, name, surname, email, phone, birthday, company_id, manager_id, contact_role, created_at) values (89, 'Immanuel', 'Fairhead', 'ifairhead2g@google.fr', '1601660452', '1974-06-27 13:39:42', 127, 18, 'Buyers', '2019-12-01 06:25:43');
insert into contacts (id, name, surname, email, phone, birthday, company_id, manager_id, contact_role, created_at) values (90, 'Nicolette', 'Butterwick', 'nbutterwick2h@biblegateway.com', '6842620904', '1974-11-05 03:51:48', 12, 16, 'Sales', '2020-01-19 18:51:12');
insert into contacts (id, name, surname, email, phone, birthday, company_id, manager_id, contact_role, created_at) values (91, 'Marilin', 'Ayrs', 'mayrs2i@techcrunch.com', '8726798826', '1994-12-10 16:28:37', 93, 14, 'Buyers', '2020-10-13 14:47:57');
insert into contacts (id, name, surname, email, phone, birthday, company_id, manager_id, contact_role, created_at) values (92, 'Tull', 'Vinton', 'tvinton2j@mediafire.com', '4199009445', '1979-10-14 01:35:38', 24, 2, 'CIO', '2020-03-22 00:51:19');
insert into contacts (id, name, surname, email, phone, birthday, company_id, manager_id, contact_role, created_at) values (93, 'Niall', 'Barok', 'nbarok2k@cam.ac.uk', '5257278744', '2002-03-31 09:35:37', 65, 18, 'CFO', '2020-06-03 00:26:37');
insert into contacts (id, name, surname, email, phone, birthday, company_id, manager_id, contact_role, created_at) values (94, 'Piggy', 'Stratford', 'pstratford2l@whitehouse.gov', '5277188262', '2001-01-11 04:24:22', 24, 14, 'CEO', '2020-06-30 06:12:35');
insert into contacts (id, name, surname, email, phone, birthday, company_id, manager_id, contact_role, created_at) values (95, 'Maxi', 'Matej', 'mmatej2m@nbcnews.com', '9159565533', '1985-04-20 05:49:45', 76, 14, 'Buyers', '2020-07-29 15:32:55');
insert into contacts (id, name, surname, email, phone, birthday, company_id, manager_id, contact_role, created_at) values (96, 'Niels', 'Ashness', 'nashness2n@foxnews.com', '6006442243', '1997-04-04 01:31:23', 90, 12, 'CFO', '2020-05-04 02:04:17');
insert into contacts (id, name, surname, email, phone, birthday, company_id, manager_id, contact_role, created_at) values (97, 'Clio', 'Howden', 'chowden2o@senate.gov', '4631029761', '1992-08-16 05:58:02', 76, 11, 'CIO', '2020-07-04 22:26:39');
insert into contacts (id, name, surname, email, phone, birthday, company_id, manager_id, contact_role, created_at) values (98, 'Fairlie', 'Cressey', 'fcressey2p@cbslocal.com', '2061639510', '1981-06-10 06:30:09', 57, 18, 'CEO', '2020-02-09 20:10:36');
insert into contacts (id, name, surname, email, phone, birthday, company_id, manager_id, contact_role, created_at) values (99, 'Retha', 'Edelman', 'redelman2q@comcast.net', '2086175108', '1984-10-07 18:10:18', 147, 18, 'Engineer', '2020-10-16 06:53:17');
insert into contacts (id, name, surname, email, phone, birthday, company_id, manager_id, contact_role, created_at) values (100, 'Guillaume', 'Dingsdale', 'gdingsdale2r@unc.edu', '4533636674', '1991-08-21 23:26:21', 65, 16, 'CFO', '2019-10-26 07:21:12');
insert into contacts (id, name, surname, email, phone, birthday, company_id, manager_id, contact_role, created_at) values (101, 'Dulsea', 'Liffe', 'dliffe2s@techcrunch.com', '8001811964', '2001-06-27 17:04:10', 134, 11, 'Buyers', '2019-12-16 21:29:46');
insert into contacts (id, name, surname, email, phone, birthday, company_id, manager_id, contact_role, created_at) values (102, 'Kelcy', 'Quant', 'kquant2t@cafepress.com', '7029044837', '1994-05-30 17:04:05', 44, 7, 'Sales', '2020-06-28 19:36:34');
insert into contacts (id, name, surname, email, phone, birthday, company_id, manager_id, contact_role, created_at) values (103, 'Moe', 'Hearse', 'mhearse2u@yolasite.com', '9468555555', '1976-02-19 20:33:07', 112, 18, 'Engineer', '2019-12-12 11:15:44');
insert into contacts (id, name, surname, email, phone, birthday, company_id, manager_id, contact_role, created_at) values (104, 'Dulcy', 'Bengefield', 'dbengefield2v@ca.gov', '8925822652', '1987-02-06 09:54:10', 28, 12, 'Sales', '2020-04-07 16:32:34');
insert into contacts (id, name, surname, email, phone, birthday, company_id, manager_id, contact_role, created_at) values (105, 'Truman', 'Lohoar', 'tlohoar2w@va.gov', '8715193417', '1992-02-21 16:38:26', 11, 8, 'Engineer', '2020-06-25 01:15:52');
insert into contacts (id, name, surname, email, phone, birthday, company_id, manager_id, contact_role, created_at) values (106, 'Leda', 'Zeplin', 'lzeplin2x@uiuc.edu', '2379406656', '1982-12-06 18:26:13', 51, 6, 'Buyers', '2020-01-05 08:59:04');
insert into contacts (id, name, surname, email, phone, birthday, company_id, manager_id, contact_role, created_at) values (107, 'Courtney', 'Binner', 'cbinner2y@ed.gov', '2904947576', '1975-08-21 05:30:51', 49, 7, 'CEO', '2020-01-02 06:35:02');
insert into contacts (id, name, surname, email, phone, birthday, company_id, manager_id, contact_role, created_at) values (108, 'Wernher', 'Hoggin', 'whoggin2z@lulu.com', '3469633452', '1982-06-08 10:05:10', 64, 20, 'Sales', '2019-11-24 12:22:42');
insert into contacts (id, name, surname, email, phone, birthday, company_id, manager_id, contact_role, created_at) values (109, 'Bert', 'Lambswood', 'blambswood30@google.com.au', '4546061223', '1972-02-10 02:13:10', 82, 13, 'Buyers', '2020-03-07 19:32:29');
insert into contacts (id, name, surname, email, phone, birthday, company_id, manager_id, contact_role, created_at) values (110, 'Cly', 'Trownson', 'ctrownson31@canalblog.com', '8194756130', '1982-06-01 04:10:21', 34, 18, 'CEO', '2020-07-19 17:14:42');
insert into contacts (id, name, surname, email, phone, birthday, company_id, manager_id, contact_role, created_at) values (111, 'Emmerich', 'McTrusty', 'emctrusty32@unicef.org', '1535257008', '1983-10-30 09:56:18', 144, 18, 'CEO', '2020-09-06 04:54:30');
insert into contacts (id, name, surname, email, phone, birthday, company_id, manager_id, contact_role, created_at) values (112, 'Ezmeralda', 'Rosterne', 'erosterne33@vistaprint.com', '6006481822', '1987-04-29 00:08:36', 36, 16, 'CIO', '2020-05-23 08:54:37');
insert into contacts (id, name, surname, email, phone, birthday, company_id, manager_id, contact_role, created_at) values (113, 'Bartholomew', 'Lemmers', 'blemmers34@ted.com', '2064139578', '1983-06-10 09:48:16', 42, 18, 'Engineer', '2020-07-10 02:34:36');
insert into contacts (id, name, surname, email, phone, birthday, company_id, manager_id, contact_role, created_at) values (114, 'Julianna', 'Derle', 'jderle35@smugmug.com', '4538624532', '1980-11-04 14:28:41', 17, 18, 'Buyers', '2020-03-05 14:46:51');
insert into contacts (id, name, surname, email, phone, birthday, company_id, manager_id, contact_role, created_at) values (115, 'Erroll', 'Morad', 'emorad36@ezinearticles.com', '7083758300', '1979-12-08 15:33:49', 76, 11, 'Sales', '2019-12-29 11:10:34');
insert into contacts (id, name, surname, email, phone, birthday, company_id, manager_id, contact_role, created_at) values (116, 'Gussi', 'Biswell', 'gbiswell37@ibm.com', '9535859552', '1975-07-15 13:32:44', 88, 16, 'Buyers', '2020-08-28 23:04:48');
insert into contacts (id, name, surname, email, phone, birthday, company_id, manager_id, contact_role, created_at) values (117, 'Larina', 'Dallas', 'ldallas38@yolasite.com', '1785771211', '1988-08-07 23:45:10', 67, 3, 'Engineer', '2020-02-28 17:34:20');
insert into contacts (id, name, surname, email, phone, birthday, company_id, manager_id, contact_role, created_at) values (118, 'Rodina', 'Ryle', 'rryle39@tumblr.com', '1811557334', '1984-04-28 22:45:15', 137, 20, 'CEO', '2019-11-16 16:21:28');
insert into contacts (id, name, surname, email, phone, birthday, company_id, manager_id, contact_role, created_at) values (119, 'Alonso', 'Chillingsworth', 'achillingsworth3a@tinyurl.com', '2482528849', '1990-01-05 18:57:48', 134, 17, 'CIO', '2020-06-08 15:26:52');
insert into contacts (id, name, surname, email, phone, birthday, company_id, manager_id, contact_role, created_at) values (120, 'Goldy', 'Skitch', 'gskitch3b@hostgator.com', '1126538876', '2002-04-23 22:33:13', 123, 8, 'Engineer', '2020-01-17 01:24:20');
insert into contacts (id, name, surname, email, phone, birthday, company_id, manager_id, contact_role, created_at) values (121, 'Catrina', 'Hardesty', 'chardesty3c@japanpost.jp', '1957620852', '1977-10-04 12:03:20', 83, 8, 'Buyers', '2020-01-18 18:50:21');
insert into contacts (id, name, surname, email, phone, birthday, company_id, manager_id, contact_role, created_at) values (122, 'Talyah', 'Bishop', 'tbishop3d@ning.com', '6051392202', '1981-03-12 21:11:49', 89, 20, 'CFO', '2020-02-23 04:45:02');
insert into contacts (id, name, surname, email, phone, birthday, company_id, manager_id, contact_role, created_at) values (123, 'Mortie', 'Moneypenny', 'mmoneypenny3e@house.gov', '3526900359', '1991-02-01 12:50:15', 131, 20, 'Sales', '2020-06-19 02:33:54');
insert into contacts (id, name, surname, email, phone, birthday, company_id, manager_id, contact_role, created_at) values (124, 'Sophia', 'Cheyenne', 'scheyenne3f@surveymonkey.com', '5065737566', '1982-05-30 12:13:26', 130, 6, 'Sales', '2020-09-07 01:19:07');
insert into contacts (id, name, surname, email, phone, birthday, company_id, manager_id, contact_role, created_at) values (125, 'Patrizius', 'Audus', 'paudus3g@dropbox.com', '9725583576', '1973-03-11 05:48:59', 2, 9, 'CFO', '2020-01-03 00:10:02');
insert into contacts (id, name, surname, email, phone, birthday, company_id, manager_id, contact_role, created_at) values (126, 'Amalie', 'Keech', 'akeech3h@zdnet.com', '4345178764', '1991-01-26 21:53:10', 102, 13, 'CFO', '2020-03-20 17:45:41');
insert into contacts (id, name, surname, email, phone, birthday, company_id, manager_id, contact_role, created_at) values (127, 'Justen', 'Wyldbore', 'jwyldbore3i@homestead.com', '2804756764', '1979-05-20 08:38:03', 39, 11, 'CIO', '2019-11-22 13:35:36');
insert into contacts (id, name, surname, email, phone, birthday, company_id, manager_id, contact_role, created_at) values (128, 'Jermaine', 'Berryann', 'jberryann3j@domainmarket.com', '7477170935', '1988-02-07 09:36:17', 35, 4, 'Sales', '2020-01-15 10:22:44');
insert into contacts (id, name, surname, email, phone, birthday, company_id, manager_id, contact_role, created_at) values (129, 'Tori', 'Borrington', 'tborrington3k@jiathis.com', '8599787323', '2001-09-20 07:22:42', 136, 11, 'CFO', '2020-02-16 00:05:46');
insert into contacts (id, name, surname, email, phone, birthday, company_id, manager_id, contact_role, created_at) values (130, 'Shermy', 'Helwig', 'shelwig3l@jigsy.com', '6321753010', '1995-10-05 06:40:16', 4, 12, 'CIO', '2019-12-14 20:01:55');
insert into contacts (id, name, surname, email, phone, birthday, company_id, manager_id, contact_role, created_at) values (131, 'Ganny', 'Dilland', 'gdilland3m@netlog.com', '5379466133', '1972-09-28 11:52:00', 90, 16, 'CIO', '2020-07-24 04:26:24');
insert into contacts (id, name, surname, email, phone, birthday, company_id, manager_id, contact_role, created_at) values (132, 'Leonore', 'Fincham', 'lfincham3n@typepad.com', '2665820116', '2001-05-25 17:48:22', 150, 17, 'CEO', '2020-06-04 03:20:09');
insert into contacts (id, name, surname, email, phone, birthday, company_id, manager_id, contact_role, created_at) values (133, 'Reeba', 'Rule', 'rrule3o@trellian.com', '6254515782', '1990-04-27 09:31:50', 98, 10, 'Sales', '2020-03-22 02:43:38');
insert into contacts (id, name, surname, email, phone, birthday, company_id, manager_id, contact_role, created_at) values (134, 'Cindee', 'Milmo', 'cmilmo3p@cmu.edu', '7651636394', '1974-12-15 22:43:23', 21, 15, 'CIO', '2020-06-02 08:59:58');
insert into contacts (id, name, surname, email, phone, birthday, company_id, manager_id, contact_role, created_at) values (135, 'Dian', 'Luther', 'dluther3q@mtv.com', '6819648948', '1996-05-18 06:15:19', 121, 4, 'CEO', '2020-06-07 06:48:51');
insert into contacts (id, name, surname, email, phone, birthday, company_id, manager_id, contact_role, created_at) values (136, 'Beilul', 'Spurge', 'bspurge3r@ucsd.edu', '7756919577', '1986-09-19 16:46:46', 134, 13, 'CEO', '2019-12-22 22:58:51');
insert into contacts (id, name, surname, email, phone, birthday, company_id, manager_id, contact_role, created_at) values (137, 'Gerry', 'Rraundl', 'grraundl3s@vinaora.com', '4124445122', '1981-04-02 20:27:26', 40, 12, 'Engineer', '2020-10-19 16:54:43');
insert into contacts (id, name, surname, email, phone, birthday, company_id, manager_id, contact_role, created_at) values (138, 'Raynor', 'Shilliday', 'rshilliday3t@newsvine.com', '4887026877', '1971-02-26 05:53:10', 104, 10, 'CFO', '2019-12-14 18:05:51');
insert into contacts (id, name, surname, email, phone, birthday, company_id, manager_id, contact_role, created_at) values (139, 'Normand', 'Fontin', 'nfontin3u@flickr.com', '8169767597', '1991-11-06 07:19:14', 115, 17, 'Engineer', '2020-08-14 01:24:12');
insert into contacts (id, name, surname, email, phone, birthday, company_id, manager_id, contact_role, created_at) values (140, 'Shanta', 'Cutsforth', 'scutsforth3v@infoseek.co.jp', '8258564568', '1997-09-05 03:15:52', 59, 17, 'Buyers', '2019-12-11 06:23:04');
insert into contacts (id, name, surname, email, phone, birthday, company_id, manager_id, contact_role, created_at) values (141, 'Reamonn', 'Robun', 'rrobun3w@umich.edu', '8829672171', '1974-08-27 13:51:32', 98, 4, 'CEO', '2020-03-04 23:08:53');
insert into contacts (id, name, surname, email, phone, birthday, company_id, manager_id, contact_role, created_at) values (142, 'Ninon', 'Jurgenson', 'njurgenson3x@nydailynews.com', '6398055810', '1971-09-06 15:12:13', 72, 13, 'CFO', '2020-07-20 03:35:19');
insert into contacts (id, name, surname, email, phone, birthday, company_id, manager_id, contact_role, created_at) values (143, 'Dacia', 'Gollard', 'dgollard3y@utexas.edu', '8297127577', '2001-03-22 04:26:18', 118, 14, 'CFO', '2020-10-01 00:05:43');
insert into contacts (id, name, surname, email, phone, birthday, company_id, manager_id, contact_role, created_at) values (144, 'Erick', 'Adolfson', 'eadolfson3z@ftc.gov', '1522321536', '1975-09-05 14:25:30', 96, 2, 'Sales', '2020-09-28 23:10:52');
insert into contacts (id, name, surname, email, phone, birthday, company_id, manager_id, contact_role, created_at) values (145, 'Hesther', 'Tarbin', 'htarbin40@google.co.jp', '4157999151', '1982-11-11 13:20:02', 147, 20, 'Sales', '2020-01-17 07:47:49');
insert into contacts (id, name, surname, email, phone, birthday, company_id, manager_id, contact_role, created_at) values (146, 'Maximilian', 'Hanney', 'mhanney41@who.int', '1659306474', '1980-07-18 18:57:18', 47, 11, 'Buyers', '2020-05-24 02:29:41');
insert into contacts (id, name, surname, email, phone, birthday, company_id, manager_id, contact_role, created_at) values (147, 'Lissi', 'Connolly', 'lconnolly42@topsy.com', '4659133614', '1997-10-25 22:14:29', 41, 2, 'Buyers', '2020-09-10 19:16:16');
insert into contacts (id, name, surname, email, phone, birthday, company_id, manager_id, contact_role, created_at) values (148, 'Fairfax', 'Greenig', 'fgreenig43@amazon.co.jp', '3447088227', '1973-12-04 07:44:18', 98, 13, 'Buyers', '2020-08-10 23:57:27');
insert into contacts (id, name, surname, email, phone, birthday, company_id, manager_id, contact_role, created_at) values (149, 'Jo-anne', 'Layland', 'jlayland44@columbia.edu', '1464618163', '2001-06-11 18:25:26', 113, 2, 'CEO', '2020-06-11 07:37:39');
insert into contacts (id, name, surname, email, phone, birthday, company_id, manager_id, contact_role, created_at) values (150, 'Niccolo', 'Westman', 'nwestman45@comcast.net', '6535631520', '1989-09-24 01:27:15', 91, 18, 'CIO', '2020-09-20 00:38:12');
insert into contacts (id, name, surname, email, phone, birthday, company_id, manager_id, contact_role, created_at) values (151, 'Ty', 'Spalls', 'tspalls46@dell.com', '6336740023', '1980-01-13 15:59:43', 20, 13, 'CEO', '2020-02-11 11:49:46');
insert into contacts (id, name, surname, email, phone, birthday, company_id, manager_id, contact_role, created_at) values (152, 'Thornie', 'Barhems', 'tbarhems47@dmoz.org', '2242490627', '1981-10-11 11:16:18', 103, 16, 'CFO', '2019-10-28 12:54:30');
insert into contacts (id, name, surname, email, phone, birthday, company_id, manager_id, contact_role, created_at) values (153, 'Ingunna', 'Abercrombie', 'iabercrombie48@google.es', '7325153707', '1987-07-19 17:20:48', 47, 8, 'Engineer', '2020-08-25 08:32:15');
insert into contacts (id, name, surname, email, phone, birthday, company_id, manager_id, contact_role, created_at) values (154, 'Brandais', 'Bolter', 'bbolter49@canalblog.com', '5315381371', '1991-07-21 03:28:38', 46, 1, 'CFO', '2020-06-03 11:38:39');
insert into contacts (id, name, surname, email, phone, birthday, company_id, manager_id, contact_role, created_at) values (155, 'Donetta', 'Dawidowitsch', 'ddawidowitsch4a@dion.ne.jp', '6898323631', '1996-10-01 04:13:11', 71, 17, 'CIO', '2020-06-04 22:06:55');
insert into contacts (id, name, surname, email, phone, birthday, company_id, manager_id, contact_role, created_at) values (156, 'Wendall', 'Aland', 'waland4b@zimbio.com', '3721460858', '1993-08-28 04:47:03', 83, 7, 'Sales', '2020-01-18 04:12:16');
insert into contacts (id, name, surname, email, phone, birthday, company_id, manager_id, contact_role, created_at) values (157, 'Lilas', 'Mynott', 'lmynott4c@bloglines.com', '5457130853', '1996-02-17 09:37:33', 90, 15, 'CFO', '2020-01-29 20:43:02');
insert into contacts (id, name, surname, email, phone, birthday, company_id, manager_id, contact_role, created_at) values (158, 'Celie', 'Birch', 'cbirch4d@unicef.org', '2932963817', '1986-08-10 00:34:12', 100, 17, 'Engineer', '2019-12-28 09:39:33');
insert into contacts (id, name, surname, email, phone, birthday, company_id, manager_id, contact_role, created_at) values (159, 'Katti', 'Sans', 'ksans4e@people.com.cn', '7679590795', '1976-12-20 12:48:44', 108, 3, 'Buyers', '2019-11-14 21:58:40');
insert into contacts (id, name, surname, email, phone, birthday, company_id, manager_id, contact_role, created_at) values (160, 'Caitlin', 'Frantzeni', 'cfrantzeni4f@infoseek.co.jp', '9277891719', '1975-04-09 17:48:02', 80, 16, 'Buyers', '2019-12-24 06:04:31');
insert into contacts (id, name, surname, email, phone, birthday, company_id, manager_id, contact_role, created_at) values (161, 'Estel', 'Massimi', 'emassimi4g@globo.com', '6236188748', '1980-04-20 05:13:09', 109, 19, 'Buyers', '2020-01-27 21:24:30');
insert into contacts (id, name, surname, email, phone, birthday, company_id, manager_id, contact_role, created_at) values (162, 'Merna', 'Weinham', 'mweinham4h@about.me', '7874549991', '1978-08-12 00:39:11', 2, 10, 'Engineer', '2020-04-24 21:32:37');
insert into contacts (id, name, surname, email, phone, birthday, company_id, manager_id, contact_role, created_at) values (163, 'Herb', 'Sweedland', 'hsweedland4i@imdb.com', '9375181795', '1981-08-07 07:44:51', 140, 19, 'CIO', '2020-08-05 14:11:20');
insert into contacts (id, name, surname, email, phone, birthday, company_id, manager_id, contact_role, created_at) values (164, 'Corny', 'McCurry', 'cmccurry4j@slate.com', '4014318622', '1972-12-08 22:13:08', 94, 6, 'CEO', '2020-07-31 13:10:03');
insert into contacts (id, name, surname, email, phone, birthday, company_id, manager_id, contact_role, created_at) values (165, 'Meryl', 'Beranek', 'mberanek4k@typepad.com', '3863374331', '1978-09-23 15:07:13', 40, 2, 'Engineer', '2020-02-21 00:23:37');
insert into contacts (id, name, surname, email, phone, birthday, company_id, manager_id, contact_role, created_at) values (166, 'Peterus', 'Meese', 'pmeese4l@prlog.org', '4269432211', '1987-12-15 02:02:54', 99, 3, 'CIO', '2020-03-25 16:10:03');
insert into contacts (id, name, surname, email, phone, birthday, company_id, manager_id, contact_role, created_at) values (167, 'Son', 'Kuhle', 'skuhle4m@twitpic.com', '3423176539', '1999-10-03 04:06:29', 39, 3, 'Sales', '2020-05-04 15:49:23');
insert into contacts (id, name, surname, email, phone, birthday, company_id, manager_id, contact_role, created_at) values (168, 'Geno', 'Nesbitt', 'gnesbitt4n@stanford.edu', '9398002748', '1994-06-21 18:06:24', 131, 13, 'CEO', '2020-09-13 09:22:47');
insert into contacts (id, name, surname, email, phone, birthday, company_id, manager_id, contact_role, created_at) values (169, 'Nataline', 'Heinrici', 'nheinrici4o@mozilla.com', '8825610841', '2001-09-01 20:25:20', 145, 7, 'Buyers', '2020-06-18 19:36:38');
insert into contacts (id, name, surname, email, phone, birthday, company_id, manager_id, contact_role, created_at) values (170, 'Melinde', 'Camin', 'mcamin4p@reuters.com', '8341325614', '1983-02-19 19:38:46', 59, 3, 'Sales', '2020-08-10 07:34:26');
insert into contacts (id, name, surname, email, phone, birthday, company_id, manager_id, contact_role, created_at) values (171, 'Corella', 'Rossbrooke', 'crossbrooke4q@cbc.ca', '5222199293', '1971-01-22 04:48:13', 25, 8, 'Sales', '2020-03-11 13:50:19');
insert into contacts (id, name, surname, email, phone, birthday, company_id, manager_id, contact_role, created_at) values (172, 'Frazier', 'Vinecombe', 'fvinecombe4r@barnesandnoble.com', '5787388596', '1971-08-11 15:43:31', 64, 2, 'Buyers', '2020-09-06 04:24:58');
insert into contacts (id, name, surname, email, phone, birthday, company_id, manager_id, contact_role, created_at) values (173, 'Clea', 'Pirie', 'cpirie4s@cam.ac.uk', '4832989516', '1974-12-18 00:19:55', 25, 2, 'CIO', '2019-11-28 17:48:05');
insert into contacts (id, name, surname, email, phone, birthday, company_id, manager_id, contact_role, created_at) values (174, 'Kendrick', 'Kinghorne', 'kkinghorne4t@netvibes.com', '1681406674', '1995-02-26 04:12:31', 87, 3, 'CEO', '2020-03-31 10:45:50');
insert into contacts (id, name, surname, email, phone, birthday, company_id, manager_id, contact_role, created_at) values (175, 'Maud', 'Matherson', 'mmatherson4u@cafepress.com', '2216913927', '1987-07-03 21:56:52', 131, 14, 'CEO', '2020-05-19 13:01:11');
insert into contacts (id, name, surname, email, phone, birthday, company_id, manager_id, contact_role, created_at) values (176, 'Mordecai', 'Chicotti', 'mchicotti4v@craigslist.org', '8497506953', '1971-07-26 10:50:11', 130, 6, 'CIO', '2020-02-08 16:21:23');
insert into contacts (id, name, surname, email, phone, birthday, company_id, manager_id, contact_role, created_at) values (177, 'Gabbie', 'Bruhnicke', 'gbruhnicke4w@newsvine.com', '2119236120', '1972-08-20 07:37:13', 12, 10, 'Engineer', '2020-10-14 12:20:44');
insert into contacts (id, name, surname, email, phone, birthday, company_id, manager_id, contact_role, created_at) values (178, 'Ted', 'Train', 'ttrain4x@tripod.com', '8325877686', '1981-11-26 01:55:25', 7, 16, 'Sales', '2020-03-16 16:15:55');
insert into contacts (id, name, surname, email, phone, birthday, company_id, manager_id, contact_role, created_at) values (179, 'Malcolm', 'East', 'meast4y@illinois.edu', '7563827644', '2001-08-24 09:18:46', 111, 9, 'CIO', '2019-12-02 20:01:25');
insert into contacts (id, name, surname, email, phone, birthday, company_id, manager_id, contact_role, created_at) values (180, 'Westley', 'Trehearn', 'wtrehearn4z@imgur.com', '2511273858', '1987-10-04 04:37:57', 47, 16, 'CFO', '2020-07-15 10:45:43');
insert into contacts (id, name, surname, email, phone, birthday, company_id, manager_id, contact_role, created_at) values (181, 'Tracy', 'Rizziello', 'trizziello50@netlog.com', '4466887380', '1998-07-07 21:30:18', 85, 14, 'Buyers', '2020-03-08 11:39:23');
insert into contacts (id, name, surname, email, phone, birthday, company_id, manager_id, contact_role, created_at) values (182, 'Kaylyn', 'Molder', 'kmolder51@si.edu', '8021002092', '1975-10-15 21:00:33', 17, 2, 'CFO', '2020-06-17 20:47:20');
insert into contacts (id, name, surname, email, phone, birthday, company_id, manager_id, contact_role, created_at) values (183, 'Ripley', 'Eynaud', 'reynaud52@dell.com', '4086180923', '1994-03-24 11:58:21', 7, 19, 'Sales', '2019-12-11 02:21:28');
insert into contacts (id, name, surname, email, phone, birthday, company_id, manager_id, contact_role, created_at) values (184, 'Lawton', 'Bottjer', 'lbottjer53@soundcloud.com', '4066676270', '1977-12-19 03:22:00', 81, 10, 'Sales', '2020-09-27 00:26:48');
insert into contacts (id, name, surname, email, phone, birthday, company_id, manager_id, contact_role, created_at) values (185, 'Barde', 'Rawstron', 'brawstron54@simplemachines.org', '5573551753', '1975-03-24 18:46:55', 31, 16, 'Sales', '2019-11-23 23:45:21');
insert into contacts (id, name, surname, email, phone, birthday, company_id, manager_id, contact_role, created_at) values (186, 'Hugh', 'Twiddell', 'htwiddell55@thetimes.co.uk', '7397992643', '1990-12-15 21:24:03', 150, 8, 'Sales', '2020-04-09 22:36:18');
insert into contacts (id, name, surname, email, phone, birthday, company_id, manager_id, contact_role, created_at) values (187, 'Sibylle', 'Rumin', 'srumin56@princeton.edu', '2875050495', '1987-10-07 17:27:29', 102, 17, 'CFO', '2020-09-06 15:32:21');
insert into contacts (id, name, surname, email, phone, birthday, company_id, manager_id, contact_role, created_at) values (188, 'Griffie', 'Heinert', 'gheinert57@sourceforge.net', '3727427260', '1971-03-12 00:43:12', 61, 16, 'Engineer', '2020-10-07 06:22:47');
insert into contacts (id, name, surname, email, phone, birthday, company_id, manager_id, contact_role, created_at) values (189, 'Catherin', 'Glendenning', 'cglendenning58@yandex.ru', '8251476988', '1980-10-19 16:58:07', 140, 12, 'Engineer', '2020-02-02 06:17:17');
insert into contacts (id, name, surname, email, phone, birthday, company_id, manager_id, contact_role, created_at) values (190, 'Eolanda', 'Peyro', 'epeyro59@blog.com', '3864792570', '1990-03-18 07:18:16', 142, 19, 'CFO', '2020-07-09 01:24:16');
insert into contacts (id, name, surname, email, phone, birthday, company_id, manager_id, contact_role, created_at) values (191, 'Karel', 'Pedersen', 'kpedersen5a@soup.io', '7736493468', '1986-12-27 16:11:49', 51, 4, 'Engineer', '2020-05-29 02:40:21');
insert into contacts (id, name, surname, email, phone, birthday, company_id, manager_id, contact_role, created_at) values (192, 'Rebe', 'Carff', 'rcarff5b@tuttocitta.it', '8341812880', '1992-12-16 16:15:06', 59, 17, 'CEO', '2020-07-12 02:53:54');
insert into contacts (id, name, surname, email, phone, birthday, company_id, manager_id, contact_role, created_at) values (193, 'Lynnett', 'Cartin', 'lcartin5c@squarespace.com', '1776664997', '1976-10-04 19:36:41', 70, 14, 'Buyers', '2019-11-13 18:37:53');
insert into contacts (id, name, surname, email, phone, birthday, company_id, manager_id, contact_role, created_at) values (194, 'Vernen', 'Folbige', 'vfolbige5d@addtoany.com', '4278272641', '1981-10-11 20:48:57', 68, 11, 'CIO', '2020-07-06 11:56:19');
insert into contacts (id, name, surname, email, phone, birthday, company_id, manager_id, contact_role, created_at) values (195, 'Minette', 'Banasiak', 'mbanasiak5e@csmonitor.com', '6496375573', '1979-02-16 14:35:57', 132, 16, 'Engineer', '2020-01-18 02:53:11');
insert into contacts (id, name, surname, email, phone, birthday, company_id, manager_id, contact_role, created_at) values (196, 'Aprilette', 'Caudrelier', 'acaudrelier5f@geocities.com', '8004919597', '1990-01-23 04:50:40', 49, 7, 'CIO', '2020-03-13 05:57:40');
insert into contacts (id, name, surname, email, phone, birthday, company_id, manager_id, contact_role, created_at) values (197, 'Adella', 'Rangle', 'arangle5g@umich.edu', '2814362617', '1981-10-21 19:13:59', 146, 16, 'CEO', '2020-06-02 02:25:03');
insert into contacts (id, name, surname, email, phone, birthday, company_id, manager_id, contact_role, created_at) values (198, 'Danya', 'Asch', 'dasch5h@youku.com', '9933994691', '1998-05-10 23:56:36', 115, 20, 'Sales', '2019-11-08 08:14:19');
insert into contacts (id, name, surname, email, phone, birthday, company_id, manager_id, contact_role, created_at) values (199, 'Orton', 'Comford', 'ocomford5i@com.com', '7238439056', '1996-01-05 00:04:34', 40, 20, 'Engineer', '2020-06-13 22:21:04');
insert into contacts (id, name, surname, email, phone, birthday, company_id, manager_id, contact_role, created_at) values (200, 'Seth', 'Mangin', 'smangin5j@guardian.co.uk', '7274500928', '1984-03-09 18:48:36', 54, 5, 'Sales', '2020-09-23 04:03:56');
insert into contacts (id, name, surname, email, phone, birthday, company_id, manager_id, contact_role, created_at) values (201, 'Bertha', 'Corneljes', 'bcorneljes5k@google.cn', '5584432801', '1974-08-12 03:40:51', 41, 8, 'CEO', '2020-06-19 09:58:06');
insert into contacts (id, name, surname, email, phone, birthday, company_id, manager_id, contact_role, created_at) values (202, 'Torrence', 'Ulrik', 'tulrik5l@list-manage.com', '4149750750', '2000-04-03 16:07:57', 104, 14, 'Engineer', '2020-09-15 03:12:07');
insert into contacts (id, name, surname, email, phone, birthday, company_id, manager_id, contact_role, created_at) values (203, 'Geraldine', 'Pordal', 'gpordal5m@prweb.com', '4553926604', '1972-07-28 05:20:28', 71, 9, 'Sales', '2020-06-01 21:10:47');
insert into contacts (id, name, surname, email, phone, birthday, company_id, manager_id, contact_role, created_at) values (204, 'Harli', 'Gane', 'hgane5n@indiegogo.com', '5324473243', '1972-09-06 23:19:04', 141, 4, 'Sales', '2020-01-16 13:06:30');
insert into contacts (id, name, surname, email, phone, birthday, company_id, manager_id, contact_role, created_at) values (205, 'Janos', 'Trainer', 'jtrainer5o@sun.com', '1485223908', '1977-05-28 08:16:25', 149, 4, 'Sales', '2020-05-28 09:48:12');
insert into contacts (id, name, surname, email, phone, birthday, company_id, manager_id, contact_role, created_at) values (206, 'Raf', 'Shafto', 'rshafto5p@chron.com', '3866186708', '1971-10-16 12:02:02', 14, 12, 'Sales', '2020-03-15 04:07:13');
insert into contacts (id, name, surname, email, phone, birthday, company_id, manager_id, contact_role, created_at) values (207, 'Una', 'Temple', 'utemple5q@omniture.com', '4416996256', '1973-11-17 14:20:41', 75, 11, 'CEO', '2020-03-15 18:15:48');
insert into contacts (id, name, surname, email, phone, birthday, company_id, manager_id, contact_role, created_at) values (208, 'Noel', 'Covell', 'ncovell5r@i2i.jp', '7268055544', '2001-10-12 14:03:04', 102, 8, 'CEO', '2020-04-24 11:18:17');
insert into contacts (id, name, surname, email, phone, birthday, company_id, manager_id, contact_role, created_at) values (209, 'Timothy', 'Andriulis', 'tandriulis5s@icio.us', '4855163300', '1988-09-06 09:17:13', 5, 9, 'CEO', '2020-05-01 20:26:29');
insert into contacts (id, name, surname, email, phone, birthday, company_id, manager_id, contact_role, created_at) values (210, 'Loella', 'Atheis', 'latheis5t@google.com', '4229026441', '1980-01-28 20:24:54', 92, 19, 'CFO', '2020-02-25 03:50:24');
insert into contacts (id, name, surname, email, phone, birthday, company_id, manager_id, contact_role, created_at) values (211, 'Jasmina', 'Arendsen', 'jarendsen5u@fda.gov', '8962103611', '1971-05-26 07:36:35', 116, 4, 'CFO', '2020-10-10 18:03:22');
insert into contacts (id, name, surname, email, phone, birthday, company_id, manager_id, contact_role, created_at) values (212, 'Beverie', 'Wallworth', 'bwallworth5v@seesaa.net', '7935394787', '1997-06-12 22:22:56', 142, 18, 'Sales', '2020-02-15 05:42:05');
insert into contacts (id, name, surname, email, phone, birthday, company_id, manager_id, contact_role, created_at) values (213, 'Joseito', 'Netherwood', 'jnetherwood5w@sohu.com', '9939301021', '1994-05-09 08:40:51', 14, 1, 'CFO', '2020-04-23 21:53:32');
insert into contacts (id, name, surname, email, phone, birthday, company_id, manager_id, contact_role, created_at) values (214, 'Samara', 'Ranald', 'sranald5x@phpbb.com', '7889082286', '1995-06-15 12:16:22', 131, 11, 'CFO', '2020-10-20 08:17:38');
insert into contacts (id, name, surname, email, phone, birthday, company_id, manager_id, contact_role, created_at) values (215, 'Archaimbaud', 'Boughey', 'aboughey5y@miibeian.gov.cn', '7815504996', '1982-10-11 20:10:00', 25, 18, 'CEO', '2019-12-21 16:20:21');
insert into contacts (id, name, surname, email, phone, birthday, company_id, manager_id, contact_role, created_at) values (216, 'Pietra', 'Philcox', 'pphilcox5z@hubpages.com', '2155082502', '2000-11-07 18:40:57', 129, 2, 'Engineer', '2020-04-26 23:40:26');
insert into contacts (id, name, surname, email, phone, birthday, company_id, manager_id, contact_role, created_at) values (217, 'Janene', 'Surgen', 'jsurgen60@jugem.jp', '4412219320', '1983-02-25 06:47:02', 73, 20, 'CIO', '2020-09-15 06:39:30');
insert into contacts (id, name, surname, email, phone, birthday, company_id, manager_id, contact_role, created_at) values (218, 'Kort', 'Chatwood', 'kchatwood61@dot.gov', '8791545769', '1972-06-13 11:13:53', 72, 16, 'Sales', '2020-02-08 19:20:13');
insert into contacts (id, name, surname, email, phone, birthday, company_id, manager_id, contact_role, created_at) values (219, 'Mead', 'Josephy', 'mjosephy62@joomla.org', '3462461423', '1990-10-13 14:44:29', 141, 1, 'Buyers', '2020-10-10 17:33:18');
insert into contacts (id, name, surname, email, phone, birthday, company_id, manager_id, contact_role, created_at) values (220, 'Maudie', 'Chong', 'mchong63@stumbleupon.com', '9317251937', '1979-07-24 19:27:35', 144, 5, 'CIO', '2019-12-17 12:21:49');
insert into contacts (id, name, surname, email, phone, birthday, company_id, manager_id, contact_role, created_at) values (221, 'Jerrilee', 'Sprasen', 'jsprasen64@cam.ac.uk', '1392807039', '1988-07-13 06:49:07', 123, 3, 'CIO', '2019-12-24 13:18:46');
insert into contacts (id, name, surname, email, phone, birthday, company_id, manager_id, contact_role, created_at) values (222, 'Rena', 'Culpan', 'rculpan65@reuters.com', '3115990849', '1985-11-24 13:11:26', 27, 15, 'CIO', '2020-10-13 22:04:24');
insert into contacts (id, name, surname, email, phone, birthday, company_id, manager_id, contact_role, created_at) values (223, 'Augie', 'Antognazzi', 'aantognazzi66@hugedomains.com', '3615889997', '1986-10-14 02:25:30', 115, 2, 'Engineer', '2020-02-18 00:30:05');
insert into contacts (id, name, surname, email, phone, birthday, company_id, manager_id, contact_role, created_at) values (224, 'Michele', 'McAtamney', 'mmcatamney67@wufoo.com', '5022681188', '1986-07-11 00:06:07', 135, 17, 'Sales', '2020-05-13 02:20:19');
insert into contacts (id, name, surname, email, phone, birthday, company_id, manager_id, contact_role, created_at) values (225, 'Olive', 'Felce', 'ofelce68@washington.edu', '1868923235', '1998-11-22 13:05:42', 104, 8, 'Engineer', '2020-07-26 08:15:14');
insert into contacts (id, name, surname, email, phone, birthday, company_id, manager_id, contact_role, created_at) values (226, 'Bernie', 'Hollyard', 'bhollyard69@army.mil', '8794637375', '1981-10-24 10:31:46', 131, 8, 'CEO', '2020-03-23 05:16:04');
insert into contacts (id, name, surname, email, phone, birthday, company_id, manager_id, contact_role, created_at) values (227, 'Krissie', 'Fryers', 'kfryers6a@lulu.com', '6945803616', '1979-12-22 02:51:15', 96, 9, 'Buyers', '2020-08-02 06:25:59');
insert into contacts (id, name, surname, email, phone, birthday, company_id, manager_id, contact_role, created_at) values (228, 'Marsha', 'MacMaster', 'mmacmaster6b@cdc.gov', '8431589153', '1983-02-13 01:50:07', 147, 14, 'Engineer', '2019-10-31 15:54:19');
insert into contacts (id, name, surname, email, phone, birthday, company_id, manager_id, contact_role, created_at) values (229, 'Janeczka', 'Gaither', 'jgaither6c@bing.com', '2238570520', '1975-03-22 04:12:31', 39, 4, 'Engineer', '2020-10-04 12:52:55');
insert into contacts (id, name, surname, email, phone, birthday, company_id, manager_id, contact_role, created_at) values (230, 'Henriette', 'Surgenor', 'hsurgenor6d@seattletimes.com', '4606681243', '1991-06-12 21:32:26', 130, 12, 'CFO', '2020-05-26 02:02:53');
insert into contacts (id, name, surname, email, phone, birthday, company_id, manager_id, contact_role, created_at) values (231, 'Timothee', 'Adlard', 'tadlard6e@telegraph.co.uk', '9616271418', '1993-06-01 02:50:37', 81, 19, 'Engineer', '2020-04-17 21:56:03');
insert into contacts (id, name, surname, email, phone, birthday, company_id, manager_id, contact_role, created_at) values (232, 'Glenna', 'Gebb', 'ggebb6f@go.com', '9771566460', '1977-06-15 12:43:10', 145, 1, 'CFO', '2020-03-14 17:18:04');
insert into contacts (id, name, surname, email, phone, birthday, company_id, manager_id, contact_role, created_at) values (233, 'Pattie', 'Bockh', 'pbockh6g@dedecms.com', '3676360432', '1988-10-09 10:34:16', 79, 13, 'Engineer', '2020-05-15 00:41:58');
insert into contacts (id, name, surname, email, phone, birthday, company_id, manager_id, contact_role, created_at) values (234, 'Steward', 'Cassy', 'scassy6h@whitehouse.gov', '8404353849', '1977-12-31 07:16:04', 123, 16, 'Buyers', '2019-12-22 10:23:58');
insert into contacts (id, name, surname, email, phone, birthday, company_id, manager_id, contact_role, created_at) values (235, 'Eddie', 'Dury', 'edury6i@unblog.fr', '6361640220', '1979-09-26 14:00:04', 78, 16, 'Sales', '2020-01-12 18:14:35');
insert into contacts (id, name, surname, email, phone, birthday, company_id, manager_id, contact_role, created_at) values (236, 'Kris', 'Coleiro', 'kcoleiro6j@macromedia.com', '2642412458', '1985-09-08 14:34:31', 39, 20, 'Sales', '2020-05-24 09:23:50');
insert into contacts (id, name, surname, email, phone, birthday, company_id, manager_id, contact_role, created_at) values (237, 'Jobey', 'Perotti', 'jperotti6k@meetup.com', '8704040649', '1988-11-22 03:39:23', 38, 17, 'Sales', '2020-05-24 05:26:57');
insert into contacts (id, name, surname, email, phone, birthday, company_id, manager_id, contact_role, created_at) values (238, 'Alain', 'Sidey', 'asidey6l@marriott.com', '5238332088', '1991-01-06 13:45:31', 13, 14, 'CFO', '2020-02-24 21:55:17');
insert into contacts (id, name, surname, email, phone, birthday, company_id, manager_id, contact_role, created_at) values (239, 'York', 'Whales', 'ywhales6m@timesonline.co.uk', '9128510965', '1995-02-26 12:14:27', 5, 19, 'CEO', '2020-01-24 02:17:37');
insert into contacts (id, name, surname, email, phone, birthday, company_id, manager_id, contact_role, created_at) values (240, 'Jard', 'Matushenko', 'jmatushenko6n@msu.edu', '9076670098', '1978-06-21 10:48:39', 120, 14, 'Engineer', '2019-12-13 12:24:30');
insert into contacts (id, name, surname, email, phone, birthday, company_id, manager_id, contact_role, created_at) values (241, 'Marlie', 'Avarne', 'mavarne6o@sina.com.cn', '1911396067', '1988-09-23 04:31:33', 134, 12, 'CEO', '2020-06-05 07:37:55');
insert into contacts (id, name, surname, email, phone, birthday, company_id, manager_id, contact_role, created_at) values (242, 'Tanhya', 'Neubigin', 'tneubigin6p@photobucket.com', '8446969434', '1997-12-02 19:46:10', 26, 4, 'CFO', '2020-03-03 22:56:03');
insert into contacts (id, name, surname, email, phone, birthday, company_id, manager_id, contact_role, created_at) values (243, 'Anna-diane', 'Derges', 'aderges6q@upenn.edu', '2324321348', '1979-10-27 04:55:09', 147, 2, 'Sales', '2020-05-01 20:00:09');
insert into contacts (id, name, surname, email, phone, birthday, company_id, manager_id, contact_role, created_at) values (244, 'Harper', 'Geraud', 'hgeraud6r@istockphoto.com', '3923863966', '1991-02-20 08:26:43', 3, 11, 'Sales', '2020-02-19 03:32:05');
insert into contacts (id, name, surname, email, phone, birthday, company_id, manager_id, contact_role, created_at) values (245, 'Elna', 'Mountney', 'emountney6s@amazon.de', '6158587810', '1997-10-22 01:32:25', 83, 10, 'Sales', '2019-11-03 11:37:25');
insert into contacts (id, name, surname, email, phone, birthday, company_id, manager_id, contact_role, created_at) values (246, 'Jayson', 'Petrolli', 'jpetrolli6t@engadget.com', '3319793895', '1984-03-08 22:34:54', 13, 14, 'Engineer', '2020-08-10 07:58:11');
insert into contacts (id, name, surname, email, phone, birthday, company_id, manager_id, contact_role, created_at) values (247, 'Alexandra', 'Koenraad', 'akoenraad6u@google.de', '4313614659', '1985-12-23 08:41:26', 130, 7, 'CFO', '2020-07-19 08:45:08');
insert into contacts (id, name, surname, email, phone, birthday, company_id, manager_id, contact_role, created_at) values (248, 'Allayne', 'Boakes', 'aboakes6v@myspace.com', '4787125168', '1986-09-14 07:44:44', 133, 12, 'CIO', '2020-08-21 23:41:43');
insert into contacts (id, name, surname, email, phone, birthday, company_id, manager_id, contact_role, created_at) values (249, 'Colene', 'Muat', 'cmuat6w@devhub.com', '3669202167', '1982-10-30 17:30:20', 39, 10, 'Engineer', '2020-09-29 11:06:50');
insert into contacts (id, name, surname, email, phone, birthday, company_id, manager_id, contact_role, created_at) values (250, 'Emmaline', 'Vassman', 'evassman6x@intel.com', '4312255179', '1988-05-24 13:44:57', 77, 8, 'Sales', '2019-12-04 20:36:59');
insert into contacts (id, name, surname, email, phone, birthday, company_id, manager_id, contact_role, created_at) values (251, 'Anderea', 'Bunkle', 'abunkle6y@dion.ne.jp', '3752605618', '1974-09-10 18:14:46', 50, 7, 'Engineer', '2020-03-31 07:04:55');
insert into contacts (id, name, surname, email, phone, birthday, company_id, manager_id, contact_role, created_at) values (252, 'Caleb', 'Paylie', 'cpaylie6z@devhub.com', '4394713070', '1999-10-09 17:56:53', 53, 9, 'CFO', '2020-03-01 15:07:47');
insert into contacts (id, name, surname, email, phone, birthday, company_id, manager_id, contact_role, created_at) values (253, 'Jeralee', 'Matevushev', 'jmatevushev70@odnoklassniki.ru', '2614568735', '1996-03-28 02:05:22', 137, 20, 'CFO', '2019-12-24 16:18:02');
insert into contacts (id, name, surname, email, phone, birthday, company_id, manager_id, contact_role, created_at) values (254, 'Kelsey', 'Astle', 'kastle71@blogtalkradio.com', '5712481035', '1994-12-15 21:26:34', 27, 12, 'CIO', '2019-12-02 21:35:30');
insert into contacts (id, name, surname, email, phone, birthday, company_id, manager_id, contact_role, created_at) values (255, 'Estel', 'Alger', 'ealger72@woothemes.com', '8676942849', '1991-06-14 17:56:42', 138, 16, 'CEO', '2020-07-03 02:40:57');
insert into contacts (id, name, surname, email, phone, birthday, company_id, manager_id, contact_role, created_at) values (256, 'Penelopa', 'Braunes', 'pbraunes73@cargocollective.com', '6201865199', '1972-12-01 00:17:32', 38, 13, 'Buyers', '2020-10-06 16:48:03');
insert into contacts (id, name, surname, email, phone, birthday, company_id, manager_id, contact_role, created_at) values (257, 'Karolina', 'Troucher', 'ktroucher74@com.com', '8746846341', '1989-12-08 12:25:45', 4, 8, 'Engineer', '2020-08-02 21:55:12');
insert into contacts (id, name, surname, email, phone, birthday, company_id, manager_id, contact_role, created_at) values (258, 'Marguerite', 'Crockatt', 'mcrockatt75@usda.gov', '3765747891', '1994-01-18 20:47:51', 19, 10, 'Engineer', '2020-01-06 00:17:35');
insert into contacts (id, name, surname, email, phone, birthday, company_id, manager_id, contact_role, created_at) values (259, 'Adan', 'Wilshin', 'awilshin76@uol.com.br', '4481844818', '1984-09-15 08:01:23', 13, 18, 'Engineer', '2020-03-19 16:25:46');
insert into contacts (id, name, surname, email, phone, birthday, company_id, manager_id, contact_role, created_at) values (260, 'Ancell', 'Bilbrook', 'abilbrook77@ox.ac.uk', '3571836531', '1980-05-28 12:09:42', 109, 7, 'CFO', '2020-01-09 12:53:39');
insert into contacts (id, name, surname, email, phone, birthday, company_id, manager_id, contact_role, created_at) values (261, 'Merna', 'Bachshell', 'mbachshell78@nymag.com', '2242744510', '1998-12-15 14:04:23', 91, 13, 'Engineer', '2020-07-23 05:55:42');
insert into contacts (id, name, surname, email, phone, birthday, company_id, manager_id, contact_role, created_at) values (262, 'Kaylee', 'Grayer', 'kgrayer79@usgs.gov', '8611614175', '1998-08-15 21:26:36', 90, 20, 'CIO', '2020-08-11 14:43:59');
insert into contacts (id, name, surname, email, phone, birthday, company_id, manager_id, contact_role, created_at) values (263, 'Gabriel', 'Oret', 'goret7a@weather.com', '8584817290', '1990-05-28 16:22:32', 132, 17, 'CFO', '2020-05-23 04:12:45');
insert into contacts (id, name, surname, email, phone, birthday, company_id, manager_id, contact_role, created_at) values (264, 'Vivia', 'Sadler', 'vsadler7b@zimbio.com', '8992048067', '1980-05-15 05:57:45', 121, 9, 'Sales', '2019-12-08 17:49:06');
insert into contacts (id, name, surname, email, phone, birthday, company_id, manager_id, contact_role, created_at) values (265, 'Farr', 'Hare', 'fhare7c@tinyurl.com', '4455461713', '1979-08-31 23:49:02', 54, 19, 'Engineer', '2020-01-22 00:51:30');
insert into contacts (id, name, surname, email, phone, birthday, company_id, manager_id, contact_role, created_at) values (266, 'Bethanne', 'Salmon', 'bsalmon7d@yahoo.co.jp', '9565852085', '2000-08-15 17:29:14', 148, 1, 'Engineer', '2020-05-04 21:24:16');
insert into contacts (id, name, surname, email, phone, birthday, company_id, manager_id, contact_role, created_at) values (267, 'Dinah', 'Conant', 'dconant7e@themeforest.net', '3998552777', '1991-11-29 14:47:30', 89, 8, 'CEO', '2019-12-04 02:46:41');
insert into contacts (id, name, surname, email, phone, birthday, company_id, manager_id, contact_role, created_at) values (268, 'Georgy', 'Galletley', 'ggalletley7f@ucoz.ru', '8064721053', '1974-05-02 12:21:17', 37, 3, 'Sales', '2020-06-04 19:46:48');
insert into contacts (id, name, surname, email, phone, birthday, company_id, manager_id, contact_role, created_at) values (269, 'Fancy', 'Brampton', 'fbrampton7g@ebay.com', '5735103818', '1986-12-25 13:09:41', 90, 7, 'Buyers', '2020-08-04 11:53:03');
insert into contacts (id, name, surname, email, phone, birthday, company_id, manager_id, contact_role, created_at) values (270, 'Ramona', 'Cockrill', 'rcockrill7h@ifeng.com', '4601583770', '1971-04-09 16:57:27', 128, 18, 'CFO', '2020-02-12 11:01:13');
insert into contacts (id, name, surname, email, phone, birthday, company_id, manager_id, contact_role, created_at) values (271, 'Caesar', 'Grunnell', 'cgrunnell7i@bloglines.com', '3948554597', '1982-09-30 21:33:10', 136, 6, 'Engineer', '2019-10-30 03:31:49');
insert into contacts (id, name, surname, email, phone, birthday, company_id, manager_id, contact_role, created_at) values (272, 'Reidar', 'Rubinshtein', 'rrubinshtein7j@canalblog.com', '8653853536', '1984-03-12 07:38:38', 109, 7, 'Engineer', '2019-11-02 08:57:23');
insert into contacts (id, name, surname, email, phone, birthday, company_id, manager_id, contact_role, created_at) values (273, 'Zulema', 'Renney', 'zrenney7k@upenn.edu', '3836414718', '1999-04-05 12:09:58', 61, 8, 'Buyers', '2020-01-07 17:37:34');
insert into contacts (id, name, surname, email, phone, birthday, company_id, manager_id, contact_role, created_at) values (274, 'Silvanus', 'Ashwin', 'sashwin7l@geocities.jp', '9525788536', '1979-03-13 23:08:23', 37, 2, 'Buyers', '2020-02-10 02:54:35');
insert into contacts (id, name, surname, email, phone, birthday, company_id, manager_id, contact_role, created_at) values (275, 'Taffy', 'McCambridge', 'tmccambridge7m@telegraph.co.uk', '2348048962', '1998-06-16 21:36:20', 81, 13, 'Engineer', '2020-05-28 15:56:30');
insert into contacts (id, name, surname, email, phone, birthday, company_id, manager_id, contact_role, created_at) values (276, 'Ailene', 'Minors', 'aminors7n@cnet.com', '7753899953', '1991-01-10 01:45:23', 19, 3, 'Sales', '2020-10-05 01:28:00');
insert into contacts (id, name, surname, email, phone, birthday, company_id, manager_id, contact_role, created_at) values (277, 'Leona', 'Bairstow', 'lbairstow7o@wsj.com', '8689831336', '1974-06-23 21:17:59', 36, 5, 'Engineer', '2020-09-16 09:40:19');
insert into contacts (id, name, surname, email, phone, birthday, company_id, manager_id, contact_role, created_at) values (278, 'Torr', 'Moscrop', 'tmoscrop7p@about.me', '4823442792', '1998-01-14 16:57:20', 9, 20, 'CIO', '2019-12-10 20:34:44');
insert into contacts (id, name, surname, email, phone, birthday, company_id, manager_id, contact_role, created_at) values (279, 'Had', 'Kelemen', 'hkelemen7q@oracle.com', '7658084332', '2002-09-24 03:40:56', 2, 17, 'CFO', '2020-10-06 13:09:07');
insert into contacts (id, name, surname, email, phone, birthday, company_id, manager_id, contact_role, created_at) values (280, 'Cordula', 'Romanet', 'cromanet7r@51.la', '6331742938', '1975-08-31 20:03:07', 81, 11, 'CIO', '2020-08-14 09:51:09');
insert into contacts (id, name, surname, email, phone, birthday, company_id, manager_id, contact_role, created_at) values (281, 'Jayne', 'Adami', 'jadami7s@examiner.com', '3778163855', '1985-07-12 15:20:11', 71, 20, 'Sales', '2020-02-16 04:28:24');
insert into contacts (id, name, surname, email, phone, birthday, company_id, manager_id, contact_role, created_at) values (282, 'Malinda', 'Petrelli', 'mpetrelli7t@patch.com', '1372474047', '1984-10-31 06:10:39', 135, 19, 'CFO', '2020-07-30 07:44:32');
insert into contacts (id, name, surname, email, phone, birthday, company_id, manager_id, contact_role, created_at) values (283, 'Melicent', 'Niche', 'mniche7u@si.edu', '9098439965', '1980-08-15 23:46:53', 86, 11, 'Buyers', '2019-11-19 02:12:01');
insert into contacts (id, name, surname, email, phone, birthday, company_id, manager_id, contact_role, created_at) values (284, 'Conn', 'Senton', 'csenton7v@skyrock.com', '8027821258', '2001-09-07 09:09:38', 114, 2, 'CFO', '2020-09-22 20:03:27');
insert into contacts (id, name, surname, email, phone, birthday, company_id, manager_id, contact_role, created_at) values (285, 'Daune', 'Hammon', 'dhammon7w@canalblog.com', '6599437890', '1992-10-24 15:58:17', 19, 8, 'Engineer', '2020-08-13 03:36:03');
insert into contacts (id, name, surname, email, phone, birthday, company_id, manager_id, contact_role, created_at) values (286, 'Jarib', 'Elcott', 'jelcott7x@hubpages.com', '9785595051', '2001-06-17 17:40:55', 6, 2, 'CEO', '2020-09-15 14:32:19');
insert into contacts (id, name, surname, email, phone, birthday, company_id, manager_id, contact_role, created_at) values (287, 'Florinda', 'Thewlis', 'fthewlis7y@google.com', '1796582921', '1981-04-26 15:32:35', 75, 5, 'Buyers', '2020-10-04 12:49:39');
insert into contacts (id, name, surname, email, phone, birthday, company_id, manager_id, contact_role, created_at) values (288, 'Ofelia', 'Lauchlan', 'olauchlan7z@google.ru', '5862547783', '1997-03-25 02:20:48', 145, 9, 'CFO', '2020-10-14 07:59:28');
insert into contacts (id, name, surname, email, phone, birthday, company_id, manager_id, contact_role, created_at) values (289, 'Randolph', 'Astlet', 'rastlet80@unc.edu', '2676158592', '1973-03-10 17:27:54', 147, 8, 'CIO', '2020-02-14 22:16:11');
insert into contacts (id, name, surname, email, phone, birthday, company_id, manager_id, contact_role, created_at) values (290, 'Rayner', 'Shipperbottom', 'rshipperbottom81@tripod.com', '5726205622', '1993-09-30 03:52:23', 69, 15, 'CIO', '2020-01-30 01:16:25');
insert into contacts (id, name, surname, email, phone, birthday, company_id, manager_id, contact_role, created_at) values (291, 'Demetri', 'Buckeridge', 'dbuckeridge82@paypal.com', '9996621569', '1974-05-27 03:36:25', 42, 18, 'CEO', '2020-07-14 19:29:37');
insert into contacts (id, name, surname, email, phone, birthday, company_id, manager_id, contact_role, created_at) values (292, 'Jack', 'Martinet', 'jmartinet83@ask.com', '9184696819', '1991-05-26 20:26:16', 110, 7, 'CIO', '2019-12-08 23:14:45');
insert into contacts (id, name, surname, email, phone, birthday, company_id, manager_id, contact_role, created_at) values (293, 'Stefano', 'Braunthal', 'sbraunthal84@stumbleupon.com', '5497829199', '1999-06-10 06:41:41', 28, 18, 'Buyers', '2019-12-05 03:06:27');
insert into contacts (id, name, surname, email, phone, birthday, company_id, manager_id, contact_role, created_at) values (294, 'Gian', 'Tomet', 'gtomet85@npr.org', '3614804128', '1972-06-21 16:44:59', 10, 8, 'Buyers', '2020-06-01 00:04:45');
insert into contacts (id, name, surname, email, phone, birthday, company_id, manager_id, contact_role, created_at) values (295, 'Jaquenette', 'Eggins', 'jeggins86@hud.gov', '1197673460', '2002-09-22 20:14:14', 131, 14, 'Sales', '2020-01-06 08:47:40');
insert into contacts (id, name, surname, email, phone, birthday, company_id, manager_id, contact_role, created_at) values (296, 'Brandyn', 'Raecroft', 'braecroft87@tripadvisor.com', '1304308713', '1983-02-06 01:12:26', 39, 6, 'CFO', '2020-05-28 11:20:26');
insert into contacts (id, name, surname, email, phone, birthday, company_id, manager_id, contact_role, created_at) values (297, 'Filberte', 'Shirlaw', 'fshirlaw88@senate.gov', '8562001060', '1973-02-04 22:22:45', 21, 8, 'Sales', '2020-07-02 01:30:09');
insert into contacts (id, name, surname, email, phone, birthday, company_id, manager_id, contact_role, created_at) values (298, 'Myrtia', 'Bolingbroke', 'mbolingbroke89@illinois.edu', '9876174497', '1973-11-05 02:05:59', 91, 14, 'Sales', '2019-12-06 12:43:51');
insert into contacts (id, name, surname, email, phone, birthday, company_id, manager_id, contact_role, created_at) values (299, 'Tammara', 'McOwen', 'tmcowen8a@instagram.com', '2429763588', '1984-11-19 01:07:42', 60, 19, 'CEO', '2020-06-12 01:28:38');
insert into contacts (id, name, surname, email, phone, birthday, company_id, manager_id, contact_role, created_at) values (300, 'Victor', 'Gaveltone', 'vgaveltone8b@multiply.com', '5226203881', '1980-02-14 04:48:30', 18, 1, 'Engineer', '2020-05-30 14:04:16');

-- данные для deals
insert into chat (from_user, to_user, message, created_at) values (7, 19, 'Morbi vestibulum, velit id pretium iaculis, diam erat fermentum justo, nec condimentum neque sapien placerat ante. Nulla justo.', '2019-11-18 07:45:33');
insert into chat (from_user, to_user, message, created_at) values (17, 2, 'Nam dui.', '2020-10-12 15:07:18');
insert into chat (from_user, to_user, message, created_at) values (17, 9, 'Nullam sit amet turpis elementum ligula vehicula consequat. Morbi a ipsum.', '2020-02-27 05:10:22');
insert into chat (from_user, to_user, message, created_at) values (6, 20, 'Aenean lectus.', '2020-07-29 13:18:46');
insert into chat (from_user, to_user, message, created_at) values (15, 17, 'Vestibulum ante ipsum primis in faucibus orci luctus et ultrices posuere cubilia Curae; Donec pharetra, magna vestibulum aliquet ultrices, erat tortor sollicitudin mi, sit amet lobortis sapien sapien non mi. Integer ac neque.', '2019-11-08 21:57:51');
insert into chat (from_user, to_user, message, created_at) values (5, 4, 'Ut at dolor quis odio consequat varius. Integer ac leo.', '2019-12-31 16:50:05');
insert into chat (from_user, to_user, message, created_at) values (6, 1, 'Lorem ipsum dolor sit amet, consectetuer adipiscing elit.', '2020-09-11 00:27:01');
insert into chat (from_user, to_user, message, created_at) values (20, 4, 'Fusce congue, diam id ornare imperdiet, sapien urna pretium nisl, ut volutpat sapien arcu sed augue.', '2020-04-08 20:52:27');
insert into chat (from_user, to_user, message, created_at) values (3, 13, 'Duis mattis egestas metus. Aenean fermentum.', '2020-09-25 10:24:23');
insert into chat (from_user, to_user, message, created_at) values (11, 17, 'Vestibulum ante ipsum primis in faucibus orci luctus et ultrices posuere cubilia Curae; Donec pharetra, magna vestibulum aliquet ultrices, erat tortor sollicitudin mi, sit amet lobortis sapien sapien non mi. Integer ac neque.', '2019-10-29 11:06:25');
insert into chat (from_user, to_user, message, created_at) values (8, 20, 'Nunc rhoncus dui vel sem.', '2020-04-26 02:20:18');
insert into chat (from_user, to_user, message, created_at) values (19, 13, 'Vestibulum quam sapien, varius ut, blandit non, interdum in, ante. Vestibulum ante ipsum primis in faucibus orci luctus et ultrices posuere cubilia Curae; Duis faucibus accumsan odio.', '2019-10-29 20:15:42');
insert into chat (from_user, to_user, message, created_at) values (8, 20, 'Donec dapibus. Duis at velit eu est congue elementum.', '2020-02-13 22:52:12');
insert into chat (from_user, to_user, message, created_at) values (11, 3, 'Cras pellentesque volutpat dui. Maecenas tristique, est et tempus semper, est quam pharetra magna, ac consequat metus sapien ut nunc.', '2019-12-18 15:02:24');
insert into chat (from_user, to_user, message, created_at) values (19, 14, 'Nulla nisl.', '2020-07-17 16:33:51');
insert into chat (from_user, to_user, message, created_at) values (20, 8, 'Morbi quis tortor id nulla ultrices aliquet.', '2020-05-25 06:55:45');
insert into chat (from_user, to_user, message, created_at) values (1, 9, 'Vestibulum ac est lacinia nisi venenatis tristique. Fusce congue, diam id ornare imperdiet, sapien urna pretium nisl, ut volutpat sapien arcu sed augue.', '2020-09-11 04:23:31');
insert into chat (from_user, to_user, message, created_at) values (14, 8, 'Nullam varius. Nulla facilisi.', '2019-11-14 14:58:20');
insert into chat (from_user, to_user, message, created_at) values (3, 8, 'Duis bibendum. Morbi non quam nec dui luctus rutrum.', '2020-03-28 11:57:18');
insert into chat (from_user, to_user, message, created_at) values (11, 14, 'Praesent id massa id nisl venenatis lacinia. Aenean sit amet justo.', '2019-12-25 20:33:20');
insert into chat (from_user, to_user, message, created_at) values (16, 15, 'Morbi a ipsum. Integer a nibh.', '2020-08-24 02:21:08');
insert into chat (from_user, to_user, message, created_at) values (8, 17, 'Duis at velit eu est congue elementum.', '2020-03-12 16:44:39');
insert into chat (from_user, to_user, message, created_at) values (6, 9, 'Nullam porttitor lacus at turpis. Donec posuere metus vitae ipsum.', '2020-04-12 10:48:35');
insert into chat (from_user, to_user, message, created_at) values (5, 1, 'Morbi porttitor lorem id ligula.', '2019-12-07 01:56:51');
insert into chat (from_user, to_user, message, created_at) values (17, 9, 'Suspendisse accumsan tortor quis turpis. Sed ante.', '2020-02-04 16:37:45');
insert into chat (from_user, to_user, message, created_at) values (14, 15, 'Nullam varius.', '2020-10-14 15:29:28');
insert into chat (from_user, to_user, message, created_at) values (12, 15, 'Proin leo odio, porttitor id, consequat in, consequat ut, nulla.', '2019-11-19 05:57:29');
insert into chat (from_user, to_user, message, created_at) values (15, 6, 'Curabitur in libero ut massa volutpat convallis.', '2020-04-29 07:26:11');
insert into chat (from_user, to_user, message, created_at) values (7, 14, 'Integer tincidunt ante vel ipsum.', '2020-07-09 23:50:29');
insert into chat (from_user, to_user, message, created_at) values (1, 19, 'Donec semper sapien a libero.', '2020-07-07 05:39:44');

-- данные для tasks
insert into tasks (id, from_user, to_user, supervisor, company_id, task_discription, done_by_date, created_at, updateted_at) values (1, 11, 6, 6, 127, 'Quisque id justo sit amet sapien dignissim vestibulum. Vestibulum ante ipsum primis in faucibus orci luctus et ultrices posuere cubilia Curae; Nulla dapibus dolor vel est.', '2021-04-12 19:07:33', '2019-12-14 12:17:38', '2020-05-24 22:28:26');
insert into tasks (id, from_user, to_user, supervisor, company_id, task_discription, done_by_date, created_at, updateted_at) values (2, 1, 9, 9, 75, 'Fusce congue, diam id ornare imperdiet, sapien urna pretium nisl, ut volutpat sapien arcu sed augue.', '2021-03-02 06:47:32', '2020-05-04 09:11:13', '2019-11-24 08:08:05');
insert into tasks (id, from_user, to_user, supervisor, company_id, task_discription, done_by_date, created_at, updateted_at) values (3, 6, 9, 18, 148, 'Aenean auctor gravida sem. Praesent id massa id nisl venenatis lacinia.', '2021-03-02 08:20:34', '2020-09-02 09:34:22', '2020-04-07 23:44:45');
insert into tasks (id, from_user, to_user, supervisor, company_id, task_discription, done_by_date, created_at, updateted_at) values (4, 4, 6, 15, 69, 'Nulla ut erat id mauris vulputate elementum.', '2021-05-26 14:01:12', '2020-01-15 06:48:56', '2020-06-16 15:44:46');
insert into tasks (id, from_user, to_user, supervisor, company_id, task_discription, done_by_date, created_at, updateted_at) values (5, 12, 9, 3, 147, 'Integer pede justo, lacinia eget, tincidunt eget, tempus vel, pede. Morbi porttitor lorem id ligula. Suspendisse ornare consequat lectus.', '2021-09-13 15:34:27', '2019-10-31 10:44:41', '2020-01-01 08:05:13');
insert into tasks (id, from_user, to_user, supervisor, company_id, task_discription, done_by_date, created_at, updateted_at) values (6, 13, 6, 3, 98, 'Curabitur gravida nisi at nibh. In hac habitasse platea dictumst.', '2021-05-12 01:14:53', '2020-07-31 19:32:19', '2020-08-17 09:22:30');
insert into tasks (id, from_user, to_user, supervisor, company_id, task_discription, done_by_date, created_at, updateted_at) values (7, 1, 9, 11, 102, 'Duis consequat dui nec nisi volutpat eleifend.', '2020-12-09 03:37:53', '2020-03-26 23:12:48', '2020-05-01 07:14:49');
insert into tasks (id, from_user, to_user, supervisor, company_id, task_discription, done_by_date, created_at, updateted_at) values (8, 15, 6, 3, 47, 'Integer aliquet, massa id lobortis convallis, tortor risus dapibus augue, vel accumsan tellus nisi eu orci.', '2020-12-01 23:44:14', '2019-11-01 10:24:43', '2019-11-24 16:00:34');
insert into tasks (id, from_user, to_user, supervisor, company_id, task_discription, done_by_date, created_at, updateted_at) values (9, 4, 9, 17, 128, 'Cras mi pede, malesuada in, imperdiet et, commodo vulputate, justo. In blandit ultrices enim.', '2021-03-03 23:27:10', '2019-11-05 10:45:27', '2020-10-14 12:04:03');
insert into tasks (id, from_user, to_user, supervisor, company_id, task_discription, done_by_date, created_at, updateted_at) values (10, 1, 9, 10, 118, 'Aenean fermentum. Donec ut mauris eget massa tempor convallis.', '2021-08-23 06:39:20', '2020-05-22 16:52:15', '2020-05-18 12:52:23');
insert into tasks (id, from_user, to_user, supervisor, company_id, task_discription, done_by_date, created_at, updateted_at) values (11, 20, 9, 1, 56, 'Duis ac nibh.', '2021-08-11 15:17:39', '2020-03-13 11:06:59', '2019-12-07 14:25:35');
insert into tasks (id, from_user, to_user, supervisor, company_id, task_discription, done_by_date, created_at, updateted_at) values (12, 19, 6, 16, 6, 'Etiam vel augue. Vestibulum rutrum rutrum neque. Aenean auctor gravida sem.', '2021-03-10 14:25:16', '2019-10-26 09:38:07', '2020-07-16 06:43:37');
insert into tasks (id, from_user, to_user, supervisor, company_id, task_discription, done_by_date, created_at, updateted_at) values (13, 13, 9, 15, 76, 'Praesent lectus. Vestibulum quam sapien, varius ut, blandit non, interdum in, ante. Vestibulum ante ipsum primis in faucibus orci luctus et ultrices posuere cubilia Curae; Duis faucibus accumsan odio.', '2020-11-27 18:36:24', '2020-02-23 15:07:36', '2020-05-07 23:39:05');
insert into tasks (id, from_user, to_user, supervisor, company_id, task_discription, done_by_date, created_at, updateted_at) values (14, 1, 9, 9, 53, 'Integer ac leo.', '2020-12-11 15:37:28', '2020-07-24 21:16:07', '2020-07-04 07:10:01');
insert into tasks (id, from_user, to_user, supervisor, company_id, task_discription, done_by_date, created_at, updateted_at) values (15, 12, 9, 16, 112, 'Mauris enim leo, rhoncus sed, vestibulum sit amet, cursus id, turpis. Integer aliquet, massa id lobortis convallis, tortor risus dapibus augue, vel accumsan tellus nisi eu orci. Mauris lacinia sapien quis libero.', '2021-06-10 21:24:30', '2020-01-01 19:41:17', '2020-04-29 06:31:25');
insert into tasks (id, from_user, to_user, supervisor, company_id, task_discription, done_by_date, created_at, updateted_at) values (16, 2, 9, 4, 6, 'Suspendisse potenti. In eleifend quam a odio. In hac habitasse platea dictumst.', '2021-01-29 10:59:46', '2020-06-25 17:37:32', '2020-05-12 03:58:04');
insert into tasks (id, from_user, to_user, supervisor, company_id, task_discription, done_by_date, created_at, updateted_at) values (17, 7, 9, 19, 3, 'Vestibulum ante ipsum primis in faucibus orci luctus et ultrices posuere cubilia Curae; Mauris viverra diam vitae quam. Suspendisse potenti.', '2021-10-14 16:34:32', '2020-01-27 03:33:52', '2020-05-09 20:11:45');
insert into tasks (id, from_user, to_user, supervisor, company_id, task_discription, done_by_date, created_at, updateted_at) values (18, 19, 6, 17, 64, 'Mauris enim leo, rhoncus sed, vestibulum sit amet, cursus id, turpis. Integer aliquet, massa id lobortis convallis, tortor risus dapibus augue, vel accumsan tellus nisi eu orci. Mauris lacinia sapien quis libero.', '2021-09-08 13:06:51', '2020-01-22 03:02:24', '2019-12-18 06:05:45');
insert into tasks (id, from_user, to_user, supervisor, company_id, task_discription, done_by_date, created_at, updateted_at) values (19, 7, 6, 6, 13, 'Nulla neque libero, convallis eget, eleifend luctus, ultricies eu, nibh. Quisque id justo sit amet sapien dignissim vestibulum. Vestibulum ante ipsum primis in faucibus orci luctus et ultrices posuere cubilia Curae; Nulla dapibus dolor vel est.', '2020-12-24 20:21:58', '2020-04-28 06:59:41', '2020-07-07 07:29:09');
insert into tasks (id, from_user, to_user, supervisor, company_id, task_discription, done_by_date, created_at, updateted_at) values (20, 15, 6, 14, 35, 'Pellentesque at nulla. Suspendisse potenti.', '2021-08-21 23:50:17', '2019-11-03 06:40:43', '2020-09-04 02:48:24');
insert into tasks (id, from_user, to_user, supervisor, company_id, task_discription, done_by_date, created_at, updateted_at) values (21, 1, 9, 19, 16, 'Morbi odio odio, elementum eu, interdum eu, tincidunt in, leo. Maecenas pulvinar lobortis est. Phasellus sit amet erat.', '2021-06-04 23:29:11', '2020-07-06 14:30:38', '2020-07-08 10:47:00');
insert into tasks (id, from_user, to_user, supervisor, company_id, task_discription, done_by_date, created_at, updateted_at) values (22, 19, 9, 2, 109, 'Vivamus metus arcu, adipiscing molestie, hendrerit at, vulputate vitae, nisl. Aenean lectus.', '2020-12-22 05:05:03', '2020-07-21 00:09:02', '2020-03-24 01:17:38');
insert into tasks (id, from_user, to_user, supervisor, company_id, task_discription, done_by_date, created_at, updateted_at) values (23, 20, 6, 10, 42, 'Donec ut dolor. Morbi vel lectus in quam fringilla rhoncus. Mauris enim leo, rhoncus sed, vestibulum sit amet, cursus id, turpis.', '2021-01-25 13:43:53', '2020-03-07 16:43:12', '2020-07-10 10:15:38');
insert into tasks (id, from_user, to_user, supervisor, company_id, task_discription, done_by_date, created_at, updateted_at) values (24, 10, 6, 20, 45, 'Morbi non quam nec dui luctus rutrum. Nulla tellus. In sagittis dui vel nisl.', '2021-04-30 10:41:27', '2020-04-11 00:42:58', '2020-05-17 16:06:36');
insert into tasks (id, from_user, to_user, supervisor, company_id, task_discription, done_by_date, created_at, updateted_at) values (25, 20, 9, 3, 72, 'Sed sagittis.', '2020-11-21 01:26:37', '2020-02-07 09:31:32', '2020-08-10 18:24:00');
insert into tasks (id, from_user, to_user, supervisor, company_id, task_discription, done_by_date, created_at, updateted_at) values (26, 17, 6, 9, 148, 'Integer ac leo. Pellentesque ultrices mattis odio.', '2021-03-25 05:05:17', '2020-10-08 19:42:21', '2020-02-09 12:49:30');
insert into tasks (id, from_user, to_user, supervisor, company_id, task_discription, done_by_date, created_at, updateted_at) values (27, 10, 6, 11, 44, 'Donec posuere metus vitae ipsum. Aliquam non mauris.', '2021-05-07 16:42:55', '2020-02-24 04:10:55', '2019-11-02 06:49:51');
insert into tasks (id, from_user, to_user, supervisor, company_id, task_discription, done_by_date, created_at, updateted_at) values (28, 1, 9, 6, 68, 'Cras non velit nec nisi vulputate nonummy. Maecenas tincidunt lacus at velit.', '2021-05-26 10:05:39', '2019-11-19 08:07:12', '2020-01-09 07:33:42');
insert into tasks (id, from_user, to_user, supervisor, company_id, task_discription, done_by_date, created_at, updateted_at) values (29, 7, 9, 13, 59, 'In tempor, turpis nec euismod scelerisque, quam turpis adipiscing lorem, vitae mattis nibh ligula nec sem.', '2021-01-16 16:00:05', '2019-12-26 06:05:39', '2020-09-27 11:02:52');
insert into tasks (id, from_user, to_user, supervisor, company_id, task_discription, done_by_date, created_at, updateted_at) values (30, 10, 6, 11, 82, 'Proin interdum mauris non ligula pellentesque ultrices. Phasellus id sapien in sapien iaculis congue.', '2021-06-23 01:02:25', '2020-06-22 22:00:49', '2020-06-02 08:13:16');
insert into tasks (id, from_user, to_user, supervisor, company_id, task_discription, done_by_date, created_at, updateted_at) values (31, 2, 6, 11, 131, 'Aliquam augue quam, sollicitudin vitae, consectetuer eget, rutrum at, lorem. Integer tincidunt ante vel ipsum. Praesent blandit lacinia erat.', '2021-03-31 00:57:21', '2019-12-12 03:01:49', '2020-02-27 11:50:48');
insert into tasks (id, from_user, to_user, supervisor, company_id, task_discription, done_by_date, created_at, updateted_at) values (32, 14, 9, 18, 92, 'Etiam pretium iaculis justo.', '2021-04-28 03:10:21', '2020-10-10 18:13:20', '2020-05-23 00:40:39');
insert into tasks (id, from_user, to_user, supervisor, company_id, task_discription, done_by_date, created_at, updateted_at) values (33, 7, 6, 2, 28, 'Mauris sit amet eros.', '2021-07-28 05:22:37', '2020-07-15 16:54:52', '2020-02-11 01:58:38');
insert into tasks (id, from_user, to_user, supervisor, company_id, task_discription, done_by_date, created_at, updateted_at) values (34, 11, 6, 16, 65, 'In hac habitasse platea dictumst. Aliquam augue quam, sollicitudin vitae, consectetuer eget, rutrum at, lorem. Integer tincidunt ante vel ipsum.', '2021-01-26 17:24:16', '2020-02-20 17:54:45', '2019-12-27 06:24:58');
insert into tasks (id, from_user, to_user, supervisor, company_id, task_discription, done_by_date, created_at, updateted_at) values (35, 19, 9, 15, 94, 'Cum sociis natoque penatibus et magnis dis parturient montes, nascetur ridiculus mus. Vivamus vestibulum sagittis sapien. Cum sociis natoque penatibus et magnis dis parturient montes, nascetur ridiculus mus.', '2021-04-11 08:02:14', '2019-11-27 02:25:15', '2020-07-02 14:42:28');
insert into tasks (id, from_user, to_user, supervisor, company_id, task_discription, done_by_date, created_at, updateted_at) values (36, 17, 6, 12, 60, 'Phasellus id sapien in sapien iaculis congue.', '2021-06-21 17:06:44', '2019-12-21 05:46:53', '2020-07-20 23:22:58');
insert into tasks (id, from_user, to_user, supervisor, company_id, task_discription, done_by_date, created_at, updateted_at) values (37, 3, 9, 3, 91, 'Nam nulla.', '2020-12-08 01:57:05', '2020-05-19 22:18:32', '2020-10-04 15:26:03');
insert into tasks (id, from_user, to_user, supervisor, company_id, task_discription, done_by_date, created_at, updateted_at) values (38, 13, 6, 18, 43, 'Morbi non quam nec dui luctus rutrum.', '2021-05-09 04:20:58', '2020-03-16 14:59:15', '2020-01-09 20:15:59');
insert into tasks (id, from_user, to_user, supervisor, company_id, task_discription, done_by_date, created_at, updateted_at) values (39, 15, 6, 4, 98, 'Vestibulum quam sapien, varius ut, blandit non, interdum in, ante. Vestibulum ante ipsum primis in faucibus orci luctus et ultrices posuere cubilia Curae; Duis faucibus accumsan odio. Curabitur convallis.', '2021-01-01 02:24:18', '2020-09-30 01:17:37', '2020-04-12 08:10:54');
insert into tasks (id, from_user, to_user, supervisor, company_id, task_discription, done_by_date, created_at, updateted_at) values (40, 19, 9, 3, 83, 'Maecenas leo odio, condimentum id, luctus nec, molestie sed, justo. Pellentesque viverra pede ac diam. Cras pellentesque volutpat dui.', '2021-09-11 20:48:01', '2020-09-02 07:50:39', '2020-03-15 07:58:20');

-- данные для leads
insert into leads (id, name, company_name, contact_name, manager_id, email, phone, created_at, updateted_at) values (1, 'Zemlak, Kris and Grady', 'Russel Group', 'Barbabas Ocheltree', 3, 'bocheltree0@freewebs.com', '1821377976', '2020-02-18 16:15:31', '2020-04-01 13:20:52');
insert into leads (id, name, company_name, contact_name, manager_id, email, phone, created_at, updateted_at) values (2, 'Mertz-Gulgowski', 'Runolfsdottir-Hegmann', 'Bobby Lamblot', 18, 'blamblot1@list-manage.com', '9648242229', '2019-11-13 02:48:22', '2020-01-06 20:59:12');
insert into leads (id, name, company_name, contact_name, manager_id, email, phone, created_at, updateted_at) values (3, 'Stracke-Johns', 'MacGyver-Wolff', 'Devondra Zukerman', 13, 'dzukerman2@sciencedirect.com', '2069267888', '2019-12-03 22:59:26', '2019-12-06 15:49:44');
insert into leads (id, name, company_name, contact_name, manager_id, email, phone, created_at, updateted_at) values (4, 'Ritchie-Rodriguez', 'Klein, Spinka and O''Keefe', 'Meta Abrahami', 3, 'mabrahami3@thetimes.co.uk', '6113617796', '2020-06-10 10:08:36', '2020-10-01 20:52:08');
insert into leads (id, name, company_name, contact_name, manager_id, email, phone, created_at, updateted_at) values (5, 'Braun, Abernathy and Koelpin', 'Rath, Glover and Monahan', 'Rafael Clayton', 19, 'rclayton4@blogger.com', '9776310264', '2020-04-30 01:52:58', '2020-05-30 00:52:43');
insert into leads (id, name, company_name, contact_name, manager_id, email, phone, created_at, updateted_at) values (6, 'Hansen and Sons', 'Harvey, Dooley and Bailey', 'Alphonse Schwieso', 2, 'aschwieso5@cocolog-nifty.com', '4131392531', '2020-09-04 14:15:54', '2020-06-07 04:31:16');
insert into leads (id, name, company_name, contact_name, manager_id, email, phone, created_at, updateted_at) values (7, 'Hills, Shanahan and Gleason', 'Legros, Wilkinson and Gerlach', 'Estevan Casserly', 1, 'ecasserly6@google.de', '9992613141', '2020-01-26 06:25:32', '2020-05-01 12:04:49');
insert into leads (id, name, company_name, contact_name, manager_id, email, phone, created_at, updateted_at) values (8, 'Maggio Group', 'Pouros, Fisher and Maggio', 'Billye Murrum', 9, 'bmurrum7@booking.com', '4954895389', '2020-10-23 09:43:24', '2019-11-23 03:52:24');
insert into leads (id, name, company_name, contact_name, manager_id, email, phone, created_at, updateted_at) values (9, 'Weissnat LLC', 'Boyle Inc', 'Erroll Copin', 14, 'ecopin8@wix.com', '8397636536', '2020-05-30 12:28:01', '2020-08-02 01:08:35');
insert into leads (id, name, company_name, contact_name, manager_id, email, phone, created_at, updateted_at) values (10, 'Marvin-Ward', 'Brakus LLC', 'Andrea Moens', 8, 'amoens9@wp.com', '2521762781', '2020-08-16 12:59:35', '2020-08-31 19:39:09');
insert into leads (id, name, company_name, contact_name, manager_id, email, phone, created_at, updateted_at) values (11, 'Roob and Sons', 'Huel, Schumm and Tremblay', 'Adara Pillifant', 15, 'apillifanta@seesaa.net', '3438273716', '2020-07-23 09:03:57', '2020-09-14 01:06:47');
insert into leads (id, name, company_name, contact_name, manager_id, email, phone, created_at, updateted_at) values (12, 'Doyle Inc', 'Kreiger-Bogan', 'Dewie Dows', 15, 'ddowsb@cpanel.net', '9343393259', '2020-03-06 22:08:13', '2020-03-26 00:03:48');
insert into leads (id, name, company_name, contact_name, manager_id, email, phone, created_at, updateted_at) values (13, 'Hessel LLC', 'Morar and Sons', 'Lion Jahnke', 11, 'ljahnkec@naver.com', '1581280387', '2020-01-26 02:13:01', '2020-07-06 00:36:12');
insert into leads (id, name, company_name, contact_name, manager_id, email, phone, created_at, updateted_at) values (14, 'Pagac LLC', 'Nikolaus, Marks and Zulauf', 'Chrissy Folcarelli', 20, 'cfolcarellid@1und1.de', '5911742005', '2020-09-04 01:29:35', '2019-11-18 21:40:38');
insert into leads (id, name, company_name, contact_name, manager_id, email, phone, created_at, updateted_at) values (15, 'Considine-Mills', 'Rogahn-DuBuque', 'Carroll Guppy', 9, 'cguppye@imdb.com', '2458670965', '2020-02-27 14:25:13', '2020-06-16 23:55:32');
insert into leads (id, name, company_name, contact_name, manager_id, email, phone, created_at, updateted_at) values (16, 'Hodkiewicz, Simonis and Marquardt', 'Bosco, Greenholt and Thompson', 'Bonita Casacchia', 9, 'bcasacchiaf@shutterfly.com', '7154928141', '2020-04-19 18:47:41', '2020-08-12 09:23:41');
insert into leads (id, name, company_name, contact_name, manager_id, email, phone, created_at, updateted_at) values (17, 'Ankunding, Kautzer and Goodwin', 'Satterfield, Mayert and Kuphal', 'Andriana Warmington', 6, 'awarmingtong@redcross.org', '7882180798', '2020-07-11 02:50:38', '2020-09-25 06:57:53');
insert into leads (id, name, company_name, contact_name, manager_id, email, phone, created_at, updateted_at) values (18, 'O''Connell, Koepp and Kerluke', 'Greenholt, Nikolaus and Tillman', 'Krishnah Cuppleditch', 17, 'kcuppleditchh@edublogs.org', '7498708925', '2020-02-27 04:13:20', '2020-06-03 20:41:47');
insert into leads (id, name, company_name, contact_name, manager_id, email, phone, created_at, updateted_at) values (19, 'Streich, Dietrich and Hoeger', 'VonRueden, Rowe and Hansen', 'Kary McLese', 13, 'kmclesei@unc.edu', '9516518996', '2020-09-15 02:28:22', '2020-01-04 11:55:06');
insert into leads (id, name, company_name, contact_name, manager_id, email, phone, created_at, updateted_at) values (20, 'Skiles-Osinski', 'Witting, Jones and Weissnat', 'Renault Kemer', 11, 'rkemerj@ask.com', '5126649769', '2020-10-14 12:23:18', '2020-07-19 03:46:56');
insert into leads (id, name, company_name, contact_name, manager_id, email, phone, created_at, updateted_at) values (21, 'Schinner-DuBuque', 'Ernser Inc', 'Flore Foffano', 9, 'ffoffanok@people.com.cn', '2488024391', '2020-04-15 10:29:46', '2020-08-03 19:36:45');
insert into leads (id, name, company_name, contact_name, manager_id, email, phone, created_at, updateted_at) values (22, 'Lakin Inc', 'Altenwerth-Wolf', 'Dido Sendall', 7, 'dsendalll@intel.com', '2367501097', '2020-07-17 03:16:42', '2020-01-06 17:08:32');
insert into leads (id, name, company_name, contact_name, manager_id, email, phone, created_at, updateted_at) values (23, 'Rohan, Roberts and Harvey', 'McCullough-Prosacco', 'Janessa Rawlin', 10, 'jrawlinm@parallels.com', '5852594372', '2019-11-08 08:56:14', '2020-01-23 20:58:55');
insert into leads (id, name, company_name, contact_name, manager_id, email, phone, created_at, updateted_at) values (24, 'Collier Inc', 'Greenfelder, Hane and Lebsack', 'Gillie Jaqueminet', 13, 'gjaqueminetn@sohu.com', '6099147010', '2020-06-06 09:03:54', '2020-01-05 10:17:19');
insert into leads (id, name, company_name, contact_name, manager_id, email, phone, created_at, updateted_at) values (25, 'Mohr, Prohaska and Skiles', 'Erdman LLC', 'Tracey Suller', 17, 'tsullero@java.com', '1629063515', '2020-10-16 04:57:21', '2020-04-14 03:46:54');
insert into leads (id, name, company_name, contact_name, manager_id, email, phone, created_at, updateted_at) values (26, 'Turner-Zemlak', 'Wiegand-Macejkovic', 'Giff Bunn', 6, 'gbunnp@samsung.com', '6389951234', '2020-01-22 10:09:10', '2020-08-04 06:58:16');
insert into leads (id, name, company_name, contact_name, manager_id, email, phone, created_at, updateted_at) values (27, 'Hodkiewicz LLC', 'Baumbach, Little and Dibbert', 'Kenneth Castangia', 16, 'kcastangiaq@bbb.org', '2178915935', '2020-06-05 23:07:14', '2020-08-01 02:52:39');
insert into leads (id, name, company_name, contact_name, manager_id, email, phone, created_at, updateted_at) values (28, 'Ritchie and Sons', 'Nicolas-Hirthe', 'Lalo Cardenoza', 19, 'lcardenozar@angelfire.com', '2422776520', '2020-06-06 04:36:09', '2020-02-18 09:49:46');
insert into leads (id, name, company_name, contact_name, manager_id, email, phone, created_at, updateted_at) values (29, 'Effertz Inc', 'Rowe, Lueilwitz and Bednar', 'Ainsley Colly', 8, 'acollys@flavors.me', '8815183197', '2020-07-06 08:09:31', '2020-10-09 21:23:38');
insert into leads (id, name, company_name, contact_name, manager_id, email, phone, created_at, updateted_at) values (30, 'Crooks, Carter and Bartell', 'Sanford LLC', 'Jemmy Blackman', 13, 'jblackmant@theguardian.com', '4017118379', '2019-12-27 00:20:10', '2020-02-15 21:44:40');
insert into leads (id, name, company_name, contact_name, manager_id, email, phone, created_at, updateted_at) values (31, 'Stark-Heller', 'Spinka-Moore', 'Dotty Blethyn', 14, 'dblethynu@java.com', '4955786953', '2020-08-05 10:37:46', '2020-03-08 21:41:18');
insert into leads (id, name, company_name, contact_name, manager_id, email, phone, created_at, updateted_at) values (32, 'Keeling-Boehm', 'Wolff, Stroman and Hoeger', 'Skipper McCaughen', 19, 'smccaughenv@godaddy.com', '8587686543', '2020-03-04 08:22:33', '2020-09-14 09:12:11');
insert into leads (id, name, company_name, contact_name, manager_id, email, phone, created_at, updateted_at) values (33, 'Rosenbaum-Beahan', 'Romaguera-Hilll', 'Trever Peron', 15, 'tperonw@nifty.com', '7133320182', '2020-09-19 17:11:32', '2020-04-24 21:04:59');
insert into leads (id, name, company_name, contact_name, manager_id, email, phone, created_at, updateted_at) values (34, 'Bauch, VonRueden and Jacobson', 'Nader and Sons', 'Vanna McSkeagan', 18, 'vmcskeaganx@intel.com', '2956802927', '2020-10-20 05:20:25', '2020-07-11 18:26:51');
insert into leads (id, name, company_name, contact_name, manager_id, email, phone, created_at, updateted_at) values (35, 'Sipes, Weissnat and Jakubowski', 'Wolff, Labadie and Cormier', 'Tova Spread', 19, 'tspready@spiegel.de', '1287650963', '2020-09-08 00:41:33', '2020-02-09 09:47:34');
insert into leads (id, name, company_name, contact_name, manager_id, email, phone, created_at, updateted_at) values (36, 'Oberbrunner LLC', 'Breitenberg-Hamill', 'Myranda Brettell', 5, 'mbrettellz@diigo.com', '6129718926', '2019-12-23 23:49:39', '2020-05-11 23:05:31');
insert into leads (id, name, company_name, contact_name, manager_id, email, phone, created_at, updateted_at) values (37, 'Mueller-Tillman', 'Schumm-Kunde', 'Katharine MacCourt', 7, 'kmaccourt10@pen.io', '7147071626', '2019-11-03 16:12:19', '2020-03-25 11:41:57');
insert into leads (id, name, company_name, contact_name, manager_id, email, phone, created_at, updateted_at) values (38, 'Schamberger-Corkery', 'Windler, Wiegand and Upton', 'Aveline Moscon', 18, 'amoscon11@indiegogo.com', '6579503455', '2020-10-11 14:29:48', '2019-11-09 13:50:59');
insert into leads (id, name, company_name, contact_name, manager_id, email, phone, created_at, updateted_at) values (39, 'Harris, Corkery and Zieme', 'Crona, Goodwin and Miller', 'Lucia Antonoyev', 12, 'lantonoyev12@clickbank.net', '1609713893', '2020-09-14 01:37:01', '2020-01-10 23:27:25');
insert into leads (id, name, company_name, contact_name, manager_id, email, phone, created_at, updateted_at) values (40, 'Bogan, Ziemann and Kiehn', 'Kuvalis-Parker', 'Reinwald Reeveley', 7, 'rreeveley13@google.fr', '4739655060', '2020-08-28 14:09:53', '2020-02-02 19:41:22');
insert into leads (id, name, company_name, contact_name, manager_id, email, phone, created_at, updateted_at) values (41, 'Mosciski LLC', 'Hyatt Group', 'Batholomew Jeffers', 19, 'bjeffers14@foxnews.com', '4672802082', '2020-03-14 23:28:53', '2020-04-15 17:38:21');
insert into leads (id, name, company_name, contact_name, manager_id, email, phone, created_at, updateted_at) values (42, 'Marvin, McKenzie and Ferry', 'Barton, Pfeffer and Stiedemann', 'Garvy McGuinley', 12, 'gmcguinley15@mysql.com', '6832174743', '2020-06-05 15:09:30', '2020-08-04 19:12:13');
insert into leads (id, name, company_name, contact_name, manager_id, email, phone, created_at, updateted_at) values (43, 'Jones Inc', 'Lindgren-Towne', 'Brock Ollander', 6, 'bollander16@europa.eu', '2284076094', '2020-06-20 14:02:47', '2020-07-17 03:20:12');
insert into leads (id, name, company_name, contact_name, manager_id, email, phone, created_at, updateted_at) values (44, 'Hartmann-Zboncak', 'Schulist Group', 'Timothy Klaffs', 5, 'tklaffs17@storify.com', '7683946325', '2020-03-14 12:47:39', '2019-12-18 23:21:46');
insert into leads (id, name, company_name, contact_name, manager_id, email, phone, created_at, updateted_at) values (45, 'Cartwright, Smith and Anderson', 'Rosenbaum-Ziemann', 'Eleanore Alderton', 16, 'ealderton18@nhs.uk', '4599392126', '2020-05-29 04:05:54', '2020-08-09 06:42:32');
insert into leads (id, name, company_name, contact_name, manager_id, email, phone, created_at, updateted_at) values (46, 'Quigley, Pfeffer and Gaylord', 'Flatley Group', 'Fraser Gritton', 19, 'fgritton19@drupal.org', '1252264624', '2019-11-06 00:17:57', '2020-01-20 07:16:58');
insert into leads (id, name, company_name, contact_name, manager_id, email, phone, created_at, updateted_at) values (47, 'Breitenberg LLC', 'Bruen-Frami', 'Staci Scimone', 17, 'sscimone1a@1688.com', '7503079426', '2020-04-26 06:25:31', '2020-03-11 04:00:03');
insert into leads (id, name, company_name, contact_name, manager_id, email, phone, created_at, updateted_at) values (48, 'McGlynn, Fritsch and Kshlerin', 'O''Hara, Koelpin and White', 'Nananne Dodshon', 19, 'ndodshon1b@sakura.ne.jp', '8241979186', '2020-02-10 00:32:34', '2020-02-22 20:22:55');
insert into leads (id, name, company_name, contact_name, manager_id, email, phone, created_at, updateted_at) values (49, 'Hegmann and Sons', 'Bartoletti, Bartell and Grady', 'Nolana Whitcombe', 16, 'nwhitcombe1c@studiopress.com', '5687522537', '2020-05-15 21:25:26', '2020-06-28 07:50:52');
insert into leads (id, name, company_name, contact_name, manager_id, email, phone, created_at, updateted_at) values (50, 'Braun, Thiel and Kautzer', 'Homenick, Kuhn and Runolfsson', 'Homerus Jerrome', 11, 'hjerrome1d@tiny.cc', '4092827860', '2020-05-24 21:05:19', '2020-05-17 09:50:16');
-
insert into leads (id, name, company_name, contact_name, manager_id, email, created_at, updateted_at) values (51, 'Тестовый лид', 'ООО Ромашка', 'Иван Иванов', 2, 'test@mail.ru', '2020-05-21 21:05:19', '2020-05-18 09:50:16');
insert into leads (id, name, company_name, contact_name, manager_id, created_at, updateted_at) values (52, 'Второй тестовый лид', 'ООО Солнышко', 'Петр Петрович', 1, '2020-05-21 21:05:19', '2020-05-18 09:50:16');
-- база для deals
insert into deals (id, name, deal_amount, company_id, contact_id, manager_id, products_in_deal_1, qty_product_1, products_in_deal_2, qty_product_2, products_in_deal_3, qty_product_3, products_in_deal_4, qty_product_4, stage, created_at, updateted_at) values (1, 'Independent Bank Corp.', 53264, 16, 76, 4, 43, 1, 54, 8, 71, 9, 147, 47, 'contract', '2020-06-27 06:12:28', '2020-06-15 23:30:54');
insert into deals (id, name, deal_amount, company_id, contact_id, manager_id, products_in_deal_1, qty_product_1, products_in_deal_2, qty_product_2, products_in_deal_3, qty_product_3, products_in_deal_4, qty_product_4, stage, created_at, updateted_at) values (2, 'T-Mobile US, Inc.', 32478, 121, 45, 16, 89, 9, 100, 1, 75, 1, 109, 11, 'contract', '2020-07-24 13:25:18', '2019-11-13 03:48:54');
insert into deals (id, name, deal_amount, company_id, contact_id, manager_id, products_in_deal_1, qty_product_1, products_in_deal_2, qty_product_2, products_in_deal_3, qty_product_3, products_in_deal_4, qty_product_4, stage, created_at, updateted_at) values (3, 'CAI International, Inc.', 40174, 89, 153, 6, 74, 4, 7, 3, 108, 10, 88, 49, 'analytics', '2020-01-24 19:18:54', '2020-02-09 17:22:27');
insert into deals (id, name, deal_amount, company_id, contact_id, manager_id, products_in_deal_1, qty_product_1, products_in_deal_2, qty_product_2, products_in_deal_3, qty_product_3, products_in_deal_4, qty_product_4, stage, created_at, updateted_at) values (4, 'Cardinal Health, Inc.', 44408, 59, 27, 20, 50, 10, 74, 7, 94, 3, 25, 41, 'contract', '2020-01-18 05:18:54', '2020-06-21 15:16:34');
insert into deals (id, name, deal_amount, company_id, contact_id, manager_id, products_in_deal_1, qty_product_1, products_in_deal_2, qty_product_2, products_in_deal_3, qty_product_3, products_in_deal_4, qty_product_4, stage, created_at, updateted_at) values (5, 'Formula Systems (1985) Ltd.', 95644, 109, 42, 18, 39, 3, 125, 4, 14, 1, 124, 10, 'making decision', '2020-02-03 00:03:03', '2020-02-15 01:46:11');
insert into deals (id, name, deal_amount, company_id, contact_id, manager_id, products_in_deal_1, qty_product_1, products_in_deal_2, qty_product_2, products_in_deal_3, qty_product_3, products_in_deal_4, qty_product_4, stage, created_at, updateted_at) values (6, 'China Tech Communication Technology Limited', 26711, 57, 279, 10, 46, 2, 7, 2, 126, 7, 79, 7, 'testing', '2020-09-02 05:35:21', '2020-06-06 12:14:08');
insert into deals (id, name, deal_amount, company_id, contact_id, manager_id, products_in_deal_1, qty_product_1, products_in_deal_2, qty_product_2, products_in_deal_3, qty_product_3, products_in_deal_4, qty_product_4, stage, created_at, updateted_at) values (7, 'Allstate Corporation (The)', 98636, 49, 169, 8, 88, 9, 24, 9, 15, 5, 26, 16, 'contract', '2020-05-30 19:55:36', '2020-10-10 14:22:51');
insert into deals (id, name, deal_amount, company_id, contact_id, manager_id, products_in_deal_1, qty_product_1, products_in_deal_2, qty_product_2, products_in_deal_3, qty_product_3, products_in_deal_4, qty_product_4, stage, created_at, updateted_at) values (8, 'The Habit Restaurants, Inc.', 59613, 21, 18, 14, 108, 4, 48, 8, 18, 3, 82, 24, 'testing', '2020-06-07 13:57:40', '2020-09-13 06:51:11');
insert into deals (id, name, deal_amount, company_id, contact_id, manager_id, products_in_deal_1, qty_product_1, products_in_deal_2, qty_product_2, products_in_deal_3, qty_product_3, products_in_deal_4, qty_product_4, stage, created_at, updateted_at) values (9, 'Select Bancorp, Inc.', 24257, 125, 126, 15, 136, 4, 134, 7, 122, 10, 72, 40, 'analytics', '2020-03-07 22:16:38', '2020-03-07 20:25:28');
insert into deals (id, name, deal_amount, company_id, contact_id, manager_id, products_in_deal_1, qty_product_1, products_in_deal_2, qty_product_2, products_in_deal_3, qty_product_3, products_in_deal_4, qty_product_4, stage, created_at, updateted_at) values (10, 'Shore Bancshares Inc', 64580, 141, 190, 3, 68, 4, 64, 10, 120, 5, 67, 35, 'contract', '2020-01-04 23:44:07', '2019-11-28 21:18:39');
insert into deals (id, name, deal_amount, company_id, contact_id, manager_id, products_in_deal_1, qty_product_1, products_in_deal_2, qty_product_2, products_in_deal_3, qty_product_3, products_in_deal_4, qty_product_4, stage, created_at, updateted_at) values (11, 'ONEOK Partners, L.P.', 12237, 101, 296, 7, 128, 1, 115, 9, 140, 9, 120, 18, 'making decision', '2020-05-15 07:56:08', '2020-07-04 12:58:33');
insert into deals (id, name, deal_amount, company_id, contact_id, manager_id, products_in_deal_1, qty_product_1, products_in_deal_2, qty_product_2, products_in_deal_3, qty_product_3, products_in_deal_4, qty_product_4, stage, created_at, updateted_at) values (12, 'Boston Private Financial Holdings, Inc.', 79517, 64, 31, 18, 10, 1, 28, 4, 51, 1, 137, 45, 'contract', '2020-05-09 03:38:15', '2020-10-03 00:44:39');
insert into deals (id, name, deal_amount, company_id, contact_id, manager_id, products_in_deal_1, qty_product_1, products_in_deal_2, qty_product_2, products_in_deal_3, qty_product_3, products_in_deal_4, qty_product_4, stage, created_at, updateted_at) values (13, 'CBL & Associates Properties, Inc.', 62625, 48, 237, 18, 43, 2, 22, 10, 128, 9, 39, 49, 'testing', '2020-06-18 17:50:28', '2020-01-19 05:20:05');
insert into deals (id, name, deal_amount, company_id, contact_id, manager_id, products_in_deal_1, qty_product_1, products_in_deal_2, qty_product_2, products_in_deal_3, qty_product_3, products_in_deal_4, qty_product_4, stage, created_at, updateted_at) values (14, 'MGM Growth Properties LLC', 89061, 5, 179, 6, 35, 3, 150, 1, 141, 1, 42, 36, 'making decision', '2020-08-02 15:17:58', '2020-08-31 05:34:28');
insert into deals (id, name, deal_amount, company_id, contact_id, manager_id, products_in_deal_1, qty_product_1, products_in_deal_2, qty_product_2, products_in_deal_3, qty_product_3, products_in_deal_4, qty_product_4, stage, created_at, updateted_at) values (15, 'SilverSun Technologies, Inc.', 2935, 115, 256, 8, 74, 3, 36, 1, 114, 9, 126, 34, 'paused', '2020-09-07 03:13:14', '2020-06-20 20:41:10');
insert into deals (id, name, deal_amount, company_id, contact_id, manager_id, products_in_deal_1, qty_product_1, products_in_deal_2, qty_product_2, products_in_deal_3, qty_product_3, products_in_deal_4, qty_product_4, stage, created_at, updateted_at) values (16, 'Rayonier Advanced Materials Inc.', 32944, 143, 32, 10, 35, 7, 147, 3, 99, 1, 144, 23, 'making decision', '2020-02-18 05:04:31', '2020-04-20 07:54:46');
insert into deals (id, name, deal_amount, company_id, contact_id, manager_id, products_in_deal_1, qty_product_1, products_in_deal_2, qty_product_2, products_in_deal_3, qty_product_3, products_in_deal_4, qty_product_4, stage, created_at, updateted_at) values (17, 'Allegiance Bancshares, Inc.', 49535, 23, 13, 17, 59, 5, 111, 4, 7, 1, 143, 31, 'canceled', '2020-09-16 16:48:38', '2019-11-01 01:18:41');
insert into deals (id, name, deal_amount, company_id, contact_id, manager_id, products_in_deal_1, qty_product_1, products_in_deal_2, qty_product_2, products_in_deal_3, qty_product_3, products_in_deal_4, qty_product_4, stage, created_at, updateted_at) values (18, 'Q2 Holdings, Inc.', 65251, 83, 277, 1, 27, 1, 52, 7, 101, 2, 117, 21, 'contract', '2020-04-24 11:42:07', '2020-03-11 12:26:57');
insert into deals (id, name, deal_amount, company_id, contact_id, manager_id, products_in_deal_1, qty_product_1, products_in_deal_2, qty_product_2, products_in_deal_3, qty_product_3, products_in_deal_4, qty_product_4, stage, created_at, updateted_at) values (19, 'Amplify Snack Brands, inc.', 36931, 83, 256, 18, 37, 6, 134, 5, 84, 5, 83, 49, 'pre-sale', '2020-08-01 03:58:06', '2020-06-13 05:00:09');
insert into deals (id, name, deal_amount, company_id, contact_id, manager_id, products_in_deal_1, qty_product_1, products_in_deal_2, qty_product_2, products_in_deal_3, qty_product_3, products_in_deal_4, qty_product_4, stage, created_at, updateted_at) values (20, 'United States Cellular Corporation', 78723, 143, 76, 17, 121, 4, 59, 8, 34, 9, 56, 19, 'contract', '2020-06-01 05:51:47', '2020-04-12 01:04:44');
insert into deals (id, name, deal_amount, company_id, contact_id, manager_id, products_in_deal_1, qty_product_1, products_in_deal_2, qty_product_2, products_in_deal_3, qty_product_3, products_in_deal_4, qty_product_4, stage, created_at, updateted_at) values (21, 'Gartner, Inc.', 98195, 43, 110, 5, 81, 5, 106, 1, 42, 2, 1, 24, 'cold', '2020-08-19 09:16:21', '2020-01-01 16:00:33');
insert into deals (id, name, deal_amount, company_id, contact_id, manager_id, products_in_deal_1, qty_product_1, products_in_deal_2, qty_product_2, products_in_deal_3, qty_product_3, products_in_deal_4, qty_product_4, stage, created_at, updateted_at) values (22, 'M I Acquisitions, Inc.', 59636, 49, 227, 8, 71, 5, 99, 4, 99, 4, 87, 3, 'cold', '2020-03-19 17:18:16', '2020-02-07 14:42:59');
insert into deals (id, name, deal_amount, company_id, contact_id, manager_id, products_in_deal_1, qty_product_1, products_in_deal_2, qty_product_2, products_in_deal_3, qty_product_3, products_in_deal_4, qty_product_4, stage, created_at, updateted_at) values (23, 'Global Eagle Entertainment Inc.', 22975, 136, 160, 14, 2, 7, 71, 10, 141, 7, 29, 44, 'canceled', '2020-02-25 06:17:53', '2020-03-11 07:51:34');
insert into deals (id, name, deal_amount, company_id, contact_id, manager_id, products_in_deal_1, qty_product_1, products_in_deal_2, qty_product_2, products_in_deal_3, qty_product_3, products_in_deal_4, qty_product_4, stage, created_at, updateted_at) values (24, 'Formula Systems (1985) Ltd.', 65342, 80, 19, 12, 44, 7, 80, 10, 59, 5, 105, 38, 'canceled', '2020-03-02 17:01:18', '2020-10-04 12:20:10');
insert into deals (id, name, deal_amount, company_id, contact_id, manager_id, products_in_deal_1, qty_product_1, products_in_deal_2, qty_product_2, products_in_deal_3, qty_product_3, products_in_deal_4, qty_product_4, stage, created_at, updateted_at) values (25, 'Fidelity National Financial, Inc.', 34211, 93, 271, 14, 146, 1, 58, 8, 134, 6, 15, 25, 'paused', '2020-07-16 22:24:21', '2020-01-22 17:32:17');
insert into deals (id, name, deal_amount, company_id, contact_id, manager_id, products_in_deal_1, qty_product_1, products_in_deal_2, qty_product_2, products_in_deal_3, qty_product_3, products_in_deal_4, qty_product_4, stage, created_at, updateted_at) values (26, 'First Trust Global Opportunity Income Fund', 95113, 146, 52, 19, 143, 6, 92, 10, 122, 1, 50, 18, 'paused', '2020-05-30 21:22:39', '2019-11-16 08:27:11');
insert into deals (id, name, deal_amount, company_id, contact_id, manager_id, products_in_deal_1, qty_product_1, products_in_deal_2, qty_product_2, products_in_deal_3, qty_product_3, products_in_deal_4, qty_product_4, stage, created_at, updateted_at) values (27, 'EPR Properties', 69626, 44, 102, 14, 79, 2, 85, 3, 147, 10, 35, 22, 'canceled', '2020-09-21 12:36:07', '2020-07-05 17:39:52');
insert into deals (id, name, deal_amount, company_id, contact_id, manager_id, products_in_deal_1, qty_product_1, products_in_deal_2, qty_product_2, products_in_deal_3, qty_product_3, products_in_deal_4, qty_product_4, stage, created_at, updateted_at) values (28, 'Healthcare Trust of America, Inc.', 38376, 26, 236, 5, 108, 5, 126, 6, 79, 1, 76, 46, 'contract', '2019-12-28 21:11:00', '2019-11-21 09:42:27');
insert into deals (id, name, deal_amount, company_id, contact_id, manager_id, products_in_deal_1, qty_product_1, products_in_deal_2, qty_product_2, products_in_deal_3, qty_product_3, products_in_deal_4, qty_product_4, stage, created_at, updateted_at) values (29, 'First Trust Strategic Income ETF', 50029, 135, 88, 8, 104, 1, 68, 1, 122, 3, 29, 30, 'cold', '2020-06-08 17:05:10', '2020-03-16 21:15:40');
insert into deals (id, name, deal_amount, company_id, contact_id, manager_id, products_in_deal_1, qty_product_1, products_in_deal_2, qty_product_2, products_in_deal_3, qty_product_3, products_in_deal_4, qty_product_4, stage, created_at, updateted_at) values (30, 'European Equity Fund, Inc. (The)', 85114, 57, 132, 7, 46, 1, 11, 3, 129, 4, 138, 10, 'paused', '2020-10-13 04:38:16', '2020-10-04 23:26:05');
insert into deals (id, name, deal_amount, company_id, contact_id, manager_id, products_in_deal_1, qty_product_1, products_in_deal_2, qty_product_2, products_in_deal_3, qty_product_3, products_in_deal_4, qty_product_4, stage, created_at, updateted_at) values (31, 'Arbor Realty Trust', 76633, 21, 133, 9, 59, 10, 55, 7, 74, 2, 141, 2, 'cold', '2020-05-03 05:40:58', '2020-06-26 04:38:21');
insert into deals (id, name, deal_amount, company_id, contact_id, manager_id, products_in_deal_1, qty_product_1, products_in_deal_2, qty_product_2, products_in_deal_3, qty_product_3, products_in_deal_4, qty_product_4, stage, created_at, updateted_at) values (32, 'Apollo Endosurgery, Inc.', 61812, 72, 247, 11, 38, 8, 83, 3, 123, 6, 75, 36, 'analytics', '2020-10-18 13:53:58', '2019-11-29 19:12:57');
insert into deals (id, name, deal_amount, company_id, contact_id, manager_id, products_in_deal_1, qty_product_1, products_in_deal_2, qty_product_2, products_in_deal_3, qty_product_3, products_in_deal_4, qty_product_4, stage, created_at, updateted_at) values (33, 'MaxLinear, Inc', 25879, 31, 173, 8, 66, 5, 66, 9, 39, 8, 18, 22, 'canceled', '2020-03-01 08:49:51', '2020-08-06 17:02:57');
insert into deals (id, name, deal_amount, company_id, contact_id, manager_id, products_in_deal_1, qty_product_1, products_in_deal_2, qty_product_2, products_in_deal_3, qty_product_3, products_in_deal_4, qty_product_4, stage, created_at, updateted_at) values (34, 'Toronto Dominion Bank (The)', 26333, 115, 262, 19, 70, 6, 9, 8, 20, 1, 148, 40, 'analytics', '2020-06-25 02:24:32', '2020-02-11 14:25:19');
insert into deals (id, name, deal_amount, company_id, contact_id, manager_id, products_in_deal_1, qty_product_1, products_in_deal_2, qty_product_2, products_in_deal_3, qty_product_3, products_in_deal_4, qty_product_4, stage, created_at, updateted_at) values (35, 'iRadimed Corporation', 3695, 119, 229, 20, 87, 3, 66, 10, 37, 5, 79, 48, 'contract', '2020-05-08 23:10:13', '2020-05-22 22:56:41');
insert into deals (id, name, deal_amount, company_id, contact_id, manager_id, products_in_deal_1, qty_product_1, products_in_deal_2, qty_product_2, products_in_deal_3, qty_product_3, products_in_deal_4, qty_product_4, stage, created_at, updateted_at) values (36, 'RELX PLC', 93917, 51, 24, 16, 133, 2, 68, 2, 92, 6, 69, 30, 'canceled', '2019-11-05 10:36:18', '2020-03-23 09:13:06');
insert into deals (id, name, deal_amount, company_id, contact_id, manager_id, products_in_deal_1, qty_product_1, products_in_deal_2, qty_product_2, products_in_deal_3, qty_product_3, products_in_deal_4, qty_product_4, stage, created_at, updateted_at) values (37, 'Universal Stainless & Alloy Products, Inc.', 9284, 106, 25, 6, 12, 2, 133, 1, 76, 3, 123, 44, 'paused', '2020-02-13 23:00:16', '2020-04-11 00:37:28');
insert into deals (id, name, deal_amount, company_id, contact_id, manager_id, products_in_deal_1, qty_product_1, products_in_deal_2, qty_product_2, products_in_deal_3, qty_product_3, products_in_deal_4, qty_product_4, stage, created_at, updateted_at) values (38, 'Sempra Energy', 94337, 111, 156, 1, 105, 6, 16, 1, 35, 5, 130, 38, 'analytics', '2020-07-09 11:01:49', '2020-04-24 08:34:33');
insert into deals (id, name, deal_amount, company_id, contact_id, manager_id, products_in_deal_1, qty_product_1, products_in_deal_2, qty_product_2, products_in_deal_3, qty_product_3, products_in_deal_4, qty_product_4, stage, created_at, updateted_at) values (39, 'DarioHealth Corp.', 54010, 2, 115, 20, 16, 4, 131, 6, 40, 10, 94, 43, 'paused', '2020-08-02 03:03:10', '2020-06-24 04:58:14');
insert into deals (id, name, deal_amount, company_id, contact_id, manager_id, products_in_deal_1, qty_product_1, products_in_deal_2, qty_product_2, products_in_deal_3, qty_product_3, products_in_deal_4, qty_product_4, stage, created_at, updateted_at) values (40, 'Duff & Phelps Utility & Corporate Bond Trust, Inc.', 79679, 97, 214, 19, 17, 9, 85, 6, 7, 4, 144, 48, 'cold', '2019-12-25 23:14:51', '2019-10-28 22:32:02');
insert into deals (id, name, deal_amount, company_id, contact_id, manager_id, products_in_deal_1, qty_product_1, products_in_deal_2, qty_product_2, products_in_deal_3, qty_product_3, products_in_deal_4, qty_product_4, stage, created_at, updateted_at) values (41, 'Gabelli Global Small and Mid Cap Value Trust (The)', 9817, 4, 124, 4, 145, 7, 40, 9, 27, 6, 41, 5, 'making decision', '2020-01-04 04:12:00', '2020-10-14 15:29:42');
insert into deals (id, name, deal_amount, company_id, contact_id, manager_id, products_in_deal_1, qty_product_1, products_in_deal_2, qty_product_2, products_in_deal_3, qty_product_3, products_in_deal_4, qty_product_4, stage, created_at, updateted_at) values (42, 'J P Morgan Chase & Co', 60292, 142, 100, 12, 21, 2, 138, 7, 3, 5, 92, 41, 'analytics', '2020-02-18 21:03:31', '2020-04-18 10:16:15');
insert into deals (id, name, deal_amount, company_id, contact_id, manager_id, products_in_deal_1, qty_product_1, products_in_deal_2, qty_product_2, products_in_deal_3, qty_product_3, products_in_deal_4, qty_product_4, stage, created_at, updateted_at) values (43, 'American Software, Inc.', 5722, 120, 96, 13, 95, 5, 72, 5, 20, 1, 37, 1, 'cold', '2020-10-06 18:32:21', '2020-01-07 04:15:16');
insert into deals (id, name, deal_amount, company_id, contact_id, manager_id, products_in_deal_1, qty_product_1, products_in_deal_2, qty_product_2, products_in_deal_3, qty_product_3, products_in_deal_4, qty_product_4, stage, created_at, updateted_at) values (44, 'Kelly Services, Inc.', 24009, 31, 65, 17, 19, 1, 64, 1, 86, 6, 143, 46, 'contract', '2019-12-28 03:54:28', '2020-10-19 15:34:06');
insert into deals (id, name, deal_amount, company_id, contact_id, manager_id, products_in_deal_1, qty_product_1, products_in_deal_2, qty_product_2, products_in_deal_3, qty_product_3, products_in_deal_4, qty_product_4, stage, created_at, updateted_at) values (45, 'Ivy NextShares', 10607, 44, 224, 8, 24, 4, 122, 10, 55, 8, 109, 29, 'contract', '2020-09-06 02:31:26', '2020-07-25 17:39:47');
insert into deals (id, name, deal_amount, company_id, contact_id, manager_id, products_in_deal_1, qty_product_1, products_in_deal_2, qty_product_2, products_in_deal_3, qty_product_3, products_in_deal_4, qty_product_4, stage, created_at, updateted_at) values (46, 'Federal Agricultural Mortgage Corporation', 25799, 9, 275, 6, 5, 7, 4, 9, 30, 9, 83, 12, 'paused', '2020-02-18 13:45:54', '2020-08-15 07:30:39');
insert into deals (id, name, deal_amount, company_id, contact_id, manager_id, products_in_deal_1, qty_product_1, products_in_deal_2, qty_product_2, products_in_deal_3, qty_product_3, products_in_deal_4, qty_product_4, stage, created_at, updateted_at) values (47, 'Kadant Inc', 87053, 12, 207, 8, 84, 3, 37, 5, 66, 1, 92, 36, 'contract', '2019-12-15 00:32:45', '2020-04-16 00:16:48');
insert into deals (id, name, deal_amount, company_id, contact_id, manager_id, products_in_deal_1, qty_product_1, products_in_deal_2, qty_product_2, products_in_deal_3, qty_product_3, products_in_deal_4, qty_product_4, stage, created_at, updateted_at) values (48, 'Vanguard Total International Stock ETF', 63013, 104, 63, 13, 89, 7, 105, 4, 110, 8, 27, 21, 'contract', '2020-05-24 07:02:35', '2020-08-04 19:14:00');
insert into deals (id, name, deal_amount, company_id, contact_id, manager_id, products_in_deal_1, qty_product_1, products_in_deal_2, qty_product_2, products_in_deal_3, qty_product_3, products_in_deal_4, qty_product_4, stage, created_at, updateted_at) values (49, 'Baldwin & Lyons, Inc.', 4388, 113, 209, 17, 48, 7, 29, 4, 110, 7, 24, 10, 'canceled', '2020-02-13 01:53:05', '2020-02-10 01:48:08');
insert into deals (id, name, deal_amount, company_id, contact_id, manager_id, products_in_deal_1, qty_product_1, products_in_deal_2, qty_product_2, products_in_deal_3, qty_product_3, products_in_deal_4, qty_product_4, stage, created_at, updateted_at) values (50, 'Nexeo Solutions, Inc.', 30085, 101, 201, 5, 27, 8, 19, 5, 30, 7, 134, 50, 'paused', '2020-05-14 23:10:04', '2019-11-08 12:42:39');
insert into deals (id, name, deal_amount, company_id, contact_id, manager_id, products_in_deal_1, qty_product_1, products_in_deal_2, qty_product_2, products_in_deal_3, qty_product_3, products_in_deal_4, qty_product_4, stage, created_at, updateted_at) values (51, 'Federated Premier Municipal Income Fund', 43205, 113, 191, 4, 68, 4, 137, 10, 4, 1, 127, 18, 'paused', '2020-03-16 03:42:16', '2020-07-01 07:21:47');
insert into deals (id, name, deal_amount, company_id, contact_id, manager_id, products_in_deal_1, qty_product_1, products_in_deal_2, qty_product_2, products_in_deal_3, qty_product_3, products_in_deal_4, qty_product_4, stage, created_at, updateted_at) values (52, 'Landcadia Holdings, Inc.', 38831, 33, 278, 15, 120, 9, 147, 5, 131, 3, 30, 45, 'contract', '2020-08-30 21:24:54', '2020-02-01 16:45:30');
insert into deals (id, name, deal_amount, company_id, contact_id, manager_id, products_in_deal_1, qty_product_1, products_in_deal_2, qty_product_2, products_in_deal_3, qty_product_3, products_in_deal_4, qty_product_4, stage, created_at, updateted_at) values (53, 'Summit Hotel Properties, Inc.', 61049, 60, 258, 12, 149, 5, 108, 3, 46, 3, 68, 10, 'contract', '2020-08-20 07:34:57', '2020-07-01 03:44:45');
insert into deals (id, name, deal_amount, company_id, contact_id, manager_id, products_in_deal_1, qty_product_1, products_in_deal_2, qty_product_2, products_in_deal_3, qty_product_3, products_in_deal_4, qty_product_4, stage, created_at, updateted_at) values (54, 'Blackrock MuniEnhanced Fund, Inc.', 61989, 92, 180, 3, 59, 1, 90, 5, 129, 10, 6, 8, 'testing', '2019-11-12 17:59:01', '2020-05-03 05:29:04');
insert into deals (id, name, deal_amount, company_id, contact_id, manager_id, products_in_deal_1, qty_product_1, products_in_deal_2, qty_product_2, products_in_deal_3, qty_product_3, products_in_deal_4, qty_product_4, stage, created_at, updateted_at) values (55, 'SL Green Realty Corporation', 17202, 17, 230, 18, 110, 2, 26, 2, 21, 10, 8, 50, 'canceled', '2020-04-10 07:42:48', '2019-11-19 06:44:11');


-- ****** ЧАСТЫЕ ЗАПРОСЫ *******
Select * from users where user_role='sales manager';

-- Выбрать сделки выше определенной суммы на определенном этапе сделки.
SELECT name, deal_amount FROM deals where deal_amount > 10000 and stage='contract';

-- Сумма сделки в разрезе менеджеров
SELECT CONCAT(u.name, ' ', u.surname), d.deal_amount total FROM deals d
join users u
on d.manager_id = u.id
ORDER by total DESC;

-- Ссума сделок в разрезе каждого статуса
SELECT stage, SUM(deal_amount) total FROM deals GROUP BY stage ORDER BY total DESC; 


-- Вывести компании на которые не заведены сделки(доделать)
SELECT DISTINCT company_id from deals d; 
union
SELECT name from leads l2; 


-- ****** ПРЕДСТАВЛЕНИЯ *******
-- Выборка для проведения pipeline с менеджерами
CREATE OR REPLACE VIEW pipeline AS 
SELECT d.name deal, d.deal_amount total, stage, CONCAT(u.name, ' ', u.surname) manager FROM deals d
join users u
on d.manager_id = u.id
ORDER by manager;



-- ****** ТРИГГЕРЫ *******
-- Триггеры для контроля заполнения контактов в лидах
DELIMITER //
DROP TRIGGER IF EXISTS contact_required;
CREATE TRIGGER contact_required BEFORE INSERT ON leads
FOR EACH ROW
BEGIN
	IF (NEW.phone) is NULL AND NEW.email is NULL THEN
		SIGNAL SQLSTATE '45000' SET MESSAGE_TEXT = 'Need to provide contact information';
	END IF;
END//
DELIMITER ;
-- проверка
insert into leads (id, name, company_name, contact_name, manager_id, created_at, updateted_at) values (52, 'Второй тестовый лид', 'ООО Солнышко', 'Петр Петрович', 1, '2020-05-21 21:05:19', '2020-05-18 09:50:16');


-- ****** ПРОЦЕДУРЫ *******
-- Перевод из лида в сделку. Если обработка лида заканчивается статусом 'contract' должна автоматом создаваться сделка в таблице deals. 
DROP PROCEDURE IF EXISTS lead_to_deal;
CREATE PROCEDURE lead_to_deal
BEGIN
	
END
-- проверка
